LTspice 26.0.2 for Windows
Circuit: C:\Users\Guo_JT\Documents\LTspice\Draft4.net
Start Time: Fri Jun 12 23:20:39 2026
Options:reltol=0.003 abstol=1e-9 gmin=1e-12 cshunt=1e-12
solver = Normal
Maximum thread count: 16
tnom = 27
temp = 27
method = trap
abstol = 1e-09
reltol = 0.003
C7: Increased Cpar to 1e-10
Warning: Pd = 0 is less than W.
Warning: Ps = 0 is less than W.
d_d4: Emission coefficient, N=1e-06, too small, this might lead to numerical problems.
d_d1: Emission coefficient, N=0.001, too small, this might lead to numerical problems.
dd: Emission coefficient, N=0.001, too small, this might lead to numerical problems.
dclp: Emission coefficient, N=0.001, too small, this might lead to numerical problems.
Direct Newton iteration failed to find operating point.
Starting Gmin stepping
Gmin stepping failed to find operating point. Use".option gminsteps=0" to skip all Gmin stepping.
Starting source stepping with srcstepmethod=0
Source stepping succeeded in finding the operating point.

Warning: Simulation tolerance relaxed to achieve convergence from 3.1359288142053887e-05 to 3.1359288142054890e-05 seconds.
Warning: Simulation tolerance relaxed to achieve convergence from 5.6963368493148481e-05 to 5.6963368493149483e-05 seconds.
Warning: Simulation tolerance relaxed to achieve convergence from 1.1137198915004853e-04 to 1.1137198915004954e-04 seconds.
Warning: Simulation tolerance relaxed to achieve convergence from 1.2802521918770833e-04 to 1.2802521918770933e-04 seconds.
Warning: Simulation tolerance relaxed to achieve convergence from 2.2716331455633869e-04 to 2.2716331455633970e-04 seconds.
Warning: Simulation tolerance relaxed to achieve convergence from 2.3813075527612216e-04 to 2.3813075527612316e-04 seconds.
Warning: Simulation tolerance relaxed to achieve convergence from 2.3813075527624451e-04 to 2.3813075527624552e-04 seconds.
Warning: Simulation tolerance relaxed to achieve convergence from 2.3813075527627460e-04 to 2.3813075527627560e-04 seconds.
Warning: Simulation tolerance relaxed to achieve convergence from 2.3813075527630870e-04 to 2.3813075527630970e-04 seconds.
Warning: Simulation tolerance relaxed to achieve convergence from 2.3813075527633277e-04 to 2.3813075527633377e-04 seconds.
Warning: Simulation tolerance relaxed to achieve convergence from 2.3813075527636486e-04 to 2.3813075527636586e-04 seconds.
Warning: Simulation tolerance relaxed to achieve convergence from 2.3813075527637288e-04 to 2.3813075527637388e-04 seconds.
Warning: Simulation tolerance relaxed to achieve convergence from 2.3813075527654237e-04 to 2.3813075527654337e-04 seconds.
Warning: Simulation tolerance relaxed to achieve convergence from 2.3813075527655440e-04 to 2.3813075527655541e-04 seconds.
Warning: Simulation tolerance relaxed to achieve convergence from 2.3813075527657346e-04 to 2.3813075527657446e-04 seconds.
Warning: Simulation tolerance relaxed to achieve convergence from 2.3813075527657647e-04 to 2.3813075527657747e-04 seconds.
Warning: Simulation tolerance relaxed to achieve convergence from 2.3813075527657948e-04 to 2.3813075527658048e-04 seconds.
Warning: Simulation tolerance relaxed to achieve convergence from 2.3813075527658349e-04 to 2.3813075527658449e-04 seconds.
Warning: Simulation tolerance relaxed to achieve convergence from 2.3813075527659552e-04 to 2.3813075527659653e-04 seconds.
Warning: Simulation tolerance relaxed to achieve convergence from 2.3813075527660154e-04 to 2.3813075527660254e-04 seconds.
Warning: Simulation tolerance relaxed to achieve convergence from 2.3813075527660856e-04 to 2.3813075527660956e-04 seconds.
Warning: Simulation tolerance relaxed to achieve convergence from 2.3813075527667475e-04 to 2.3813075527667575e-04 seconds.
Warning: Simulation tolerance relaxed to achieve convergence from 2.3813075527667876e-04 to 2.3813075527667977e-04 seconds.
Warning: Simulation tolerance relaxed to achieve convergence from 2.3813075527668478e-04 to 2.3813075527668578e-04 seconds.
Warning: Simulation tolerance relaxed to achieve convergence from 2.3813075527672189e-04 to 2.3813075527672289e-04 seconds.
Warning: Simulation tolerance relaxed to achieve convergence from 2.3813075527685728e-04 to 2.3813075527685828e-04 seconds.
Warning: Simulation tolerance relaxed to achieve convergence from 2.3813075527686329e-04 to 2.3813075527686430e-04 seconds.
Warning: Simulation tolerance relaxed to achieve convergence from 2.3813075527686530e-04 to 2.3813075527686630e-04 seconds.
Warning: Simulation tolerance relaxed to achieve convergence from 2.3813075527686731e-04 to 2.3813075527686831e-04 seconds.
Warning: Simulation tolerance relaxed to achieve convergence from 2.3813075527686931e-04 to 2.3813075527687031e-04 seconds.
Warning: Simulation tolerance relaxed to achieve convergence from 2.3813075527687232e-04 to 2.3813075527687332e-04 seconds.
Warning: Simulation tolerance relaxed to achieve convergence from 2.3813075527687433e-04 to 2.3813075527687533e-04 seconds.
Warning: Simulation tolerance relaxed to achieve convergence from 2.3813075527687633e-04 to 2.3813075527687733e-04 seconds.
Warning: Simulation tolerance relaxed to achieve convergence from 2.3813075527687834e-04 to 2.3813075527687934e-04 seconds.
Warning: Simulation tolerance relaxed to achieve convergence from 2.3813075527688335e-04 to 2.3813075527688435e-04 seconds.
Warning: Simulation tolerance relaxed to achieve convergence from 2.3813075527688536e-04 to 2.3813075527688636e-04 seconds.
Warning: Simulation tolerance relaxed to achieve convergence from 2.3813075527688736e-04 to 2.3813075527688837e-04 seconds.
Warning: Simulation tolerance relaxed to achieve convergence from 2.3813075527688937e-04 to 2.3813075527689037e-04 seconds.
Warning: Simulation tolerance relaxed to achieve convergence from 2.3813075527690341e-04 to 2.3813075527690441e-04 seconds.
Warning: Simulation tolerance relaxed to achieve convergence from 2.3813075527690541e-04 to 2.3813075527690642e-04 seconds.
Warning: Simulation tolerance relaxed to achieve convergence from 2.3813075527690742e-04 to 2.3813075527690842e-04 seconds.
Warning: Simulation tolerance relaxed to achieve convergence from 2.3813075527691344e-04 to 2.3813075527691444e-04 seconds.
Warning: Simulation tolerance relaxed to achieve convergence from 2.3813075527692146e-04 to 2.3813075527692246e-04 seconds.
Warning: Simulation tolerance relaxed to achieve convergence from 2.3813075527692948e-04 to 2.3813075527693049e-04 seconds.
Warning: Simulation tolerance relaxed to achieve convergence from 2.3813075527693350e-04 to 2.3813075527693450e-04 seconds.
Warning: Simulation tolerance relaxed to achieve convergence from 2.3813075527694252e-04 to 2.3813075527694352e-04 seconds.
Warning: Simulation tolerance relaxed to achieve convergence from 2.3813075527694954e-04 to 2.3813075527695054e-04 seconds.
Warning: Simulation tolerance relaxed to achieve convergence from 2.3813075527695656e-04 to 2.3813075527695757e-04 seconds.
Warning: Simulation tolerance relaxed to achieve convergence from 2.3813075527695957e-04 to 2.3813075527696057e-04 seconds.
Warning: Simulation tolerance relaxed to achieve convergence from 2.3813075527698163e-04 to 2.3813075527698264e-04 seconds.
Warning: Simulation tolerance relaxed to achieve convergence from 2.3813075527698665e-04 to 2.3813075527698765e-04 seconds.
Warning: Simulation tolerance relaxed to achieve convergence from 2.3813075527699166e-04 to 2.3813075527699267e-04 seconds.
Warning: Simulation tolerance relaxed to achieve convergence from 2.3813075527699467e-04 to 2.3813075527699567e-04 seconds.
Warning: Simulation tolerance relaxed to achieve convergence from 2.3813075527699969e-04 to 2.3813075527700069e-04 seconds.
Warning: Simulation tolerance relaxed to achieve convergence from 2.3813075527701072e-04 to 2.3813075527701172e-04 seconds.
Warning: Simulation tolerance relaxed to achieve convergence from 2.3813075527717820e-04 to 2.3813075527717920e-04 seconds.
Warning: Simulation tolerance relaxed to achieve convergence from 2.3813075527719425e-04 to 2.3813075527719525e-04 seconds.
Warning: Simulation tolerance relaxed to achieve convergence from 2.3813075527721731e-04 to 2.3813075527721832e-04 seconds.
Warning: Simulation tolerance relaxed to achieve convergence from 2.3813075527723035e-04 to 2.3813075527723135e-04 seconds.
Warning: Simulation tolerance relaxed to achieve convergence from 2.3813075527727849e-04 to 2.3813075527727949e-04 seconds.
Warning: Simulation tolerance relaxed to achieve convergence from 2.3813075527744397e-04 to 2.3813075527744497e-04 seconds.
Warning: Simulation tolerance relaxed to achieve convergence from 2.3813075527746904e-04 to 2.3813075527747004e-04 seconds.
Warning: Simulation tolerance relaxed to achieve convergence from 2.3813075527747104e-04 to 2.3813075527747205e-04 seconds.
Warning: Simulation tolerance relaxed to achieve convergence from 2.3813075527747305e-04 to 2.3813075527747405e-04 seconds.
Warning: Simulation tolerance relaxed to achieve convergence from 2.3813075527748007e-04 to 2.3813075527748107e-04 seconds.
Warning: Simulation tolerance relaxed to achieve convergence from 2.3813075527748308e-04 to 2.3813075527748408e-04 seconds.
Warning: Simulation tolerance relaxed to achieve convergence from 2.3813075527749612e-04 to 2.3813075527749712e-04 seconds.
Warning: Simulation tolerance relaxed to achieve convergence from 2.3813075527749812e-04 to 2.3813075527749912e-04 seconds.
Warning: Simulation tolerance relaxed to achieve convergence from 2.3813075527757635e-04 to 2.3813075527757735e-04 seconds.
Warning: Simulation tolerance relaxed to achieve convergence from 2.3813075527757835e-04 to 2.3813075527757936e-04 seconds.
Warning: Simulation tolerance relaxed to achieve convergence from 2.3813075527759039e-04 to 2.3813075527759139e-04 seconds.
Warning: Simulation tolerance relaxed to achieve convergence from 2.3813075527759540e-04 to 2.3813075527759640e-04 seconds.
Warning: Simulation tolerance relaxed to achieve convergence from 2.3813075527760443e-04 to 2.3813075527760543e-04 seconds.
Warning: Simulation tolerance relaxed to achieve convergence from 2.3813075527760744e-04 to 2.3813075527760844e-04 seconds.
Warning: Simulation tolerance relaxed to achieve convergence from 2.3813075527761044e-04 to 2.3813075527761145e-04 seconds.
Warning: Simulation tolerance relaxed to achieve convergence from 2.3813075527761546e-04 to 2.3813075527761646e-04 seconds.
Warning: Simulation tolerance relaxed to achieve convergence from 2.3813075527761947e-04 to 2.3813075527762047e-04 seconds.
Warning: Simulation tolerance relaxed to achieve convergence from 2.3813075527762148e-04 to 2.3813075527762248e-04 seconds.
Warning: Simulation tolerance relaxed to achieve convergence from 2.3813075527762448e-04 to 2.3813075527762549e-04 seconds.
Warning: Simulation tolerance relaxed to achieve convergence from 2.3813075527763351e-04 to 2.3813075527763451e-04 seconds.
Warning: Simulation tolerance relaxed to achieve convergence from 2.3813075527763652e-04 to 2.3813075527763752e-04 seconds.
Warning: Simulation tolerance relaxed to achieve convergence from 2.3813075527763953e-04 to 2.3813075527764053e-04 seconds.
Warning: Simulation tolerance relaxed to achieve convergence from 2.3813075527768767e-04 to 2.3813075527768867e-04 seconds.
Warning: Simulation tolerance relaxed to achieve convergence from 2.3813075527768967e-04 to 2.3813075527769068e-04 seconds.
Warning: Simulation tolerance relaxed to achieve convergence from 2.3813075527769368e-04 to 2.3813075527769469e-04 seconds.
Warning: Simulation tolerance relaxed to achieve convergence from 2.3813075527779197e-04 to 2.3813075527779297e-04 seconds.
Warning: Simulation tolerance relaxed to achieve convergence from 2.3813075527779498e-04 to 2.3813075527779598e-04 seconds.
Warning: Simulation tolerance relaxed to achieve convergence from 2.3813075527779798e-04 to 2.3813075527779899e-04 seconds.
Warning: Simulation tolerance relaxed to achieve convergence from 2.3813075527780099e-04 to 2.3813075527780200e-04 seconds.
Warning: Simulation tolerance relaxed to achieve convergence from 2.3813075527780601e-04 to 2.3813075527780701e-04 seconds.
Warning: Simulation tolerance relaxed to achieve convergence from 2.3813075527780902e-04 to 2.3813075527781002e-04 seconds.
Warning: Simulation tolerance relaxed to achieve convergence from 2.3813075527781303e-04 to 2.3813075527781403e-04 seconds.
Warning: Simulation tolerance relaxed to achieve convergence from 2.3813075527781704e-04 to 2.3813075527781804e-04 seconds.
Warning: Simulation tolerance relaxed to achieve convergence from 2.3813075527782306e-04 to 2.3813075527782406e-04 seconds.
Warning: Simulation tolerance relaxed to achieve convergence from 2.3813075527792535e-04 to 2.3813075527792635e-04 seconds.
Warning: Simulation tolerance relaxed to achieve convergence from 2.3813075527792736e-04 to 2.3813075527792836e-04 seconds.
Warning: Simulation tolerance relaxed to achieve convergence from 2.3813075527793337e-04 to 2.3813075527793438e-04 seconds.
Warning: Simulation tolerance relaxed to achieve convergence from 2.3813075527794240e-04 to 2.3813075527794340e-04 seconds.
Warning: Simulation tolerance relaxed to achieve convergence from 2.3813075527796848e-04 to 2.3813075527796948e-04 seconds.
Warning: Simulation tolerance relaxed to achieve convergence from 2.3813075527801561e-04 to 2.3813075527801661e-04 seconds.
Warning: Simulation tolerance relaxed to achieve convergence from 2.3813075527802263e-04 to 2.3813075527802363e-04 seconds.
Warning: Simulation tolerance relaxed to achieve convergence from 2.3813075527805372e-04 to 2.3813075527805472e-04 seconds.
Warning: Simulation tolerance relaxed to achieve convergence from 2.3813075527806776e-04 to 2.3813075527806876e-04 seconds.
Warning: Simulation tolerance relaxed to achieve convergence from 2.3813075527807578e-04 to 2.3813075527807679e-04 seconds.
Warning: Simulation tolerance relaxed to achieve convergence from 2.3813075527816003e-04 to 2.3813075527816103e-04 seconds.
Warning: Simulation tolerance relaxed to achieve convergence from 2.3813075527817106e-04 to 2.3813075527817206e-04 seconds.
Warning: Simulation tolerance relaxed to achieve convergence from 2.3813075527823123e-04 to 2.3813075527823223e-04 seconds.
Warning: Simulation tolerance relaxed to achieve convergence from 2.3813075527823324e-04 to 2.3813075527823424e-04 seconds.
Warning: Simulation tolerance relaxed to achieve convergence from 2.3813075527825029e-04 to 2.3813075527825129e-04 seconds.
Warning: Simulation tolerance relaxed to achieve convergence from 2.3813075527825330e-04 to 2.3813075527825430e-04 seconds.
Warning: Simulation tolerance relaxed to achieve convergence from 2.3813075527826032e-04 to 2.3813075527826132e-04 seconds.
Warning: Simulation tolerance relaxed to achieve convergence from 2.3813075527827536e-04 to 2.3813075527827636e-04 seconds.
Warning: Simulation tolerance relaxed to achieve convergence from 2.3813075527827837e-04 to 2.3813075527827937e-04 seconds.
Warning: Simulation tolerance relaxed to achieve convergence from 2.3813075527829040e-04 to 2.3813075527829140e-04 seconds.
Warning: Simulation tolerance relaxed to achieve convergence from 2.3813075527839771e-04 to 2.3813075527839871e-04 seconds.
Warning: Simulation tolerance relaxed to achieve convergence from 2.3813075527843482e-04 to 2.3813075527843582e-04 seconds.
Warning: Simulation tolerance relaxed to achieve convergence from 2.3813075527844084e-04 to 2.3813075527844184e-04 seconds.
Warning: Simulation tolerance relaxed to achieve convergence from 2.3813075527852909e-04 to 2.3813075527853009e-04 seconds.
Warning: Simulation tolerance relaxed to achieve convergence from 2.3813075527871061e-04 to 2.3813075527871161e-04 seconds.
Warning: Simulation tolerance relaxed to achieve convergence from 2.3813075527871863e-04 to 2.3813075527871964e-04 seconds.
Warning: Simulation tolerance relaxed to achieve convergence from 2.3813075527872365e-04 to 2.3813075527872465e-04 seconds.
Warning: Simulation tolerance relaxed to achieve convergence from 2.3813075527872967e-04 to 2.3813075527873067e-04 seconds.
Warning: Simulation tolerance relaxed to achieve convergence from 2.3813075527873669e-04 to 2.3813075527873769e-04 seconds.
Warning: Simulation tolerance relaxed to achieve convergence from 2.3813075527878483e-04 to 2.3813075527878583e-04 seconds.
Warning: Simulation tolerance relaxed to achieve convergence from 2.3813075527878783e-04 to 2.3813075527878884e-04 seconds.
Warning: Simulation tolerance relaxed to achieve convergence from 2.3813075527879185e-04 to 2.3813075527879285e-04 seconds.
Warning: Simulation tolerance relaxed to achieve convergence from 2.3813075527896735e-04 to 2.3813075527896835e-04 seconds.
Warning: Simulation tolerance relaxed to achieve convergence from 2.3813075527897939e-04 to 2.3813075527898039e-04 seconds.
Warning: Simulation tolerance relaxed to achieve convergence from 2.3813075527898139e-04 to 2.3813075527898239e-04 seconds.
Warning: Simulation tolerance relaxed to achieve convergence from 2.3813075527898340e-04 to 2.3813075527898440e-04 seconds.
Warning: Simulation tolerance relaxed to achieve convergence from 2.3813075527976866e-04 to 2.3813075527976966e-04 seconds.
Warning: Simulation tolerance relaxed to achieve convergence from 2.3813075527983385e-04 to 2.3813075527983485e-04 seconds.
Warning: Simulation tolerance relaxed to achieve convergence from 2.3813075527990505e-04 to 2.3813075527990605e-04 seconds.
Warning: Simulation tolerance relaxed to achieve convergence from 2.3813075528010362e-04 to 2.3813075528010462e-04 seconds.
Warning: Simulation tolerance relaxed to achieve convergence from 2.3813075528011666e-04 to 2.3813075528011766e-04 seconds.
Warning: Simulation tolerance relaxed to achieve convergence from 2.3813075528019789e-04 to 2.3813075528019890e-04 seconds.
Warning: Simulation tolerance relaxed to achieve convergence from 2.3813075528025706e-04 to 2.3813075528025807e-04 seconds.
Warning: Simulation tolerance relaxed to achieve convergence from 2.3813075528028314e-04 to 2.3813075528028414e-04 seconds.
Warning: Simulation tolerance relaxed to achieve convergence from 2.3813075528028815e-04 to 2.3813075528028916e-04 seconds.
Warning: Simulation tolerance relaxed to achieve convergence from 2.3813075528029016e-04 to 2.3813075528029116e-04 seconds.
Warning: Simulation tolerance relaxed to achieve convergence from 2.3813075528029216e-04 to 2.3813075528029317e-04 seconds.
Warning: Simulation tolerance relaxed to achieve convergence from 2.3813075528029818e-04 to 2.3813075528029918e-04 seconds.
Warning: Simulation tolerance relaxed to achieve convergence from 2.3813075528032927e-04 to 2.3813075528033027e-04 seconds.
Warning: Simulation tolerance relaxed to achieve convergence from 2.3813075528033128e-04 to 2.3813075528033228e-04 seconds.
Warning: Simulation tolerance relaxed to achieve convergence from 2.3813075528034131e-04 to 2.3813075528034231e-04 seconds.
Warning: Simulation tolerance relaxed to achieve convergence from 2.3813075528034732e-04 to 2.3813075528034833e-04 seconds.
Warning: Simulation tolerance relaxed to achieve convergence from 2.3813075528036437e-04 to 2.3813075528036538e-04 seconds.
Warning: Simulation tolerance relaxed to achieve convergence from 2.3813075528039646e-04 to 2.3813075528039747e-04 seconds.
Warning: Simulation tolerance relaxed to achieve convergence from 2.3813075528040549e-04 to 2.3813075528040649e-04 seconds.
Warning: Simulation tolerance relaxed to achieve convergence from 2.3813075528043859e-04 to 2.3813075528043959e-04 seconds.
Warning: Simulation tolerance relaxed to achieve convergence from 2.3813075528046065e-04 to 2.3813075528046165e-04 seconds.
Warning: Simulation tolerance relaxed to achieve convergence from 2.3813075528050177e-04 to 2.3813075528050277e-04 seconds.
Warning: Simulation tolerance relaxed to achieve convergence from 2.3813075528050377e-04 to 2.3813075528050478e-04 seconds.
Warning: Simulation tolerance relaxed to achieve convergence from 2.3813075528051079e-04 to 2.3813075528051180e-04 seconds.
Warning: Simulation tolerance relaxed to achieve convergence from 2.3813075528051380e-04 to 2.3813075528051481e-04 seconds.
Warning: Simulation tolerance relaxed to achieve convergence from 2.3813075528057197e-04 to 2.3813075528057297e-04 seconds.
Warning: Simulation tolerance relaxed to achieve convergence from 2.3813075528057498e-04 to 2.3813075528057598e-04 seconds.
Warning: Simulation tolerance relaxed to achieve convergence from 2.3813075528061509e-04 to 2.3813075528061610e-04 seconds.
Warning: Simulation tolerance relaxed to achieve convergence from 2.3813075528071237e-04 to 2.3813075528071338e-04 seconds.
Warning: Simulation tolerance relaxed to achieve convergence from 2.3813075528072441e-04 to 2.3813075528072541e-04 seconds.
Warning: Simulation tolerance relaxed to achieve convergence from 2.3813075528114662e-04 to 2.3813075528114763e-04 seconds.
Warning: Simulation tolerance relaxed to achieve convergence from 2.3813075528139133e-04 to 2.3813075528139233e-04 seconds.
Warning: Simulation tolerance relaxed to achieve convergence from 2.3813075528141339e-04 to 2.3813075528141439e-04 seconds.
Warning: Simulation tolerance relaxed to achieve convergence from 2.3813075528143546e-04 to 2.3813075528143646e-04 seconds.
Warning: Simulation tolerance relaxed to achieve convergence from 2.3813075528144448e-04 to 2.3813075528144548e-04 seconds.
Warning: Simulation tolerance relaxed to achieve convergence from 2.3813075528145451e-04 to 2.3813075528145551e-04 seconds.
Warning: Simulation tolerance relaxed to achieve convergence from 2.3813075528147357e-04 to 2.3813075528147457e-04 seconds.
Warning: Simulation tolerance relaxed to achieve convergence from 2.3813075528150867e-04 to 2.3813075528150967e-04 seconds.
Warning: Simulation tolerance relaxed to achieve convergence from 2.3813075528153875e-04 to 2.3813075528153976e-04 seconds.
Warning: Simulation tolerance relaxed to achieve convergence from 2.3813075528154377e-04 to 2.3813075528154477e-04 seconds.
Warning: Simulation tolerance relaxed to achieve convergence from 2.3813075528175337e-04 to 2.3813075528175437e-04 seconds.
Warning: Simulation tolerance relaxed to achieve convergence from 2.3813075528186971e-04 to 2.3813075528187071e-04 seconds.
Warning: Simulation tolerance relaxed to achieve convergence from 2.3813075528187271e-04 to 2.3813075528187372e-04 seconds.
Warning: Simulation tolerance relaxed to achieve convergence from 2.3813075528187572e-04 to 2.3813075528187673e-04 seconds.
Warning: Simulation tolerance relaxed to achieve convergence from 2.3813075528199507e-04 to 2.3813075528199607e-04 seconds.
Warning: Simulation tolerance relaxed to achieve convergence from 2.3813075528208934e-04 to 2.3813075528209034e-04 seconds.
Warning: Simulation tolerance relaxed to achieve convergence from 2.3813075528221069e-04 to 2.3813075528221169e-04 seconds.
Warning: Simulation tolerance relaxed to achieve convergence from 2.3813075528235711e-04 to 2.3813075528235811e-04 seconds.
Warning: Simulation tolerance relaxed to achieve convergence from 2.3813075528707369e-04 to 2.3813075528707469e-04 seconds.
Warning: Simulation tolerance relaxed to achieve convergence from 2.3813075528730836e-04 to 2.3813075528730936e-04 seconds.
Warning: Simulation tolerance relaxed to achieve convergence from 2.3813075528731338e-04 to 2.3813075528731438e-04 seconds.
Warning: Simulation tolerance relaxed to achieve convergence from 2.3813075528733343e-04 to 2.3813075528733444e-04 seconds.
Warning: Simulation tolerance relaxed to achieve convergence from 2.3813075528762828e-04 to 2.3813075528762929e-04 seconds.
Warning: Simulation tolerance relaxed to achieve convergence from 2.3813075528909350e-04 to 2.3813075528909450e-04 seconds.
Warning: Simulation tolerance relaxed to achieve convergence from 2.3813075528922488e-04 to 2.3813075528922588e-04 seconds.
Warning: Simulation tolerance relaxed to achieve convergence from 2.3813075528922688e-04 to 2.3813075528922789e-04 seconds.
Warning: Simulation tolerance relaxed to achieve convergence from 2.3813075528923390e-04 to 2.3813075528923491e-04 seconds.
Warning: Simulation tolerance relaxed to achieve convergence from 2.3813075528924694e-04 to 2.3813075528924795e-04 seconds.
Warning: Simulation tolerance relaxed to achieve convergence from 2.3813075528925697e-04 to 2.3813075528925797e-04 seconds.
Warning: Simulation tolerance relaxed to achieve convergence from 2.3813075528925898e-04 to 2.3813075528925998e-04 seconds.
Warning: Simulation tolerance relaxed to achieve convergence from 2.3813075528926098e-04 to 2.3813075528926199e-04 seconds.
Warning: Simulation tolerance relaxed to achieve convergence from 2.3813075528931614e-04 to 2.3813075528931714e-04 seconds.
Warning: Simulation tolerance relaxed to achieve convergence from 2.3813075528931815e-04 to 2.3813075528931915e-04 seconds.
Warning: Simulation tolerance relaxed to achieve convergence from 2.3813075528932015e-04 to 2.3813075528932116e-04 seconds.
Warning: Simulation tolerance relaxed to achieve convergence from 2.3813075528934623e-04 to 2.3813075528934723e-04 seconds.
Warning: Simulation tolerance relaxed to achieve convergence from 2.3813075528936027e-04 to 2.3813075528936127e-04 seconds.
Warning: Simulation tolerance relaxed to achieve convergence from 2.3813075528936629e-04 to 2.3813075528936729e-04 seconds.
Warning: Simulation tolerance relaxed to achieve convergence from 2.3813075528936929e-04 to 2.3813075528937030e-04 seconds.
Warning: Simulation tolerance relaxed to achieve convergence from 2.3813075528937130e-04 to 2.3813075528937230e-04 seconds.
Warning: Simulation tolerance relaxed to achieve convergence from 2.3813075528938534e-04 to 2.3813075528938634e-04 seconds.
Warning: Simulation tolerance relaxed to achieve convergence from 2.3813075528946156e-04 to 2.3813075528946256e-04 seconds.
Warning: Simulation tolerance relaxed to achieve convergence from 2.3813075528946457e-04 to 2.3813075528946557e-04 seconds.
Warning: Simulation tolerance relaxed to achieve convergence from 2.3813075528949466e-04 to 2.3813075528949566e-04 seconds.
Warning: Simulation tolerance relaxed to achieve convergence from 2.3813075528950769e-04 to 2.3813075528950870e-04 seconds.
Warning: Simulation tolerance relaxed to achieve convergence from 2.3813075528952474e-04 to 2.3813075528952575e-04 seconds.
Warning: Simulation tolerance relaxed to achieve convergence from 2.3813075528953778e-04 to 2.3813075528953878e-04 seconds.
Warning: Simulation tolerance relaxed to achieve convergence from 2.3813075528957589e-04 to 2.3813075528957689e-04 seconds.
Warning: Simulation tolerance relaxed to achieve convergence from 2.3813075528957790e-04 to 2.3813075528957890e-04 seconds.
Warning: Simulation tolerance relaxed to achieve convergence from 2.3813075528963305e-04 to 2.3813075528963406e-04 seconds.
Warning: Simulation tolerance relaxed to achieve convergence from 2.3813075528963807e-04 to 2.3813075528963907e-04 seconds.
Warning: Simulation tolerance relaxed to achieve convergence from 2.3813075528964108e-04 to 2.3813075528964208e-04 seconds.
Warning: Simulation tolerance relaxed to achieve convergence from 2.3813075528966715e-04 to 2.3813075528966816e-04 seconds.
Warning: Simulation tolerance relaxed to achieve convergence from 2.3813075528976343e-04 to 2.3813075528976443e-04 seconds.
Warning: Simulation tolerance relaxed to achieve convergence from 2.3813075528977246e-04 to 2.3813075528977346e-04 seconds.
Warning: Simulation tolerance relaxed to achieve convergence from 2.3813075528983965e-04 to 2.3813075528984065e-04 seconds.
Warning: Simulation tolerance relaxed to achieve convergence from 2.3813075528984466e-04 to 2.3813075528984567e-04 seconds.
Warning: Simulation tolerance relaxed to achieve convergence from 2.3813075528984767e-04 to 2.3813075528984867e-04 seconds.
Warning: Simulation tolerance relaxed to achieve convergence from 2.3813075528985068e-04 to 2.3813075528985168e-04 seconds.
Warning: Simulation tolerance relaxed to achieve convergence from 2.3813075528985770e-04 to 2.3813075528985870e-04 seconds.
Warning: Simulation tolerance relaxed to achieve convergence from 2.3813075528986272e-04 to 2.3813075528986372e-04 seconds.
Warning: Simulation tolerance relaxed to achieve convergence from 2.3813075528999209e-04 to 2.3813075528999309e-04 seconds.
Warning: Simulation tolerance relaxed to achieve convergence from 2.3813075529000713e-04 to 2.3813075529000813e-04 seconds.
Warning: Simulation tolerance relaxed to achieve convergence from 2.3813075529026788e-04 to 2.3813075529026888e-04 seconds.
Warning: Simulation tolerance relaxed to achieve convergence from 2.3813075529027390e-04 to 2.3813075529027490e-04 seconds.
Warning: Simulation tolerance relaxed to achieve convergence from 2.3813075529029195e-04 to 2.3813075529029295e-04 seconds.
Warning: Simulation tolerance relaxed to achieve convergence from 2.3813075529029396e-04 to 2.3813075529029496e-04 seconds.
Warning: Simulation tolerance relaxed to achieve convergence from 2.3813075529029596e-04 to 2.3813075529029697e-04 seconds.
Warning: Simulation tolerance relaxed to achieve convergence from 2.3813075529034109e-04 to 2.3813075529034210e-04 seconds.
Warning: Simulation tolerance relaxed to achieve convergence from 2.3813075529048250e-04 to 2.3813075529048350e-04 seconds.
Warning: Simulation tolerance relaxed to achieve convergence from 2.3813075529048451e-04 to 2.3813075529048551e-04 seconds.
Warning: Simulation tolerance relaxed to achieve convergence from 2.3813075529123567e-04 to 2.3813075529123667e-04 seconds.
Warning: Simulation tolerance relaxed to achieve convergence from 2.3813075529135000e-04 to 2.3813075529135100e-04 seconds.
Warning: Simulation tolerance relaxed to achieve convergence from 2.3813075529135702e-04 to 2.3813075529135802e-04 seconds.
Warning: Simulation tolerance relaxed to achieve convergence from 2.3813075529136203e-04 to 2.3813075529136303e-04 seconds.
Warning: Simulation tolerance relaxed to achieve convergence from 2.3813075529157865e-04 to 2.3813075529157966e-04 seconds.
Warning: Simulation tolerance relaxed to achieve convergence from 2.3813075529169499e-04 to 2.3813075529169599e-04 seconds.
Warning: Simulation tolerance relaxed to achieve convergence from 2.3813075529181233e-04 to 2.3813075529181333e-04 seconds.
Warning: Simulation tolerance relaxed to achieve convergence from 2.3813075529181433e-04 to 2.3813075529181534e-04 seconds.
Warning: Simulation tolerance relaxed to achieve convergence from 2.3813075529223053e-04 to 2.3813075529223153e-04 seconds.
Warning: Simulation tolerance relaxed to achieve convergence from 2.3813075529224758e-04 to 2.3813075529224858e-04 seconds.
Warning: Simulation tolerance relaxed to achieve convergence from 2.3813075529255747e-04 to 2.3813075529255848e-04 seconds.
Warning: Simulation tolerance relaxed to achieve convergence from 2.3813075529258355e-04 to 2.3813075529258455e-04 seconds.
Warning: Simulation tolerance relaxed to achieve convergence from 2.3813075529266578e-04 to 2.3813075529266679e-04 seconds.
Warning: Simulation tolerance relaxed to achieve convergence from 2.3813075529283427e-04 to 2.3813075529283527e-04 seconds.
Warning: Simulation tolerance relaxed to achieve convergence from 2.3813075529301679e-04 to 2.3813075529301780e-04 seconds.
Warning: Simulation tolerance relaxed to achieve convergence from 2.3813075529328657e-04 to 2.3813075529328757e-04 seconds.
Warning: Simulation tolerance relaxed to achieve convergence from 2.3813075529330863e-04 to 2.3813075529330964e-04 seconds.
Warning: Simulation tolerance relaxed to achieve convergence from 2.3813075529345405e-04 to 2.3813075529345506e-04 seconds.
Warning: Simulation tolerance relaxed to achieve convergence from 2.3813075529367669e-04 to 2.3813075529367770e-04 seconds.
Warning: Simulation tolerance relaxed to achieve convergence from 2.3813075529374088e-04 to 2.3813075529374188e-04 seconds.
Warning: Simulation tolerance relaxed to achieve convergence from 2.3813075529380306e-04 to 2.3813075529380406e-04 seconds.
Warning: Simulation tolerance relaxed to achieve convergence from 2.3813075529400063e-04 to 2.3813075529400163e-04 seconds.
Warning: Simulation tolerance relaxed to achieve convergence from 2.3813075529416009e-04 to 2.3813075529416109e-04 seconds.
Warning: Simulation tolerance relaxed to achieve convergence from 2.3813075529417613e-04 to 2.3813075529417714e-04 seconds.
Warning: Simulation tolerance relaxed to achieve convergence from 2.3813075529421524e-04 to 2.3813075529421625e-04 seconds.
Warning: Simulation tolerance relaxed to achieve convergence from 2.3813075529444089e-04 to 2.3813075529444190e-04 seconds.
Warning: Simulation tolerance relaxed to achieve convergence from 2.3813075529444892e-04 to 2.3813075529444992e-04 seconds.
Warning: Simulation tolerance relaxed to achieve convergence from 2.3813075529451009e-04 to 2.3813075529451110e-04 seconds.
Warning: Simulation tolerance relaxed to achieve convergence from 2.3813075529452012e-04 to 2.3813075529452113e-04 seconds.
Warning: Simulation tolerance relaxed to achieve convergence from 2.3813075529525022e-04 to 2.3813075529525123e-04 seconds.
Warning: Simulation tolerance relaxed to achieve convergence from 2.3813075529527329e-04 to 2.3813075529527429e-04 seconds.
Warning: Simulation tolerance relaxed to achieve convergence from 2.3813075529929988e-04 to 2.3813075529930088e-04 seconds.
Warning: Simulation tolerance relaxed to achieve convergence from 2.3813075530060664e-04 to 2.3813075530060765e-04 seconds.
Warning: Simulation tolerance relaxed to achieve convergence from 2.3813075530083931e-04 to 2.3813075530084032e-04 seconds.
Warning: Simulation tolerance relaxed to achieve convergence from 2.3813075530085235e-04 to 2.3813075530085335e-04 seconds.
Warning: Simulation tolerance relaxed to achieve convergence from 2.3813075530087141e-04 to 2.3813075530087241e-04 seconds.
Warning: Simulation tolerance relaxed to achieve convergence from 2.3813075530088043e-04 to 2.3813075530088143e-04 seconds.
Warning: Simulation tolerance relaxed to achieve convergence from 2.3813075530089046e-04 to 2.3813075530089146e-04 seconds.
Warning: Simulation tolerance relaxed to achieve convergence from 2.3813075530090250e-04 to 2.3813075530090350e-04 seconds.
Warning: Simulation tolerance relaxed to achieve convergence from 2.3813075530109405e-04 to 2.3813075530109505e-04 seconds.
Warning: Simulation tolerance relaxed to achieve convergence from 2.3813075530127356e-04 to 2.3813075530127457e-04 seconds.
Warning: Simulation tolerance relaxed to achieve convergence from 2.3813075530128560e-04 to 2.3813075530128660e-04 seconds.
Warning: Simulation tolerance relaxed to achieve convergence from 2.3813075530129061e-04 to 2.3813075530129162e-04 seconds.
Warning: Simulation tolerance relaxed to achieve convergence from 2.3813075530135781e-04 to 2.3813075530135881e-04 seconds.
Warning: Simulation tolerance relaxed to achieve convergence from 2.3813075530159048e-04 to 2.3813075530159148e-04 seconds.
Warning: Simulation tolerance relaxed to achieve convergence from 2.3813075530186527e-04 to 2.3813075530186627e-04 seconds.
Warning: Simulation tolerance relaxed to achieve convergence from 2.3813075530190137e-04 to 2.3813075530190237e-04 seconds.
Warning: Simulation tolerance relaxed to achieve convergence from 2.3813075530218519e-04 to 2.3813075530218619e-04 seconds.
Warning: Simulation tolerance relaxed to achieve convergence from 2.3813075530615863e-04 to 2.3813075530615963e-04 seconds.
Warning: Simulation tolerance relaxed to achieve convergence from 2.3813075530616464e-04 to 2.3813075530616565e-04 seconds.
Warning: Simulation tolerance relaxed to achieve convergence from 2.3813075530949122e-04 to 2.3813075530949222e-04 seconds.
Warning: Simulation tolerance relaxed to achieve convergence from 2.3813075530974595e-04 to 2.3813075530974696e-04 seconds.
Warning: Simulation tolerance relaxed to achieve convergence from 2.3813075531011100e-04 to 2.3813075531011201e-04 seconds.
Warning: Simulation tolerance relaxed to achieve convergence from 2.3813075531012204e-04 to 2.3813075531012304e-04 seconds.
Warning: Simulation tolerance relaxed to achieve convergence from 2.3813075531059239e-04 to 2.3813075531059339e-04 seconds.
Warning: Simulation tolerance relaxed to achieve convergence from 2.3813075531060442e-04 to 2.3813075531060543e-04 seconds.
Warning: Simulation tolerance relaxed to achieve convergence from 2.3813075531067463e-04 to 2.3813075531067563e-04 seconds.
Warning: Simulation tolerance relaxed to achieve convergence from 2.3813075531096045e-04 to 2.3813075531096145e-04 seconds.
Warning: Simulation tolerance relaxed to achieve convergence from 2.3813075531101461e-04 to 2.3813075531101561e-04 seconds.
Warning: Simulation tolerance relaxed to achieve convergence from 2.3813075531111489e-04 to 2.3813075531111590e-04 seconds.
Warning: Simulation tolerance relaxed to achieve convergence from 2.3813075531124727e-04 to 2.3813075531124828e-04 seconds.
Warning: Simulation tolerance relaxed to achieve convergence from 2.3813075531128037e-04 to 2.3813075531128137e-04 seconds.
Warning: Simulation tolerance relaxed to achieve convergence from 2.3813075531722348e-04 to 2.3813075531722448e-04 seconds.
Warning: Simulation tolerance relaxed to achieve convergence from 2.3813075531725357e-04 to 2.3813075531725457e-04 seconds.
Warning: Simulation tolerance relaxed to achieve convergence from 2.3813075531725858e-04 to 2.3813075531725958e-04 seconds.
Warning: Simulation tolerance relaxed to achieve convergence from 2.3813075531739397e-04 to 2.3813075531739497e-04 seconds.
Warning: Simulation tolerance relaxed to achieve convergence from 2.3813075531743007e-04 to 2.3813075531743108e-04 seconds.
Warning: Simulation tolerance relaxed to achieve convergence from 2.3813075531747119e-04 to 2.3813075531747219e-04 seconds.
Warning: Simulation tolerance relaxed to achieve convergence from 2.3813075531786833e-04 to 2.3813075531786934e-04 seconds.
Warning: Simulation tolerance relaxed to achieve convergence from 2.3813075531801576e-04 to 2.3813075531801676e-04 seconds.
Warning: Simulation tolerance relaxed to achieve convergence from 2.3813075531859342e-04 to 2.3813075531859443e-04 seconds.
Warning: Simulation tolerance relaxed to achieve convergence from 2.3813075531861749e-04 to 2.3813075531861849e-04 seconds.
Warning: Simulation tolerance relaxed to achieve convergence from 2.3813075531861950e-04 to 2.3813075531862050e-04 seconds.
Warning: Simulation tolerance relaxed to achieve convergence from 2.3813075531867064e-04 to 2.3813075531867165e-04 seconds.
Warning: Simulation tolerance relaxed to achieve convergence from 2.3813075531867265e-04 to 2.3813075531867365e-04 seconds.
Warning: Simulation tolerance relaxed to achieve convergence from 2.3813075531873383e-04 to 2.3813075531873483e-04 seconds.
Warning: Simulation tolerance relaxed to achieve convergence from 2.3813075531875689e-04 to 2.3813075531875790e-04 seconds.
Warning: Simulation tolerance relaxed to achieve convergence from 2.3813075531880403e-04 to 2.3813075531880503e-04 seconds.
Warning: Simulation tolerance relaxed to achieve convergence from 2.3813075531888727e-04 to 2.3813075531888827e-04 seconds.
Warning: Simulation tolerance relaxed to achieve convergence from 2.3813075531942281e-04 to 2.3813075531942381e-04 seconds.
Warning: Simulation tolerance relaxed to achieve convergence from 2.3813075531948098e-04 to 2.3813075531948198e-04 seconds.
Warning: Simulation tolerance relaxed to achieve convergence from 2.3813075531950705e-04 to 2.3813075531950806e-04 seconds.
Warning: Simulation tolerance relaxed to achieve convergence from 2.3813075531975477e-04 to 2.3813075531975577e-04 seconds.
Warning: Simulation tolerance relaxed to achieve convergence from 2.3813075531977683e-04 to 2.3813075531977783e-04 seconds.
Warning: Simulation tolerance relaxed to achieve convergence from 2.3813075531982898e-04 to 2.3813075531982998e-04 seconds.
Warning: Simulation tolerance relaxed to achieve convergence from 2.3813075531985405e-04 to 2.3813075531985505e-04 seconds.
Warning: Simulation tolerance relaxed to achieve convergence from 2.3813075531988715e-04 to 2.3813075531988815e-04 seconds.
Warning: Simulation tolerance relaxed to achieve convergence from 2.3813075531989316e-04 to 2.3813075531989417e-04 seconds.
Warning: Simulation tolerance relaxed to achieve convergence from 2.3813075531989818e-04 to 2.3813075531989918e-04 seconds.
Warning: Simulation tolerance relaxed to achieve convergence from 2.3813075531996036e-04 to 2.3813075531996136e-04 seconds.
Warning: Simulation tolerance relaxed to achieve convergence from 2.3813075531997039e-04 to 2.3813075531997139e-04 seconds.
Warning: Simulation tolerance relaxed to achieve convergence from 2.3813075531998643e-04 to 2.3813075531998744e-04 seconds.
Warning: Simulation tolerance relaxed to achieve convergence from 2.3813075532005262e-04 to 2.3813075532005363e-04 seconds.
Warning: Simulation tolerance relaxed to achieve convergence from 2.3813075532017397e-04 to 2.3813075532017498e-04 seconds.
Warning: Simulation tolerance relaxed to achieve convergence from 2.3813075532017999e-04 to 2.3813075532018099e-04 seconds.
Warning: Simulation tolerance relaxed to achieve convergence from 2.3813075532020105e-04 to 2.3813075532020205e-04 seconds.
Warning: Simulation tolerance relaxed to achieve convergence from 2.3813075532021609e-04 to 2.3813075532021710e-04 seconds.
Warning: Simulation tolerance relaxed to achieve convergence from 2.3813075532034246e-04 to 2.3813075532034346e-04 seconds.
Warning: Simulation tolerance relaxed to achieve convergence from 2.3813075532046982e-04 to 2.3813075532047083e-04 seconds.
Warning: Simulation tolerance relaxed to achieve convergence from 2.3813075532067943e-04 to 2.3813075532068043e-04 seconds.
Warning: Simulation tolerance relaxed to achieve convergence from 2.3813075532069447e-04 to 2.3813075532069547e-04 seconds.
Warning: Simulation tolerance relaxed to achieve convergence from 2.3813075532073960e-04 to 2.3813075532074060e-04 seconds.
Warning: Simulation tolerance relaxed to achieve convergence from 2.3813075532090909e-04 to 2.3813075532091009e-04 seconds.
Warning: Simulation tolerance relaxed to achieve convergence from 2.3813075532110866e-04 to 2.3813075532110967e-04 seconds.
Warning: Simulation tolerance relaxed to achieve convergence from 2.3813075532152085e-04 to 2.3813075532152185e-04 seconds.
Warning: Simulation tolerance relaxed to achieve convergence from 2.3813075532170037e-04 to 2.3813075532170137e-04 seconds.
Warning: Simulation tolerance relaxed to achieve convergence from 2.3813075532175753e-04 to 2.3813075532175853e-04 seconds.
Warning: Simulation tolerance relaxed to achieve convergence from 2.3813075532178060e-04 to 2.3813075532178160e-04 seconds.
Warning: Simulation tolerance relaxed to achieve convergence from 2.3813075532178260e-04 to 2.3813075532178361e-04 seconds.
Warning: Simulation tolerance relaxed to achieve convergence from 2.3813075532180266e-04 to 2.3813075532180366e-04 seconds.
Warning: Simulation tolerance relaxed to achieve convergence from 2.3813075532186283e-04 to 2.3813075532186384e-04 seconds.
Warning: Simulation tolerance relaxed to achieve convergence from 2.3813075532189994e-04 to 2.3813075532190094e-04 seconds.
Warning: Simulation tolerance relaxed to achieve convergence from 2.3813075532209149e-04 to 2.3813075532209249e-04 seconds.
Warning: Simulation tolerance relaxed to achieve convergence from 2.3813075532211356e-04 to 2.3813075532211456e-04 seconds.
Warning: Simulation tolerance relaxed to achieve convergence from 2.3813075532217874e-04 to 2.3813075532217975e-04 seconds.
Warning: Simulation tolerance relaxed to achieve convergence from 2.3813075532227101e-04 to 2.3813075532227201e-04 seconds.
Warning: Simulation tolerance relaxed to achieve convergence from 2.3813075532230210e-04 to 2.3813075532230310e-04 seconds.
Warning: Simulation tolerance relaxed to achieve convergence from 2.3813075532230511e-04 to 2.3813075532230611e-04 seconds.
Warning: Simulation tolerance relaxed to achieve convergence from 2.3813075532274136e-04 to 2.3813075532274237e-04 seconds.
Warning: Simulation tolerance relaxed to achieve convergence from 2.3813075532278248e-04 to 2.3813075532278348e-04 seconds.
Warning: Simulation tolerance relaxed to achieve convergence from 2.3813075532279452e-04 to 2.3813075532279552e-04 seconds.
Warning: Simulation tolerance relaxed to achieve convergence from 2.3813075532279953e-04 to 2.3813075532280053e-04 seconds.
Warning: Simulation tolerance relaxed to achieve convergence from 2.3813075532295397e-04 to 2.3813075532295498e-04 seconds.
Warning: Simulation tolerance relaxed to achieve convergence from 2.3813075532296902e-04 to 2.3813075532297002e-04 seconds.
Warning: Simulation tolerance relaxed to achieve convergence from 2.3813075532312747e-04 to 2.3813075532312848e-04 seconds.
Warning: Simulation tolerance relaxed to achieve convergence from 2.3813075532321473e-04 to 2.3813075532321573e-04 seconds.
Warning: Simulation tolerance relaxed to achieve convergence from 2.3813075532351860e-04 to 2.3813075532351960e-04 seconds.
Warning: Simulation tolerance relaxed to achieve convergence from 2.3813075532357576e-04 to 2.3813075532357677e-04 seconds.
Warning: Simulation tolerance relaxed to achieve convergence from 2.3813075532372419e-04 to 2.3813075532372520e-04 seconds.
Warning: Simulation tolerance relaxed to achieve convergence from 2.3813075532456862e-04 to 2.3813075532456963e-04 seconds.
Warning: Simulation tolerance relaxed to achieve convergence from 2.3813075532472708e-04 to 2.3813075532472808e-04 seconds.
Warning: Simulation tolerance relaxed to achieve convergence from 2.3813075532476017e-04 to 2.3813075532476118e-04 seconds.
Warning: Simulation tolerance relaxed to achieve convergence from 2.3813075532480831e-04 to 2.3813075532480932e-04 seconds.
Warning: Simulation tolerance relaxed to achieve convergence from 2.3813075532486147e-04 to 2.3813075532486247e-04 seconds.
Warning: Simulation tolerance relaxed to achieve convergence from 2.3813075532487651e-04 to 2.3813075532487751e-04 seconds.
Warning: Simulation tolerance relaxed to achieve convergence from 2.3813075532487852e-04 to 2.3813075532487952e-04 seconds.
Warning: Simulation tolerance relaxed to achieve convergence from 2.3813075532497880e-04 to 2.3813075532497981e-04 seconds.
Warning: Simulation tolerance relaxed to achieve convergence from 2.3813075532504299e-04 to 2.3813075532504399e-04 seconds.
Warning: Simulation tolerance relaxed to achieve convergence from 2.3813075532508611e-04 to 2.3813075532508712e-04 seconds.
Warning: Simulation tolerance relaxed to achieve convergence from 2.3813075532510116e-04 to 2.3813075532510216e-04 seconds.
Warning: Simulation tolerance relaxed to achieve convergence from 2.3813075532513225e-04 to 2.3813075532513325e-04 seconds.
Warning: Simulation tolerance relaxed to achieve convergence from 2.3813075532516534e-04 to 2.3813075532516634e-04 seconds.
Warning: Simulation tolerance relaxed to achieve convergence from 2.3813075532524958e-04 to 2.3813075532525059e-04 seconds.
Warning: Simulation tolerance relaxed to achieve convergence from 2.3813075532526764e-04 to 2.3813075532526864e-04 seconds.
Warning: Simulation tolerance relaxed to achieve convergence from 2.3813075532527265e-04 to 2.3813075532527365e-04 seconds.
Warning: Simulation tolerance relaxed to achieve convergence from 2.3813075532528669e-04 to 2.3813075532528769e-04 seconds.
Warning: Simulation tolerance relaxed to achieve convergence from 2.3813075532543311e-04 to 2.3813075532543411e-04 seconds.
Warning: Simulation tolerance relaxed to achieve convergence from 2.3813075532544515e-04 to 2.3813075532544615e-04 seconds.
Warning: Simulation tolerance relaxed to achieve convergence from 2.3813075532544715e-04 to 2.3813075532544815e-04 seconds.
Warning: Simulation tolerance relaxed to achieve convergence from 2.3813075532546922e-04 to 2.3813075532547022e-04 seconds.
Warning: Simulation tolerance relaxed to achieve convergence from 2.3813075532553942e-04 to 2.3813075532554042e-04 seconds.
Warning: Simulation tolerance relaxed to achieve convergence from 2.3813075532555045e-04 to 2.3813075532555145e-04 seconds.
Warning: Simulation tolerance relaxed to achieve convergence from 2.3813075532556349e-04 to 2.3813075532556449e-04 seconds.
Warning: Simulation tolerance relaxed to achieve convergence from 2.3813075532595160e-04 to 2.3813075532595261e-04 seconds.
Warning: Simulation tolerance relaxed to achieve convergence from 2.3813075532605891e-04 to 2.3813075532605992e-04 seconds.
Warning: Simulation tolerance relaxed to achieve convergence from 2.3813075532623141e-04 to 2.3813075532623241e-04 seconds.
Warning: Simulation tolerance relaxed to achieve convergence from 2.3813075532630362e-04 to 2.3813075532630462e-04 seconds.
Warning: Simulation tolerance relaxed to achieve convergence from 2.3813075532631565e-04 to 2.3813075532631666e-04 seconds.
Warning: Simulation tolerance relaxed to achieve convergence from 2.3813075532633471e-04 to 2.3813075532633571e-04 seconds.
Warning: Simulation tolerance relaxed to achieve convergence from 2.3813075532667368e-04 to 2.3813075532667469e-04 seconds.
Warning: Simulation tolerance relaxed to achieve convergence from 2.3813075532769562e-04 to 2.3813075532769663e-04 seconds.
Warning: Simulation tolerance relaxed to achieve convergence from 2.3813075532772571e-04 to 2.3813075532772671e-04 seconds.
Warning: Simulation tolerance relaxed to achieve convergence from 2.3813075532780795e-04 to 2.3813075532780895e-04 seconds.
Warning: Simulation tolerance relaxed to achieve convergence from 2.3813075532786511e-04 to 2.3813075532786612e-04 seconds.
Warning: Simulation tolerance relaxed to achieve convergence from 2.3813075532790222e-04 to 2.3813075532790322e-04 seconds.
Warning: Simulation tolerance relaxed to achieve convergence from 2.3813075532792829e-04 to 2.3813075532792930e-04 seconds.
Warning: Simulation tolerance relaxed to achieve convergence from 2.3813075532798947e-04 to 2.3813075532799047e-04 seconds.
Warning: Simulation tolerance relaxed to achieve convergence from 2.3813075532802658e-04 to 2.3813075532802758e-04 seconds.
Warning: Simulation tolerance relaxed to achieve convergence from 2.3813075532807070e-04 to 2.3813075532807171e-04 seconds.
Warning: Simulation tolerance relaxed to achieve convergence from 2.3813075532814592e-04 to 2.3813075532814692e-04 seconds.
Warning: Simulation tolerance relaxed to achieve convergence from 2.3813075532815796e-04 to 2.3813075532815896e-04 seconds.
Warning: Simulation tolerance relaxed to achieve convergence from 2.3813075532817400e-04 to 2.3813075532817500e-04 seconds.
Warning: Simulation tolerance relaxed to achieve convergence from 2.3813075532832845e-04 to 2.3813075532832945e-04 seconds.
Warning: Simulation tolerance relaxed to achieve convergence from 2.3813075532837558e-04 to 2.3813075532837658e-04 seconds.
Warning: Simulation tolerance relaxed to achieve convergence from 2.3813075532842272e-04 to 2.3813075532842372e-04 seconds.
Warning: Simulation tolerance relaxed to achieve convergence from 2.3813075532852301e-04 to 2.3813075532852401e-04 seconds.
Warning: Simulation tolerance relaxed to achieve convergence from 2.3813075532852802e-04 to 2.3813075532852902e-04 seconds.
Warning: Simulation tolerance relaxed to achieve convergence from 2.3813075532853304e-04 to 2.3813075532853404e-04 seconds.
Warning: Simulation tolerance relaxed to achieve convergence from 2.3813075532856312e-04 to 2.3813075532856412e-04 seconds.
Warning: Simulation tolerance relaxed to achieve convergence from 2.3813075532859321e-04 to 2.3813075532859421e-04 seconds.
Warning: Simulation tolerance relaxed to achieve convergence from 2.3813075532862630e-04 to 2.3813075532862731e-04 seconds.
Warning: Simulation tolerance relaxed to achieve convergence from 2.3813075532867244e-04 to 2.3813075532867344e-04 seconds.
Warning: Simulation tolerance relaxed to achieve convergence from 2.3813075532873261e-04 to 2.3813075532873361e-04 seconds.
Warning: Simulation tolerance relaxed to achieve convergence from 2.3813075532874665e-04 to 2.3813075532874765e-04 seconds.
Warning: Simulation tolerance relaxed to achieve convergence from 2.3813075532876972e-04 to 2.3813075532877072e-04 seconds.
Warning: Simulation tolerance relaxed to achieve convergence from 2.3813075532882989e-04 to 2.3813075532883089e-04 seconds.
Warning: Simulation tolerance relaxed to achieve convergence from 2.3813075532887502e-04 to 2.3813075532887602e-04 seconds.
Warning: Simulation tolerance relaxed to achieve convergence from 2.3813075532910669e-04 to 2.3813075532910769e-04 seconds.
Warning: Simulation tolerance relaxed to achieve convergence from 2.3813075532913076e-04 to 2.3813075532913176e-04 seconds.
Warning: Simulation tolerance relaxed to achieve convergence from 2.3813075532922102e-04 to 2.3813075532922202e-04 seconds.
Warning: Simulation tolerance relaxed to achieve convergence from 2.3813075532924107e-04 to 2.3813075532924208e-04 seconds.
Warning: Simulation tolerance relaxed to achieve convergence from 2.3813075532926715e-04 to 2.3813075532926815e-04 seconds.
Warning: Simulation tolerance relaxed to achieve convergence from 2.3813075532928620e-04 to 2.3813075532928721e-04 seconds.
Warning: Simulation tolerance relaxed to achieve convergence from 2.3813075532934838e-04 to 2.3813075532934939e-04 seconds.
Warning: Simulation tolerance relaxed to achieve convergence from 2.3813075532939452e-04 to 2.3813075532939552e-04 seconds.
Warning: Simulation tolerance relaxed to achieve convergence from 2.3813075532941257e-04 to 2.3813075532941357e-04 seconds.
Warning: Simulation tolerance relaxed to achieve convergence from 2.3813075532942761e-04 to 2.3813075532942861e-04 seconds.
Warning: Simulation tolerance relaxed to achieve convergence from 2.3813075533051173e-04 to 2.3813075533051273e-04 seconds.
Warning: Simulation tolerance relaxed to achieve convergence from 2.3813075533090486e-04 to 2.3813075533090587e-04 seconds.
Warning: Simulation tolerance relaxed to achieve convergence from 2.3813075533100214e-04 to 2.3813075533100315e-04 seconds.
Warning: Simulation tolerance relaxed to achieve convergence from 2.3813075533101117e-04 to 2.3813075533101217e-04 seconds.
Warning: Simulation tolerance relaxed to achieve convergence from 2.3813075533104828e-04 to 2.3813075533104928e-04 seconds.
Warning: Simulation tolerance relaxed to achieve convergence from 2.3813075533319546e-04 to 2.3813075533319646e-04 seconds.
Warning: Simulation tolerance relaxed to achieve convergence from 2.3813075533323958e-04 to 2.3813075533324059e-04 seconds.
Warning: Simulation tolerance relaxed to achieve convergence from 2.3813075533327669e-04 to 2.3813075533327769e-04 seconds.
Warning: Simulation tolerance relaxed to achieve convergence from 2.3813075533327870e-04 to 2.3813075533327970e-04 seconds.
Warning: Simulation tolerance relaxed to achieve convergence from 2.3813075533333586e-04 to 2.3813075533333686e-04 seconds.
Warning: Simulation tolerance relaxed to achieve convergence from 2.3813075533335191e-04 to 2.3813075533335291e-04 seconds.
Warning: Simulation tolerance relaxed to achieve convergence from 2.3813075533336394e-04 to 2.3813075533336494e-04 seconds.
Warning: Simulation tolerance relaxed to achieve convergence from 2.3813075533343414e-04 to 2.3813075533343515e-04 seconds.
Warning: Simulation tolerance relaxed to achieve convergence from 2.3813075533347025e-04 to 2.3813075533347125e-04 seconds.
Warning: Simulation tolerance relaxed to achieve convergence from 2.3813075533351036e-04 to 2.3813075533351137e-04 seconds.
Warning: Simulation tolerance relaxed to achieve convergence from 2.3813075533353343e-04 to 2.3813075533353443e-04 seconds.
Warning: Simulation tolerance relaxed to achieve convergence from 2.3813075533362369e-04 to 2.3813075533362469e-04 seconds.
Warning: Simulation tolerance relaxed to achieve convergence from 2.3813075533371696e-04 to 2.3813075533371796e-04 seconds.
Warning: Simulation tolerance relaxed to achieve convergence from 2.3813075533377412e-04 to 2.3813075533377513e-04 seconds.
Warning: Simulation tolerance relaxed to achieve convergence from 2.3813075533381825e-04 to 2.3813075533381925e-04 seconds.
Warning: Simulation tolerance relaxed to achieve convergence from 2.3813075533405894e-04 to 2.3813075533405995e-04 seconds.
Warning: Simulation tolerance relaxed to achieve convergence from 2.3813075533432170e-04 to 2.3813075533432270e-04 seconds.
Warning: Simulation tolerance relaxed to achieve convergence from 2.3813075533484320e-04 to 2.3813075533484420e-04 seconds.
Warning: Simulation tolerance relaxed to achieve convergence from 2.3813075533497157e-04 to 2.3813075533497257e-04 seconds.
Warning: Simulation tolerance relaxed to achieve convergence from 2.3813075533598348e-04 to 2.3813075533598449e-04 seconds.
Warning: Simulation tolerance relaxed to achieve convergence from 2.3813075533635455e-04 to 2.3813075533635555e-04 seconds.
Warning: Simulation tolerance relaxed to achieve convergence from 2.3813075533637060e-04 to 2.3813075533637160e-04 seconds.
Warning: Simulation tolerance relaxed to achieve convergence from 2.3813075533638263e-04 to 2.3813075533638363e-04 seconds.
Warning: Simulation tolerance relaxed to achieve convergence from 2.3813075533648693e-04 to 2.3813075533648794e-04 seconds.
Warning: Simulation tolerance relaxed to achieve convergence from 2.3813075533657920e-04 to 2.3813075533658020e-04 seconds.
Warning: Simulation tolerance relaxed to achieve convergence from 2.3813075533659524e-04 to 2.3813075533659625e-04 seconds.
Warning: Simulation tolerance relaxed to achieve convergence from 2.3813075533661430e-04 to 2.3813075533661530e-04 seconds.
Warning: Simulation tolerance relaxed to achieve convergence from 2.3813075533670055e-04 to 2.3813075533670155e-04 seconds.
Warning: Simulation tolerance relaxed to achieve convergence from 2.3813075533677978e-04 to 2.3813075533678078e-04 seconds.
Warning: Simulation tolerance relaxed to achieve convergence from 2.3813075533700141e-04 to 2.3813075533700242e-04 seconds.
Warning: Simulation tolerance relaxed to achieve convergence from 2.3813075533931006e-04 to 2.3813075533931106e-04 seconds.
Warning: Simulation tolerance relaxed to achieve convergence from 2.3813075533950362e-04 to 2.3813075533950462e-04 seconds.
Warning: Simulation tolerance relaxed to achieve convergence from 2.3813075533955878e-04 to 2.3813075533955978e-04 seconds.
Warning: Simulation tolerance relaxed to achieve convergence from 2.3813075533979746e-04 to 2.3813075533979847e-04 seconds.
Warning: Simulation tolerance relaxed to achieve convergence from 2.3813075533991881e-04 to 2.3813075533991981e-04 seconds.
Warning: Simulation tolerance relaxed to achieve convergence from 2.3813075534047541e-04 to 2.3813075534047642e-04 seconds.
Warning: Simulation tolerance relaxed to achieve convergence from 2.3813075534048043e-04 to 2.3813075534048143e-04 seconds.
Warning: Simulation tolerance relaxed to achieve convergence from 2.3813075534071109e-04 to 2.3813075534071210e-04 seconds.
Warning: Simulation tolerance relaxed to achieve convergence from 2.3813075534097886e-04 to 2.3813075534097987e-04 seconds.
Warning: Simulation tolerance relaxed to achieve convergence from 2.3813075534451304e-04 to 2.3813075534451404e-04 seconds.
Warning: Simulation tolerance relaxed to achieve convergence from 2.3813075534599029e-04 to 2.3813075534599129e-04 seconds.
Warning: Simulation tolerance relaxed to achieve convergence from 2.3813075534639044e-04 to 2.3813075534639144e-04 seconds.
Warning: Simulation tolerance relaxed to achieve convergence from 2.3813075534661108e-04 to 2.3813075534661208e-04 seconds.
Warning: Simulation tolerance relaxed to achieve convergence from 2.3813075534670134e-04 to 2.3813075534670234e-04 seconds.
Warning: Simulation tolerance relaxed to achieve convergence from 2.3813075534671437e-04 to 2.3813075534671538e-04 seconds.
Warning: Simulation tolerance relaxed to achieve convergence from 2.3813075534676051e-04 to 2.3813075534676151e-04 seconds.
Warning: Simulation tolerance relaxed to achieve convergence from 2.3813075534766411e-04 to 2.3813075534766511e-04 seconds.
Warning: Simulation tolerance relaxed to achieve convergence from 2.3813075534777844e-04 to 2.3813075534777944e-04 seconds.
Warning: Simulation tolerance relaxed to achieve convergence from 2.3813075534824779e-04 to 2.3813075534824879e-04 seconds.
Warning: Simulation tolerance relaxed to achieve convergence from 2.3813075534825782e-04 to 2.3813075534825882e-04 seconds.
Warning: Simulation tolerance relaxed to achieve convergence from 2.3813075534826283e-04 to 2.3813075534826383e-04 seconds.
Warning: Simulation tolerance relaxed to achieve convergence from 2.3813075534856470e-04 to 2.3813075534856570e-04 seconds.
Warning: Simulation tolerance relaxed to achieve convergence from 2.3813075534863189e-04 to 2.3813075534863290e-04 seconds.
Warning: Simulation tolerance relaxed to achieve convergence from 2.3813075534863691e-04 to 2.3813075534863791e-04 seconds.
Warning: Simulation tolerance relaxed to achieve convergence from 2.3813075534919853e-04 to 2.3813075534919953e-04 seconds.
Warning: Simulation tolerance relaxed to achieve convergence from 2.3813075534920855e-04 to 2.3813075534920956e-04 seconds.
Warning: Simulation tolerance relaxed to achieve convergence from 2.3813075534921056e-04 to 2.3813075534921156e-04 seconds.
Warning: Simulation tolerance relaxed to achieve convergence from 2.3813075535547660e-04 to 2.3813075535547760e-04 seconds.
Warning: Simulation tolerance relaxed to achieve convergence from 2.3813075535616759e-04 to 2.3813075535616859e-04 seconds.
Warning: Simulation tolerance relaxed to achieve convergence from 2.3813075535879415e-04 to 2.3813075535879515e-04 seconds.
Warning: Simulation tolerance relaxed to achieve convergence from 2.3813075535885733e-04 to 2.3813075535885833e-04 seconds.
Warning: Simulation tolerance relaxed to achieve convergence from 2.3813075535887338e-04 to 2.3813075535887438e-04 seconds.
Warning: Simulation tolerance relaxed to achieve convergence from 2.3813075535891349e-04 to 2.3813075535891449e-04 seconds.
Warning: Simulation tolerance relaxed to achieve convergence from 2.3813075535893756e-04 to 2.3813075535893856e-04 seconds.
Warning: Simulation tolerance relaxed to achieve convergence from 2.3813075535895762e-04 to 2.3813075535895862e-04 seconds.
Warning: Simulation tolerance relaxed to achieve convergence from 2.3813075535897567e-04 to 2.3813075535897667e-04 seconds.
Warning: Simulation tolerance relaxed to achieve convergence from 2.3813075535899071e-04 to 2.3813075535899172e-04 seconds.
Warning: Simulation tolerance relaxed to achieve convergence from 2.3813075535901278e-04 to 2.3813075535901378e-04 seconds.
Warning: Simulation tolerance relaxed to achieve convergence from 2.3813075535936178e-04 to 2.3813075535936278e-04 seconds.
Warning: Simulation tolerance relaxed to achieve convergence from 2.3813075535936680e-04 to 2.3813075535936780e-04 seconds.
Warning: Simulation tolerance relaxed to achieve convergence from 2.3813075536018214e-04 to 2.3813075536018315e-04 seconds.
Warning: Simulation tolerance relaxed to achieve convergence from 2.3813075536025235e-04 to 2.3813075536025335e-04 seconds.
Warning: Simulation tolerance relaxed to achieve convergence from 2.3813075536060436e-04 to 2.3813075536060536e-04 seconds.
Warning: Simulation tolerance relaxed to achieve convergence from 2.3813075536061639e-04 to 2.3813075536061740e-04 seconds.
Warning: Simulation tolerance relaxed to achieve convergence from 2.3813075536061940e-04 to 2.3813075536062041e-04 seconds.
Warning: Simulation tolerance relaxed to achieve convergence from 2.3813075536224709e-04 to 2.3813075536224809e-04 seconds.
Warning: Simulation tolerance relaxed to achieve convergence from 2.3813075536251185e-04 to 2.3813075536251285e-04 seconds.
Warning: Simulation tolerance relaxed to achieve convergence from 2.3813075536312161e-04 to 2.3813075536312261e-04 seconds.
Warning: Simulation tolerance relaxed to achieve convergence from 2.3813075536384068e-04 to 2.3813075536384168e-04 seconds.
Warning: Simulation tolerance relaxed to achieve convergence from 2.3813075536390486e-04 to 2.3813075536390586e-04 seconds.
Warning: Simulation tolerance relaxed to achieve convergence from 2.3813075536393394e-04 to 2.3813075536393495e-04 seconds.
Warning: Simulation tolerance relaxed to achieve convergence from 2.3813075536494485e-04 to 2.3813075536494586e-04 seconds.
Warning: Simulation tolerance relaxed to achieve convergence from 2.3813075536494686e-04 to 2.3813075536494786e-04 seconds.
Warning: Simulation tolerance relaxed to achieve convergence from 2.3813075536495889e-04 to 2.3813075536495990e-04 seconds.
Warning: Simulation tolerance relaxed to achieve convergence from 2.3813075536497996e-04 to 2.3813075536498096e-04 seconds.
Warning: Simulation tolerance relaxed to achieve convergence from 2.3813075536506319e-04 to 2.3813075536506420e-04 seconds.
Warning: Simulation tolerance relaxed to achieve convergence from 2.3813075536511534e-04 to 2.3813075536511635e-04 seconds.
Warning: Simulation tolerance relaxed to achieve convergence from 2.3813075536514643e-04 to 2.3813075536514744e-04 seconds.
Warning: Simulation tolerance relaxed to achieve convergence from 2.3813075536518856e-04 to 2.3813075536518956e-04 seconds.
Warning: Simulation tolerance relaxed to achieve convergence from 2.3813075536519056e-04 to 2.3813075536519156e-04 seconds.
Warning: Simulation tolerance relaxed to achieve convergence from 2.3813075536519257e-04 to 2.3813075536519357e-04 seconds.
Warning: Simulation tolerance relaxed to achieve convergence from 2.3813075536525475e-04 to 2.3813075536525575e-04 seconds.
Warning: Simulation tolerance relaxed to achieve convergence from 2.3813075536526578e-04 to 2.3813075536526678e-04 seconds.
Warning: Simulation tolerance relaxed to achieve convergence from 2.3813075536527480e-04 to 2.3813075536527581e-04 seconds.
Warning: Simulation tolerance relaxed to achieve convergence from 2.3813075536528784e-04 to 2.3813075536528884e-04 seconds.
Warning: Simulation tolerance relaxed to achieve convergence from 2.3813075536535002e-04 to 2.3813075536535102e-04 seconds.
Warning: Simulation tolerance relaxed to achieve convergence from 2.3813075536537509e-04 to 2.3813075536537610e-04 seconds.
Warning: Simulation tolerance relaxed to achieve convergence from 2.3813075536540518e-04 to 2.3813075536540618e-04 seconds.
Warning: Simulation tolerance relaxed to achieve convergence from 2.3813075536541320e-04 to 2.3813075536541421e-04 seconds.
Warning: Simulation tolerance relaxed to achieve convergence from 2.3813075536629173e-04 to 2.3813075536629273e-04 seconds.
Warning: Simulation tolerance relaxed to achieve convergence from 2.3813075536631981e-04 to 2.3813075536632081e-04 seconds.
Warning: Simulation tolerance relaxed to achieve convergence from 2.3813075536814607e-04 to 2.3813075536814707e-04 seconds.
Warning: Simulation tolerance relaxed to achieve convergence from 2.3813075537348444e-04 to 2.3813075537348544e-04 seconds.
Warning: Simulation tolerance relaxed to achieve convergence from 2.3813075537414233e-04 to 2.3813075537414333e-04 seconds.
Warning: Simulation tolerance relaxed to achieve convergence from 2.3813075537766246e-04 to 2.3813075537766347e-04 seconds.
Warning: Simulation tolerance relaxed to achieve convergence from 2.3813075537772063e-04 to 2.3813075537772163e-04 seconds.
Warning: Simulation tolerance relaxed to achieve convergence from 2.3813075537812981e-04 to 2.3813075537813081e-04 seconds.
Warning: Simulation tolerance relaxed to achieve convergence from 2.3813075538752486e-04 to 2.3813075538752586e-04 seconds.
Warning: Simulation tolerance relaxed to achieve convergence from 2.3813075539076819e-04 to 2.3813075539076919e-04 seconds.
Warning: Simulation tolerance relaxed to achieve convergence from 2.3813075539579065e-04 to 2.3813075539579165e-04 seconds.
Warning: Simulation tolerance relaxed to achieve convergence from 2.3813075539596816e-04 to 2.3813075539596916e-04 seconds.
Warning: Simulation tolerance relaxed to achieve convergence from 2.3813075539599123e-04 to 2.3813075539599223e-04 seconds.
Warning: Simulation tolerance relaxed to achieve convergence from 2.3813075539602131e-04 to 2.3813075539602232e-04 seconds.
Warning: Simulation tolerance relaxed to achieve convergence from 2.3813075539967684e-04 to 2.3813075539967784e-04 seconds.
Warning: Simulation tolerance relaxed to achieve convergence from 2.3813075539980521e-04 to 2.3813075539980621e-04 seconds.
Warning: Simulation tolerance relaxed to achieve convergence from 2.3813075540219910e-04 to 2.3813075540220010e-04 seconds.
Warning: Simulation tolerance relaxed to achieve convergence from 2.3813075540463210e-04 to 2.3813075540463310e-04 seconds.
Warning: Simulation tolerance relaxed to achieve convergence from 2.3813075540473038e-04 to 2.3813075540473139e-04 seconds.
Warning: Simulation tolerance relaxed to achieve convergence from 2.3813075540543842e-04 to 2.3813075540543943e-04 seconds.
Warning: Simulation tolerance relaxed to achieve convergence from 2.3813075540936473e-04 to 2.3813075540936573e-04 seconds.
Warning: Simulation tolerance relaxed to achieve convergence from 2.3813075540937074e-04 to 2.3813075540937175e-04 seconds.
Warning: Simulation tolerance relaxed to achieve convergence from 2.3813075540939782e-04 to 2.3813075540939882e-04 seconds.
Warning: Simulation tolerance relaxed to achieve convergence from 2.3813075540940384e-04 to 2.3813075540940484e-04 seconds.
Warning: Simulation tolerance relaxed to achieve convergence from 2.3813075540942289e-04 to 2.3813075540942390e-04 seconds.
Warning: Simulation tolerance relaxed to achieve convergence from 2.3813075540942791e-04 to 2.3813075540942891e-04 seconds.
Warning: Simulation tolerance relaxed to achieve convergence from 2.3813075540943092e-04 to 2.3813075540943192e-04 seconds.
Warning: Simulation tolerance relaxed to achieve convergence from 2.3813075540944696e-04 to 2.3813075540944797e-04 seconds.
Warning: Simulation tolerance relaxed to achieve convergence from 2.3813075540945599e-04 to 2.3813075540945699e-04 seconds.
Warning: Simulation tolerance relaxed to achieve convergence from 2.3813075540974783e-04 to 2.3813075540974883e-04 seconds.
Warning: Simulation tolerance relaxed to achieve convergence from 2.3813075541006173e-04 to 2.3813075541006273e-04 seconds.
Warning: Simulation tolerance relaxed to achieve convergence from 2.3813075541010586e-04 to 2.3813075541010686e-04 seconds.
Warning: Simulation tolerance relaxed to achieve convergence from 2.3813075541013695e-04 to 2.3813075541013795e-04 seconds.
Warning: Simulation tolerance relaxed to achieve convergence from 2.3813075541016001e-04 to 2.3813075541016102e-04 seconds.
Warning: Simulation tolerance relaxed to achieve convergence from 2.3813075541016603e-04 to 2.3813075541016704e-04 seconds.
Warning: Simulation tolerance relaxed to achieve convergence from 2.3813075541018910e-04 to 2.3813075541019010e-04 seconds.
Warning: Simulation tolerance relaxed to achieve convergence from 2.3813075541019411e-04 to 2.3813075541019512e-04 seconds.
Warning: Simulation tolerance relaxed to achieve convergence from 2.3813075541020013e-04 to 2.3813075541020113e-04 seconds.
Warning: Simulation tolerance relaxed to achieve convergence from 2.3813075541020514e-04 to 2.3813075541020615e-04 seconds.
Warning: Simulation tolerance relaxed to achieve convergence from 2.3813075541025128e-04 to 2.3813075541025228e-04 seconds.
Warning: Simulation tolerance relaxed to achieve convergence from 2.3813075541025830e-04 to 2.3813075541025930e-04 seconds.
Warning: Simulation tolerance relaxed to achieve convergence from 2.3813075541026331e-04 to 2.3813075541026432e-04 seconds.
Warning: Simulation tolerance relaxed to achieve convergence from 2.3813075541026933e-04 to 2.3813075541027033e-04 seconds.
Warning: Simulation tolerance relaxed to achieve convergence from 2.3813075541027836e-04 to 2.3813075541027936e-04 seconds.
Warning: Simulation tolerance relaxed to achieve convergence from 2.3813075541041274e-04 to 2.3813075541041375e-04 seconds.
Warning: Simulation tolerance relaxed to achieve convergence from 2.3813075541047893e-04 to 2.3813075541047994e-04 seconds.
Warning: Simulation tolerance relaxed to achieve convergence from 2.3813075541048294e-04 to 2.3813075541048395e-04 seconds.
Warning: Simulation tolerance relaxed to achieve convergence from 2.3813075541055816e-04 to 2.3813075541055916e-04 seconds.
Warning: Simulation tolerance relaxed to achieve convergence from 2.3813075541077579e-04 to 2.3813075541077679e-04 seconds.
Warning: Simulation tolerance relaxed to achieve convergence from 2.3813075541081289e-04 to 2.3813075541081390e-04 seconds.
Warning: Simulation tolerance relaxed to achieve convergence from 2.3813075541089112e-04 to 2.3813075541089212e-04 seconds.
Warning: Simulation tolerance relaxed to achieve convergence from 2.3813075541090215e-04 to 2.3813075541090315e-04 seconds.
Warning: Simulation tolerance relaxed to achieve convergence from 2.3813075541091820e-04 to 2.3813075541091920e-04 seconds.
Warning: Simulation tolerance relaxed to achieve convergence from 2.3813075541094026e-04 to 2.3813075541094126e-04 seconds.
Warning: Simulation tolerance relaxed to achieve convergence from 2.3813075541101648e-04 to 2.3813075541101748e-04 seconds.
Warning: Simulation tolerance relaxed to achieve convergence from 2.3813075541323186e-04 to 2.3813075541323286e-04 seconds.
Warning: Simulation tolerance relaxed to achieve convergence from 2.3813075541385967e-04 to 2.3813075541386067e-04 seconds.
Warning: Simulation tolerance relaxed to achieve convergence from 2.3813075542947060e-04 to 2.3813075542947161e-04 seconds.
Warning: Simulation tolerance relaxed to achieve convergence from 2.3813075542947963e-04 to 2.3813075542948063e-04 seconds.
Warning: Simulation tolerance relaxed to achieve convergence from 2.3813075542948364e-04 to 2.3813075542948464e-04 seconds.
Warning: Simulation tolerance relaxed to achieve convergence from 2.3813075542949367e-04 to 2.3813075542949467e-04 seconds.
Warning: Simulation tolerance relaxed to achieve convergence from 2.3813075542969224e-04 to 2.3813075542969325e-04 seconds.
Warning: Simulation tolerance relaxed to achieve convergence from 2.3813075542969425e-04 to 2.3813075542969525e-04 seconds.
Warning: Simulation tolerance relaxed to achieve convergence from 2.3813075543181134e-04 to 2.3813075543181235e-04 seconds.
Warning: Simulation tolerance relaxed to achieve convergence from 2.3813075544006911e-04 to 2.3813075544007012e-04 seconds.
Warning: Simulation tolerance relaxed to achieve convergence from 2.3813075544007714e-04 to 2.3813075544007814e-04 seconds.
Warning: Simulation tolerance relaxed to achieve convergence from 2.3813075544008215e-04 to 2.3813075544008315e-04 seconds.
Warning: Simulation tolerance relaxed to achieve convergence from 2.3813075544009218e-04 to 2.3813075544009318e-04 seconds.
Warning: Simulation tolerance relaxed to achieve convergence from 2.3813075544056454e-04 to 2.3813075544056554e-04 seconds.
Warning: Simulation tolerance relaxed to achieve convergence from 2.3813075544060165e-04 to 2.3813075544060265e-04 seconds.
Warning: Simulation tolerance relaxed to achieve convergence from 2.3813075544062271e-04 to 2.3813075544062371e-04 seconds.
Warning: Simulation tolerance relaxed to achieve convergence from 2.3813075544068088e-04 to 2.3813075544068188e-04 seconds.
Warning: Simulation tolerance relaxed to achieve convergence from 2.3813075544068689e-04 to 2.3813075544068790e-04 seconds.
Warning: Simulation tolerance relaxed to achieve convergence from 2.3813075544069492e-04 to 2.3813075544069592e-04 seconds.
Warning: Simulation tolerance relaxed to achieve convergence from 2.3813075544070093e-04 to 2.3813075544070194e-04 seconds.
Warning: Simulation tolerance relaxed to achieve convergence from 2.3813075546919797e-04 to 2.3813075546919897e-04 seconds.
Warning: Simulation tolerance relaxed to achieve convergence from 2.3813075546934038e-04 to 2.3813075546934138e-04 seconds.
Warning: Simulation tolerance relaxed to achieve convergence from 2.3813075546936044e-04 to 2.3813075546936144e-04 seconds.
Warning: Simulation tolerance relaxed to achieve convergence from 2.3813075546940857e-04 to 2.3813075546940958e-04 seconds.
Warning: Simulation tolerance relaxed to achieve convergence from 2.3813075546943565e-04 to 2.3813075546943665e-04 seconds.
Warning: Simulation tolerance relaxed to achieve convergence from 2.3813075547020286e-04 to 2.3813075547020386e-04 seconds.
Warning: Simulation tolerance relaxed to achieve convergence from 2.3813075547020587e-04 to 2.3813075547020687e-04 seconds.
Warning: Simulation tolerance relaxed to achieve convergence from 2.3813075547021489e-04 to 2.3813075547021590e-04 seconds.
Warning: Simulation tolerance relaxed to achieve convergence from 2.3813075547057293e-04 to 2.3813075547057393e-04 seconds.
Warning: Simulation tolerance relaxed to achieve convergence from 2.3813075547071935e-04 to 2.3813075547072035e-04 seconds.
Warning: Simulation tolerance relaxed to achieve convergence from 2.3813075547075044e-04 to 2.3813075547075144e-04 seconds.
Warning: Simulation tolerance relaxed to achieve convergence from 2.3813075547103024e-04 to 2.3813075547103124e-04 seconds.
Warning: Simulation tolerance relaxed to achieve convergence from 2.3813075547105832e-04 to 2.3813075547105933e-04 seconds.
Warning: Simulation tolerance relaxed to achieve convergence from 2.3813075547107036e-04 to 2.3813075547107136e-04 seconds.
Warning: Simulation tolerance relaxed to achieve convergence from 2.3813075547139228e-04 to 2.3813075547139329e-04 seconds.
Warning: Simulation tolerance relaxed to achieve convergence from 2.3813075547147853e-04 to 2.3813075547147954e-04 seconds.
Warning: Simulation tolerance relaxed to achieve convergence from 2.3813075547148756e-04 to 2.3813075547148856e-04 seconds.
Warning: Simulation tolerance relaxed to achieve convergence from 2.3813075547152567e-04 to 2.3813075547152667e-04 seconds.
Warning: Simulation tolerance relaxed to achieve convergence from 2.3813075547155575e-04 to 2.3813075547155676e-04 seconds.
Warning: Simulation tolerance relaxed to achieve convergence from 2.3813075547160389e-04 to 2.3813075547160490e-04 seconds.
Warning: Simulation tolerance relaxed to achieve convergence from 2.3813075547160590e-04 to 2.3813075547160690e-04 seconds.
Warning: Simulation tolerance relaxed to achieve convergence from 2.3813075547163097e-04 to 2.3813075547163197e-04 seconds.
Warning: Simulation tolerance relaxed to achieve convergence from 2.3813075547163498e-04 to 2.3813075547163599e-04 seconds.
Warning: Simulation tolerance relaxed to achieve convergence from 2.3813075547165604e-04 to 2.3813075547165705e-04 seconds.
Warning: Simulation tolerance relaxed to achieve convergence from 2.3813075547166005e-04 to 2.3813075547166106e-04 seconds.
Warning: Simulation tolerance relaxed to achieve convergence from 2.3813075547168412e-04 to 2.3813075547168513e-04 seconds.
Warning: Simulation tolerance relaxed to achieve convergence from 2.3813075547168814e-04 to 2.3813075547168914e-04 seconds.
Warning: Simulation tolerance relaxed to achieve convergence from 2.3813075547172725e-04 to 2.3813075547172825e-04 seconds.
Warning: Simulation tolerance relaxed to achieve convergence from 2.3813075547186966e-04 to 2.3813075547187066e-04 seconds.
Warning: Simulation tolerance relaxed to achieve convergence from 2.3813075547187166e-04 to 2.3813075547187267e-04 seconds.
Warning: Simulation tolerance relaxed to achieve convergence from 2.3813075547187668e-04 to 2.3813075547187768e-04 seconds.
Warning: Simulation tolerance relaxed to achieve convergence from 2.3813075547190677e-04 to 2.3813075547190777e-04 seconds.
Warning: Simulation tolerance relaxed to achieve convergence from 2.3813075547342112e-04 to 2.3813075547342213e-04 seconds.
Warning: Simulation tolerance relaxed to achieve convergence from 2.3813075547347628e-04 to 2.3813075547347729e-04 seconds.
Warning: Simulation tolerance relaxed to achieve convergence from 2.3813075547411312e-04 to 2.3813075547411412e-04 seconds.
Warning: Simulation tolerance relaxed to achieve convergence from 2.3813075547504981e-04 to 2.3813075547505082e-04 seconds.
Warning: Simulation tolerance relaxed to achieve convergence from 2.3813075547506385e-04 to 2.3813075547506486e-04 seconds.
Warning: Simulation tolerance relaxed to achieve convergence from 2.3813075547579396e-04 to 2.3813075547579496e-04 seconds.
Warning: Simulation tolerance relaxed to achieve convergence from 2.3813075547580098e-04 to 2.3813075547580198e-04 seconds.
Warning: Simulation tolerance relaxed to achieve convergence from 2.3813075547580298e-04 to 2.3813075547580398e-04 seconds.
Warning: Simulation tolerance relaxed to achieve convergence from 2.3813075547582404e-04 to 2.3813075547582504e-04 seconds.
Warning: Simulation tolerance relaxed to achieve convergence from 2.3813075547583307e-04 to 2.3813075547583407e-04 seconds.
Warning: Simulation tolerance relaxed to achieve convergence from 2.3813075547588923e-04 to 2.3813075547589023e-04 seconds.
Warning: Simulation tolerance relaxed to achieve convergence from 2.3813075547630543e-04 to 2.3813075547630643e-04 seconds.
Warning: Simulation tolerance relaxed to achieve convergence from 2.3813075547635256e-04 to 2.3813075547635357e-04 seconds.
Warning: Simulation tolerance relaxed to achieve convergence from 2.3813075547635457e-04 to 2.3813075547635557e-04 seconds.
Warning: Simulation tolerance relaxed to achieve convergence from 2.3813075547637864e-04 to 2.3813075547637964e-04 seconds.
Warning: Simulation tolerance relaxed to achieve convergence from 2.3813075547638064e-04 to 2.3813075547638165e-04 seconds.
Warning: Simulation tolerance relaxed to achieve convergence from 2.3813075547639870e-04 to 2.3813075547639970e-04 seconds.
Warning: Simulation tolerance relaxed to achieve convergence from 2.3813075547662234e-04 to 2.3813075547662334e-04 seconds.
Warning: Simulation tolerance relaxed to achieve convergence from 2.3813075547662735e-04 to 2.3813075547662836e-04 seconds.
Warning: Simulation tolerance relaxed to achieve convergence from 2.3813075547666747e-04 to 2.3813075547666847e-04 seconds.
Warning: Simulation tolerance relaxed to achieve convergence from 2.3813075547667349e-04 to 2.3813075547667449e-04 seconds.
Warning: Simulation tolerance relaxed to achieve convergence from 2.3813075547668251e-04 to 2.3813075547668352e-04 seconds.
Warning: Simulation tolerance relaxed to achieve convergence from 2.3813075547683997e-04 to 2.3813075547684097e-04 seconds.
Warning: Simulation tolerance relaxed to achieve convergence from 2.3813075547686604e-04 to 2.3813075547686704e-04 seconds.
Warning: Simulation tolerance relaxed to achieve convergence from 2.3813075547687507e-04 to 2.3813075547687607e-04 seconds.
Warning: Simulation tolerance relaxed to achieve convergence from 2.3813075547812166e-04 to 2.3813075547812266e-04 seconds.
Warning: Simulation tolerance relaxed to achieve convergence from 2.3813075547822896e-04 to 2.3813075547822997e-04 seconds.
Warning: Simulation tolerance relaxed to achieve convergence from 2.3813075547847467e-04 to 2.3813075547847568e-04 seconds.
Warning: Simulation tolerance relaxed to achieve convergence from 2.3813075547890290e-04 to 2.3813075547890391e-04 seconds.
Warning: Simulation tolerance relaxed to achieve convergence from 2.3813075548058876e-04 to 2.3813075548058976e-04 seconds.
Warning: Simulation tolerance relaxed to achieve convergence from 2.3813075548060982e-04 to 2.3813075548061082e-04 seconds.
Warning: Simulation tolerance relaxed to achieve convergence from 2.3813075548068604e-04 to 2.3813075548068704e-04 seconds.
Warning: Simulation tolerance relaxed to achieve convergence from 2.3813075548068804e-04 to 2.3813075548068905e-04 seconds.
Warning: Simulation tolerance relaxed to achieve convergence from 2.3813075548084449e-04 to 2.3813075548084550e-04 seconds.
Warning: Simulation tolerance relaxed to achieve convergence from 2.3813075548087257e-04 to 2.3813075548087358e-04 seconds.
Warning: Simulation tolerance relaxed to achieve convergence from 2.3813075548087458e-04 to 2.3813075548087558e-04 seconds.
Warning: Simulation tolerance relaxed to achieve convergence from 2.3813075548090467e-04 to 2.3813075548090567e-04 seconds.
Warning: Simulation tolerance relaxed to achieve convergence from 2.3813075548090667e-04 to 2.3813075548090768e-04 seconds.
Warning: Simulation tolerance relaxed to achieve convergence from 2.3813075548096885e-04 to 2.3813075548096986e-04 seconds.
Warning: Simulation tolerance relaxed to achieve convergence from 2.3813075548329655e-04 to 2.3813075548329756e-04 seconds.
Warning: Simulation tolerance relaxed to achieve convergence from 2.3813075548333867e-04 to 2.3813075548333968e-04 seconds.
Warning: Simulation tolerance relaxed to achieve convergence from 2.3813075548335271e-04 to 2.3813075548335372e-04 seconds.
Warning: Simulation tolerance relaxed to achieve convergence from 2.3813075548479186e-04 to 2.3813075548479286e-04 seconds.
Warning: Simulation tolerance relaxed to achieve convergence from 2.3813075548524215e-04 to 2.3813075548524316e-04 seconds.
Warning: Simulation tolerance relaxed to achieve convergence from 2.3813075548526923e-04 to 2.3813075548527023e-04 seconds.
Warning: Simulation tolerance relaxed to achieve convergence from 2.3813075548531637e-04 to 2.3813075548531737e-04 seconds.
Warning: Simulation tolerance relaxed to achieve convergence from 2.3813075548532840e-04 to 2.3813075548532940e-04 seconds.
Warning: Simulation tolerance relaxed to achieve convergence from 2.3813075548533041e-04 to 2.3813075548533141e-04 seconds.
Warning: Simulation tolerance relaxed to achieve convergence from 2.3813075548534345e-04 to 2.3813075548534445e-04 seconds.
Warning: Simulation tolerance relaxed to achieve convergence from 2.3813075548534946e-04 to 2.3813075548535047e-04 seconds.
Warning: Simulation tolerance relaxed to achieve convergence from 2.3813075548539058e-04 to 2.3813075548539158e-04 seconds.
Warning: Simulation tolerance relaxed to achieve convergence from 2.3813075548559216e-04 to 2.3813075548559316e-04 seconds.
Warning: Simulation tolerance relaxed to achieve convergence from 2.3813075548566136e-04 to 2.3813075548566236e-04 seconds.
Warning: Simulation tolerance relaxed to achieve convergence from 2.3813075548567941e-04 to 2.3813075548568042e-04 seconds.
Warning: Simulation tolerance relaxed to achieve convergence from 2.3813075548569947e-04 to 2.3813075548570047e-04 seconds.
Warning: Simulation tolerance relaxed to achieve convergence from 2.3813075548570148e-04 to 2.3813075548570248e-04 seconds.
Warning: Simulation tolerance relaxed to achieve convergence from 2.3813075548582082e-04 to 2.3813075548582182e-04 seconds.
Warning: Simulation tolerance relaxed to achieve convergence from 2.3813075548584589e-04 to 2.3813075548584689e-04 seconds.
Warning: Simulation tolerance relaxed to achieve convergence from 2.3813075548584790e-04 to 2.3813075548584890e-04 seconds.
Warning: Simulation tolerance relaxed to achieve convergence from 2.3813075548586294e-04 to 2.3813075548586394e-04 seconds.
Warning: Simulation tolerance relaxed to achieve convergence from 2.3813075548669835e-04 to 2.3813075548669935e-04 seconds.
Warning: Simulation tolerance relaxed to achieve convergence from 2.3813075548673345e-04 to 2.3813075548673445e-04 seconds.
Warning: Simulation tolerance relaxed to achieve convergence from 2.3813075548735825e-04 to 2.3813075548735925e-04 seconds.
Warning: Simulation tolerance relaxed to achieve convergence from 2.3813075548736326e-04 to 2.3813075548736426e-04 seconds.
Warning: Simulation tolerance relaxed to achieve convergence from 2.3813075548933794e-04 to 2.3813075548933895e-04 seconds.
Warning: Simulation tolerance relaxed to achieve convergence from 2.3813075549009111e-04 to 2.3813075549009212e-04 seconds.
Warning: Simulation tolerance relaxed to achieve convergence from 2.3813075549013624e-04 to 2.3813075549013725e-04 seconds.
Warning: Simulation tolerance relaxed to achieve convergence from 2.3813075549015831e-04 to 2.3813075549015931e-04 seconds.
Warning: Simulation tolerance relaxed to achieve convergence from 2.3813075549087437e-04 to 2.3813075549087537e-04 seconds.
Warning: Simulation tolerance relaxed to achieve convergence from 2.3813075549088941e-04 to 2.3813075549089041e-04 seconds.
Warning: Simulation tolerance relaxed to achieve convergence from 2.3813075549113512e-04 to 2.3813075549113612e-04 seconds.
Warning: Simulation tolerance relaxed to achieve convergence from 2.3813075549120733e-04 to 2.3813075549120833e-04 seconds.
Warning: Simulation tolerance relaxed to achieve convergence from 2.3813075549126248e-04 to 2.3813075549126349e-04 seconds.
Warning: Simulation tolerance relaxed to achieve convergence from 2.3813075549127853e-04 to 2.3813075549127953e-04 seconds.
Warning: Simulation tolerance relaxed to achieve convergence from 2.3813075549435439e-04 to 2.3813075549435539e-04 seconds.
Warning: Simulation tolerance relaxed to achieve convergence from 2.3813075549457402e-04 to 2.3813075549457502e-04 seconds.
Warning: Simulation tolerance relaxed to achieve convergence from 2.3813075549489695e-04 to 2.3813075549489795e-04 seconds.
Warning: Simulation tolerance relaxed to achieve convergence from 2.3813075549492804e-04 to 2.3813075549492904e-04 seconds.
Warning: Simulation tolerance relaxed to achieve convergence from 2.3813075549493004e-04 to 2.3813075549493105e-04 seconds.
Warning: Simulation tolerance relaxed to achieve convergence from 2.3813075549495712e-04 to 2.3813075549495812e-04 seconds.
Warning: Simulation tolerance relaxed to achieve convergence from 2.3813075549496013e-04 to 2.3813075549496113e-04 seconds.
Warning: Simulation tolerance relaxed to achieve convergence from 2.3813075549497918e-04 to 2.3813075549498019e-04 seconds.
Warning: Simulation tolerance relaxed to achieve convergence from 2.3813075549498119e-04 to 2.3813075549498219e-04 seconds.
Warning: Simulation tolerance relaxed to achieve convergence from 2.3813075549500626e-04 to 2.3813075549500726e-04 seconds.
Warning: Simulation tolerance relaxed to achieve convergence from 2.3813075549501830e-04 to 2.3813075549501930e-04 seconds.
Warning: Simulation tolerance relaxed to achieve convergence from 2.3813075549503936e-04 to 2.3813075549504036e-04 seconds.
Warning: Simulation tolerance relaxed to achieve convergence from 2.3813075549508348e-04 to 2.3813075549508449e-04 seconds.
Warning: Simulation tolerance relaxed to achieve convergence from 2.3813075549517675e-04 to 2.3813075549517776e-04 seconds.
Warning: Simulation tolerance relaxed to achieve convergence from 2.3813075549522088e-04 to 2.3813075549522188e-04 seconds.
Warning: Simulation tolerance relaxed to achieve convergence from 2.3813075549523392e-04 to 2.3813075549523492e-04 seconds.
Warning: Simulation tolerance relaxed to achieve convergence from 2.3813075549525297e-04 to 2.3813075549525397e-04 seconds.
Warning: Simulation tolerance relaxed to achieve convergence from 2.3813075549526200e-04 to 2.3813075549526300e-04 seconds.
Warning: Simulation tolerance relaxed to achieve convergence from 2.3813075549526701e-04 to 2.3813075549526802e-04 seconds.
Warning: Simulation tolerance relaxed to achieve convergence from 2.3813075549528607e-04 to 2.3813075549528707e-04 seconds.
Warning: Simulation tolerance relaxed to achieve convergence from 2.3813075549532518e-04 to 2.3813075549532618e-04 seconds.
Warning: Simulation tolerance relaxed to achieve convergence from 2.3813075549536530e-04 to 2.3813075549536630e-04 seconds.
Warning: Simulation tolerance relaxed to achieve convergence from 2.3813075549538234e-04 to 2.3813075549538335e-04 seconds.
Warning: Simulation tolerance relaxed to achieve convergence from 2.3813075549541343e-04 to 2.3813075549541444e-04 seconds.
Warning: Simulation tolerance relaxed to achieve convergence from 2.3813075549542948e-04 to 2.3813075549543048e-04 seconds.
Warning: Simulation tolerance relaxed to achieve convergence from 2.3813075549543149e-04 to 2.3813075549543249e-04 seconds.
Warning: Simulation tolerance relaxed to achieve convergence from 2.3813075549549366e-04 to 2.3813075549549467e-04 seconds.
Warning: Simulation tolerance relaxed to achieve convergence from 2.3813075549550971e-04 to 2.3813075549551071e-04 seconds.
Warning: Simulation tolerance relaxed to achieve convergence from 2.3813075549552576e-04 to 2.3813075549552676e-04 seconds.
Warning: Simulation tolerance relaxed to achieve convergence from 2.3813075549565312e-04 to 2.3813075549565413e-04 seconds.
Warning: Simulation tolerance relaxed to achieve convergence from 2.3813075549569524e-04 to 2.3813075549569625e-04 seconds.
Warning: Simulation tolerance relaxed to achieve convergence from 2.3813075549589883e-04 to 2.3813075549589983e-04 seconds.
Warning: Simulation tolerance relaxed to achieve convergence from 2.3813075549591087e-04 to 2.3813075549591187e-04 seconds.
Warning: Simulation tolerance relaxed to achieve convergence from 2.3813075549591588e-04 to 2.3813075549591688e-04 seconds.
Warning: Simulation tolerance relaxed to achieve convergence from 2.3813075549592591e-04 to 2.3813075549592691e-04 seconds.
Warning: Simulation tolerance relaxed to achieve convergence from 2.3813075549593293e-04 to 2.3813075549593393e-04 seconds.
Warning: Simulation tolerance relaxed to achieve convergence from 2.3813075549595299e-04 to 2.3813075549595399e-04 seconds.
Warning: Simulation tolerance relaxed to achieve convergence from 2.3813075549605528e-04 to 2.3813075549605628e-04 seconds.
Warning: Simulation tolerance relaxed to achieve convergence from 2.3813075549606130e-04 to 2.3813075549606230e-04 seconds.
Warning: Simulation tolerance relaxed to achieve convergence from 2.3813075549663094e-04 to 2.3813075549663194e-04 seconds.
Warning: Simulation tolerance relaxed to achieve convergence from 2.3813075549672020e-04 to 2.3813075549672120e-04 seconds.
Warning: Simulation tolerance relaxed to achieve convergence from 2.3813075549709427e-04 to 2.3813075549709528e-04 seconds.
Warning: Simulation tolerance relaxed to achieve convergence from 2.3813075549723167e-04 to 2.3813075549723267e-04 seconds.
Warning: Simulation tolerance relaxed to achieve convergence from 2.3813075549723769e-04 to 2.3813075549723869e-04 seconds.
Warning: Simulation tolerance relaxed to achieve convergence from 2.3813075549724471e-04 to 2.3813075549724571e-04 seconds.
Warning: Simulation tolerance relaxed to achieve convergence from 2.3813075549725373e-04 to 2.3813075549725473e-04 seconds.
Warning: Simulation tolerance relaxed to achieve convergence from 2.3813075549725574e-04 to 2.3813075549725674e-04 seconds.
Warning: Simulation tolerance relaxed to achieve convergence from 2.3813075549726075e-04 to 2.3813075549726175e-04 seconds.
Warning: Simulation tolerance relaxed to achieve convergence from 2.3813075549727279e-04 to 2.3813075549727379e-04 seconds.
Warning: Simulation tolerance relaxed to achieve convergence from 2.3813075549727780e-04 to 2.3813075549727880e-04 seconds.
Warning: Simulation tolerance relaxed to achieve convergence from 2.3813075549788756e-04 to 2.3813075549788856e-04 seconds.
Warning: Simulation tolerance relaxed to achieve convergence from 2.3813075549791163e-04 to 2.3813075549791263e-04 seconds.
Warning: Simulation tolerance relaxed to achieve convergence from 2.3813075549864173e-04 to 2.3813075549864273e-04 seconds.
Warning: Simulation tolerance relaxed to achieve convergence from 2.3813075549864875e-04 to 2.3813075549864975e-04 seconds.
Warning: Simulation tolerance relaxed to achieve convergence from 2.3813075549865476e-04 to 2.3813075549865577e-04 seconds.
Warning: Simulation tolerance relaxed to achieve convergence from 2.3813075549866279e-04 to 2.3813075549866379e-04 seconds.
Warning: Simulation tolerance relaxed to achieve convergence from 2.3813075549867081e-04 to 2.3813075549867181e-04 seconds.
Warning: Simulation tolerance relaxed to achieve convergence from 2.3813075549868385e-04 to 2.3813075549868485e-04 seconds.
Warning: Simulation tolerance relaxed to achieve convergence from 2.3813075550166142e-04 to 2.3813075550166242e-04 seconds.
Warning: Simulation tolerance relaxed to achieve convergence from 2.3813075550170655e-04 to 2.3813075550170755e-04 seconds.
Warning: Simulation tolerance relaxed to achieve convergence from 2.3813075550172360e-04 to 2.3813075550172460e-04 seconds.
Warning: Simulation tolerance relaxed to achieve convergence from 2.3813075550212475e-04 to 2.3813075550212576e-04 seconds.
Warning: Simulation tolerance relaxed to achieve convergence from 2.3813075550251688e-04 to 2.3813075550251789e-04 seconds.
Warning: Simulation tolerance relaxed to achieve convergence from 2.3813075550257605e-04 to 2.3813075550257706e-04 seconds.
Warning: Simulation tolerance relaxed to achieve convergence from 2.3813075550259110e-04 to 2.3813075550259210e-04 seconds.
Warning: Simulation tolerance relaxed to achieve convergence from 2.3813075550267534e-04 to 2.3813075550267634e-04 seconds.
Warning: Simulation tolerance relaxed to achieve convergence from 2.3813075550274855e-04 to 2.3813075550274955e-04 seconds.
Warning: Simulation tolerance relaxed to achieve convergence from 2.3813075550276760e-04 to 2.3813075550276861e-04 seconds.
Warning: Simulation tolerance relaxed to achieve convergence from 2.3813075550278766e-04 to 2.3813075550278866e-04 seconds.
Warning: Simulation tolerance relaxed to achieve convergence from 2.3813075550281675e-04 to 2.3813075550281775e-04 seconds.
Warning: Simulation tolerance relaxed to achieve convergence from 2.3813075550287993e-04 to 2.3813075550288093e-04 seconds.
Warning: Simulation tolerance relaxed to achieve convergence from 2.3813075550292004e-04 to 2.3813075550292105e-04 seconds.
Warning: Simulation tolerance relaxed to achieve convergence from 2.3813075550301431e-04 to 2.3813075550301532e-04 seconds.
Warning: Simulation tolerance relaxed to achieve convergence from 2.3813075550303237e-04 to 2.3813075550303337e-04 seconds.
Warning: Simulation tolerance relaxed to achieve convergence from 2.3813075550309354e-04 to 2.3813075550309455e-04 seconds.
Warning: Simulation tolerance relaxed to achieve convergence from 2.3813075550312062e-04 to 2.3813075550312162e-04 seconds.
Warning: Simulation tolerance relaxed to achieve convergence from 2.3813075550458784e-04 to 2.3813075550458885e-04 seconds.
Warning: Simulation tolerance relaxed to achieve convergence from 2.3813075550767172e-04 to 2.3813075550767272e-04 seconds.
Warning: Simulation tolerance relaxed to achieve convergence from 2.3813075550822632e-04 to 2.3813075550822732e-04 seconds.
Warning: Simulation tolerance relaxed to achieve convergence from 2.3813075551415839e-04 to 2.3813075551415940e-04 seconds.
Warning: Simulation tolerance relaxed to achieve convergence from 2.3813075551416542e-04 to 2.3813075551416642e-04 seconds.
Warning: Simulation tolerance relaxed to achieve convergence from 2.3813075551423361e-04 to 2.3813075551423461e-04 seconds.
Warning: Simulation tolerance relaxed to achieve convergence from 2.3813075552027099e-04 to 2.3813075552027199e-04 seconds.
Warning: Simulation tolerance relaxed to achieve convergence from 2.3813075552028002e-04 to 2.3813075552028102e-04 seconds.
Warning: Simulation tolerance relaxed to achieve convergence from 2.3813075552029005e-04 to 2.3813075552029105e-04 seconds.
Warning: Simulation tolerance relaxed to achieve convergence from 2.3813075552030710e-04 to 2.3813075552030810e-04 seconds.
Warning: Simulation tolerance relaxed to achieve convergence from 2.3813075552037028e-04 to 2.3813075552037128e-04 seconds.
Warning: Simulation tolerance relaxed to achieve convergence from 2.3813075552037830e-04 to 2.3813075552037930e-04 seconds.
Warning: Simulation tolerance relaxed to achieve convergence from 2.3813075552038131e-04 to 2.3813075552038231e-04 seconds.
Warning: Simulation tolerance relaxed to achieve convergence from 2.3813075552038331e-04 to 2.3813075552038432e-04 seconds.
Warning: Simulation tolerance relaxed to achieve convergence from 2.3813075552041641e-04 to 2.3813075552041741e-04 seconds.
Warning: Simulation tolerance relaxed to achieve convergence from 2.3813075552041842e-04 to 2.3813075552041942e-04 seconds.
Warning: Simulation tolerance relaxed to achieve convergence from 2.3813075552043145e-04 to 2.3813075552043246e-04 seconds.
Warning: Simulation tolerance relaxed to achieve convergence from 2.3813075552055080e-04 to 2.3813075552055180e-04 seconds.
Warning: Simulation tolerance relaxed to achieve convergence from 2.3813075552060295e-04 to 2.3813075552060395e-04 seconds.
Warning: Simulation tolerance relaxed to achieve convergence from 2.3813075552060596e-04 to 2.3813075552060696e-04 seconds.
Warning: Simulation tolerance relaxed to achieve convergence from 2.3813075552078648e-04 to 2.3813075552078748e-04 seconds.
Warning: Simulation tolerance relaxed to achieve convergence from 2.3813075552079550e-04 to 2.3813075552079650e-04 seconds.
Warning: Simulation tolerance relaxed to achieve convergence from 2.3813075552376605e-04 to 2.3813075552376706e-04 seconds.
Warning: Simulation tolerance relaxed to achieve convergence from 2.3813075552384628e-04 to 2.3813075552384729e-04 seconds.
Warning: Simulation tolerance relaxed to achieve convergence from 2.3813075552396864e-04 to 2.3813075552396964e-04 seconds.
Warning: Simulation tolerance relaxed to achieve convergence from 2.3813075552398368e-04 to 2.3813075552398468e-04 seconds.
Warning: Simulation tolerance relaxed to achieve convergence from 2.3813075552400374e-04 to 2.3813075552400474e-04 seconds.
Warning: Simulation tolerance relaxed to achieve convergence from 2.3813075552402781e-04 to 2.3813075552402881e-04 seconds.
Warning: Simulation tolerance relaxed to achieve convergence from 2.3813075552404385e-04 to 2.3813075552404485e-04 seconds.
Warning: Simulation tolerance relaxed to achieve convergence from 2.3813075552404586e-04 to 2.3813075552404686e-04 seconds.
Warning: Simulation tolerance relaxed to achieve convergence from 2.3813075552406291e-04 to 2.3813075552406391e-04 seconds.
Warning: Simulation tolerance relaxed to achieve convergence from 2.3813075552407294e-04 to 2.3813075552407394e-04 seconds.
Warning: Simulation tolerance relaxed to achieve convergence from 2.3813075552410603e-04 to 2.3813075552410703e-04 seconds.
Warning: Simulation tolerance relaxed to achieve convergence from 2.3813075552415718e-04 to 2.3813075552415818e-04 seconds.
Warning: Simulation tolerance relaxed to achieve convergence from 2.3813075552448613e-04 to 2.3813075552448713e-04 seconds.
Warning: Simulation tolerance relaxed to achieve convergence from 2.3813075552449515e-04 to 2.3813075552449615e-04 seconds.
Warning: Simulation tolerance relaxed to achieve convergence from 2.3813075552450317e-04 to 2.3813075552450418e-04 seconds.
Warning: Simulation tolerance relaxed to achieve convergence from 2.3813075552450819e-04 to 2.3813075552450919e-04 seconds.
Warning: Simulation tolerance relaxed to achieve convergence from 2.3813075552454931e-04 to 2.3813075552455031e-04 seconds.
Warning: Simulation tolerance relaxed to achieve convergence from 2.3813075552557125e-04 to 2.3813075552557225e-04 seconds.
Warning: Simulation tolerance relaxed to achieve convergence from 2.3813075552563744e-04 to 2.3813075552563844e-04 seconds.
Warning: Simulation tolerance relaxed to achieve convergence from 2.3813075552988968e-04 to 2.3813075552989068e-04 seconds.
Warning: Simulation tolerance relaxed to achieve convergence from 2.3813075552989169e-04 to 2.3813075552989269e-04 seconds.
Warning: Simulation tolerance relaxed to achieve convergence from 2.3813075553008424e-04 to 2.3813075553008524e-04 seconds.
Warning: Simulation tolerance relaxed to achieve convergence from 2.3813075553010831e-04 to 2.3813075553010931e-04 seconds.
Warning: Simulation tolerance relaxed to achieve convergence from 2.3813075553011032e-04 to 2.3813075553011132e-04 seconds.
Warning: Simulation tolerance relaxed to achieve convergence from 2.3813075553011734e-04 to 2.3813075553011834e-04 seconds.
Warning: Simulation tolerance relaxed to achieve convergence from 2.3813075553012436e-04 to 2.3813075553012536e-04 seconds.
Warning: Simulation tolerance relaxed to achieve convergence from 2.3813075553013338e-04 to 2.3813075553013438e-04 seconds.
Warning: Simulation tolerance relaxed to achieve convergence from 2.3813075553013639e-04 to 2.3813075553013739e-04 seconds.
Warning: Simulation tolerance relaxed to achieve convergence from 2.3813075553014542e-04 to 2.3813075553014642e-04 seconds.
Warning: Simulation tolerance relaxed to achieve convergence from 2.3813075553015143e-04 to 2.3813075553015244e-04 seconds.
Warning: Simulation tolerance relaxed to achieve convergence from 2.3813075553016848e-04 to 2.3813075553016949e-04 seconds.
Warning: Simulation tolerance relaxed to achieve convergence from 2.3813075553017149e-04 to 2.3813075553017249e-04 seconds.
Warning: Simulation tolerance relaxed to achieve convergence from 2.3813075553018954e-04 to 2.3813075553019055e-04 seconds.
Warning: Simulation tolerance relaxed to achieve convergence from 2.3813075553020158e-04 to 2.3813075553020258e-04 seconds.
Warning: Simulation tolerance relaxed to achieve convergence from 2.3813075553020459e-04 to 2.3813075553020559e-04 seconds.
Warning: Simulation tolerance relaxed to achieve convergence from 2.3813075553021060e-04 to 2.3813075553021161e-04 seconds.
Warning: Simulation tolerance relaxed to achieve convergence from 2.3813075553026677e-04 to 2.3813075553026777e-04 seconds.
Warning: Simulation tolerance relaxed to achieve convergence from 2.3813075553027278e-04 to 2.3813075553027379e-04 seconds.
Warning: Simulation tolerance relaxed to achieve convergence from 2.3813075553030387e-04 to 2.3813075553030488e-04 seconds.
Warning: Simulation tolerance relaxed to achieve convergence from 2.3813075553069901e-04 to 2.3813075553070001e-04 seconds.
Warning: Simulation tolerance relaxed to achieve convergence from 2.3813075553073612e-04 to 2.3813075553073712e-04 seconds.
Warning: Simulation tolerance relaxed to achieve convergence from 2.3813075553077423e-04 to 2.3813075553077523e-04 seconds.
Warning: Simulation tolerance relaxed to achieve convergence from 2.3813075553105403e-04 to 2.3813075553105504e-04 seconds.
Warning: Simulation tolerance relaxed to achieve convergence from 2.3813075553109816e-04 to 2.3813075553109916e-04 seconds.
Warning: Simulation tolerance relaxed to achieve convergence from 2.3813075553112624e-04 to 2.3813075553112724e-04 seconds.
Warning: Simulation tolerance relaxed to achieve convergence from 2.3813075553115532e-04 to 2.3813075553115633e-04 seconds.
Warning: Simulation tolerance relaxed to achieve convergence from 2.3813075553121249e-04 to 2.3813075553121349e-04 seconds.
Warning: Simulation tolerance relaxed to achieve convergence from 2.3813075553141507e-04 to 2.3813075553141607e-04 seconds.
Warning: Simulation tolerance relaxed to achieve convergence from 2.3813075553144115e-04 to 2.3813075553144215e-04 seconds.
Warning: Simulation tolerance relaxed to achieve convergence from 2.3813075553145017e-04 to 2.3813075553145118e-04 seconds.
Warning: Simulation tolerance relaxed to achieve convergence from 2.3813075553147224e-04 to 2.3813075553147324e-04 seconds.
Warning: Simulation tolerance relaxed to achieve convergence from 2.3813075553165175e-04 to 2.3813075553165276e-04 seconds.
Warning: Simulation tolerance relaxed to achieve convergence from 2.3813075553173800e-04 to 2.3813075553173900e-04 seconds.
Warning: Simulation tolerance relaxed to achieve convergence from 2.3813075553174001e-04 to 2.3813075553174101e-04 seconds.
Warning: Simulation tolerance relaxed to achieve convergence from 2.3813075553179517e-04 to 2.3813075553179617e-04 seconds.
Warning: Simulation tolerance relaxed to achieve convergence from 2.3813075553180118e-04 to 2.3813075553180219e-04 seconds.
Warning: Simulation tolerance relaxed to achieve convergence from 2.3813075553192454e-04 to 2.3813075553192554e-04 seconds.
Warning: Simulation tolerance relaxed to achieve convergence from 2.3813075553192654e-04 to 2.3813075553192755e-04 seconds.
Warning: Simulation tolerance relaxed to achieve convergence from 2.3813075553195462e-04 to 2.3813075553195563e-04 seconds.
Warning: Simulation tolerance relaxed to achieve convergence from 2.3813075553196064e-04 to 2.3813075553196165e-04 seconds.
Warning: Simulation tolerance relaxed to achieve convergence from 2.3813075553196666e-04 to 2.3813075553196766e-04 seconds.
Warning: Simulation tolerance relaxed to achieve convergence from 2.3813075553197067e-04 to 2.3813075553197167e-04 seconds.
Warning: Simulation tolerance relaxed to achieve convergence from 2.3813075553201580e-04 to 2.3813075553201680e-04 seconds.
Warning: Simulation tolerance relaxed to achieve convergence from 2.3813075553218729e-04 to 2.3813075553218830e-04 seconds.
Warning: Simulation tolerance relaxed to achieve convergence from 2.3813075553219833e-04 to 2.3813075553219933e-04 seconds.
Warning: Simulation tolerance relaxed to achieve convergence from 2.3813075553226051e-04 to 2.3813075553226151e-04 seconds.
Warning: Simulation tolerance relaxed to achieve convergence from 2.3813075553226251e-04 to 2.3813075553226351e-04 seconds.
Warning: Simulation tolerance relaxed to achieve convergence from 2.3813075553242097e-04 to 2.3813075553242197e-04 seconds.
Warning: Simulation tolerance relaxed to achieve convergence from 2.3813075553242999e-04 to 2.3813075553243100e-04 seconds.
Warning: Simulation tolerance relaxed to achieve convergence from 2.3813075553244805e-04 to 2.3813075553244905e-04 seconds.
Warning: Simulation tolerance relaxed to achieve convergence from 2.3813075553248214e-04 to 2.3813075553248315e-04 seconds.
Warning: Simulation tolerance relaxed to achieve convergence from 2.3813075553250020e-04 to 2.3813075553250120e-04 seconds.
Warning: Simulation tolerance relaxed to achieve convergence from 2.3813075553252126e-04 to 2.3813075553252226e-04 seconds.
Warning: Simulation tolerance relaxed to achieve convergence from 2.3813075553264662e-04 to 2.3813075553264762e-04 seconds.
Warning: Simulation tolerance relaxed to achieve convergence from 2.3813075553266768e-04 to 2.3813075553266868e-04 seconds.
Warning: Simulation tolerance relaxed to achieve convergence from 2.3813075553267670e-04 to 2.3813075553267771e-04 seconds.
Warning: Simulation tolerance relaxed to achieve convergence from 2.3813075553268573e-04 to 2.3813075553268673e-04 seconds.
Warning: Simulation tolerance relaxed to achieve convergence from 2.3813075553272986e-04 to 2.3813075553273086e-04 seconds.
Warning: Simulation tolerance relaxed to achieve convergence from 2.3813075553286224e-04 to 2.3813075553286324e-04 seconds.
Warning: Simulation tolerance relaxed to achieve convergence from 2.3813075553286424e-04 to 2.3813075553286525e-04 seconds.
Warning: Simulation tolerance relaxed to achieve convergence from 2.3813075553286725e-04 to 2.3813075553286825e-04 seconds.
Warning: Simulation tolerance relaxed to achieve convergence from 2.3813075553332056e-04 to 2.3813075553332156e-04 seconds.
Warning: Simulation tolerance relaxed to achieve convergence from 2.3813075553371770e-04 to 2.3813075553371870e-04 seconds.
Warning: Simulation tolerance relaxed to achieve convergence from 2.3813075553372372e-04 to 2.3813075553372472e-04 seconds.
Warning: Simulation tolerance relaxed to achieve convergence from 2.3813075553384005e-04 to 2.3813075553384106e-04 seconds.
Warning: Simulation tolerance relaxed to achieve convergence from 2.3813075553399249e-04 to 2.3813075553399349e-04 seconds.
Warning: Simulation tolerance relaxed to achieve convergence from 2.3813075553408175e-04 to 2.3813075553408275e-04 seconds.
Warning: Simulation tolerance relaxed to achieve convergence from 2.3813075553413189e-04 to 2.3813075553413290e-04 seconds.
Warning: Simulation tolerance relaxed to achieve convergence from 2.3813075553420510e-04 to 2.3813075553420611e-04 seconds.
Warning: Simulation tolerance relaxed to achieve convergence from 2.3813075553427531e-04 to 2.3813075553427631e-04 seconds.
Warning: Simulation tolerance relaxed to achieve convergence from 2.3813075553430840e-04 to 2.3813075553430940e-04 seconds.
Warning: Simulation tolerance relaxed to achieve convergence from 2.3813075553431843e-04 to 2.3813075553431943e-04 seconds.
Warning: Simulation tolerance relaxed to achieve convergence from 2.3813075553465540e-04 to 2.3813075553465640e-04 seconds.
Warning: Simulation tolerance relaxed to achieve convergence from 2.3813075553466443e-04 to 2.3813075553466543e-04 seconds.
Warning: Simulation tolerance relaxed to achieve convergence from 2.3813075553466944e-04 to 2.3813075553467044e-04 seconds.
Warning: Simulation tolerance relaxed to achieve convergence from 2.3813075553467445e-04 to 2.3813075553467546e-04 seconds.
Warning: Simulation tolerance relaxed to achieve convergence from 2.3813075553478577e-04 to 2.3813075553478678e-04 seconds.
Warning: Simulation tolerance relaxed to achieve convergence from 2.3813075553479079e-04 to 2.3813075553479179e-04 seconds.
Warning: Simulation tolerance relaxed to achieve convergence from 2.3813075553483792e-04 to 2.3813075553483893e-04 seconds.
Warning: Simulation tolerance relaxed to achieve convergence from 2.3813075553484294e-04 to 2.3813075553484394e-04 seconds.
Warning: Simulation tolerance relaxed to achieve convergence from 2.3813075553485598e-04 to 2.3813075553485698e-04 seconds.
Warning: Simulation tolerance relaxed to achieve convergence from 2.3813075553487804e-04 to 2.3813075553487904e-04 seconds.
Warning: Simulation tolerance relaxed to achieve convergence from 2.3813075553550484e-04 to 2.3813075553550585e-04 seconds.
Warning: Simulation tolerance relaxed to achieve convergence from 2.3813075553705531e-04 to 2.3813075553705631e-04 seconds.
Warning: Simulation tolerance relaxed to achieve convergence from 2.3813075553706133e-04 to 2.3813075553706233e-04 seconds.
Warning: Simulation tolerance relaxed to achieve convergence from 2.3813075553720975e-04 to 2.3813075553721076e-04 seconds.
Warning: Simulation tolerance relaxed to achieve convergence from 2.3813075553746449e-04 to 2.3813075553746549e-04 seconds.
Warning: Simulation tolerance relaxed to achieve convergence from 2.3813075553748053e-04 to 2.3813075553748154e-04 seconds.
Warning: Simulation tolerance relaxed to achieve convergence from 2.3813075553757480e-04 to 2.3813075553757581e-04 seconds.
Warning: Simulation tolerance relaxed to achieve convergence from 2.3813075553864388e-04 to 2.3813075553864488e-04 seconds.
Warning: Simulation tolerance relaxed to achieve convergence from 2.3813075554705610e-04 to 2.3813075554705710e-04 seconds.
Warning: Simulation tolerance relaxed to achieve convergence from 2.3813075554706913e-04 to 2.3813075554707014e-04 seconds.
Warning: Simulation tolerance relaxed to achieve convergence from 2.3813075554834380e-04 to 2.3813075554834481e-04 seconds.
Warning: Simulation tolerance relaxed to achieve convergence from 2.3813075554879711e-04 to 2.3813075554879811e-04 seconds.
Warning: Simulation tolerance relaxed to achieve convergence from 2.3813075554888436e-04 to 2.3813075554888536e-04 seconds.
Warning: Simulation tolerance relaxed to achieve convergence from 2.3813075554925944e-04 to 2.3813075554926044e-04 seconds.
Warning: Simulation tolerance relaxed to achieve convergence from 2.3813075555241753e-04 to 2.3813075555241853e-04 seconds.
Warning: Simulation tolerance relaxed to achieve convergence from 2.3813075555241954e-04 to 2.3813075555242054e-04 seconds.
Warning: Simulation tolerance relaxed to achieve convergence from 2.3813075555242154e-04 to 2.3813075555242255e-04 seconds.
Warning: Simulation tolerance relaxed to achieve convergence from 2.3813075555246366e-04 to 2.3813075555246467e-04 seconds.
Warning: Simulation tolerance relaxed to achieve convergence from 2.3813075555246567e-04 to 2.3813075555246667e-04 seconds.
Warning: Simulation tolerance relaxed to achieve convergence from 2.3813075555246968e-04 to 2.3813075555247068e-04 seconds.
Warning: Simulation tolerance relaxed to achieve convergence from 2.3813075555247169e-04 to 2.3813075555247269e-04 seconds.
Warning: Simulation tolerance relaxed to achieve convergence from 2.3813075555277155e-04 to 2.3813075555277255e-04 seconds.
Warning: Simulation tolerance relaxed to achieve convergence from 2.3813075555280063e-04 to 2.3813075555280164e-04 seconds.
Warning: Simulation tolerance relaxed to achieve convergence from 2.3813075555280264e-04 to 2.3813075555280364e-04 seconds.
Warning: Simulation tolerance relaxed to achieve convergence from 2.3813075555280465e-04 to 2.3813075555280565e-04 seconds.
Warning: Simulation tolerance relaxed to achieve convergence from 2.3813075555280765e-04 to 2.3813075555280866e-04 seconds.
Warning: Simulation tolerance relaxed to achieve convergence from 2.3813075555280966e-04 to 2.3813075555281066e-04 seconds.
Warning: Simulation tolerance relaxed to achieve convergence from 2.3813075555282571e-04 to 2.3813075555282671e-04 seconds.
Warning: Simulation tolerance relaxed to achieve convergence from 2.3813075555286983e-04 to 2.3813075555287084e-04 seconds.
Warning: Simulation tolerance relaxed to achieve convergence from 2.3813075555287485e-04 to 2.3813075555287585e-04 seconds.
Warning: Simulation tolerance relaxed to achieve convergence from 2.3813075555287685e-04 to 2.3813075555287786e-04 seconds.
Warning: Simulation tolerance relaxed to achieve convergence from 2.3813075555288588e-04 to 2.3813075555288688e-04 seconds.
Warning: Simulation tolerance relaxed to achieve convergence from 2.3813075555293302e-04 to 2.3813075555293402e-04 seconds.
Warning: Simulation tolerance relaxed to achieve convergence from 2.3813075555299018e-04 to 2.3813075555299118e-04 seconds.
Warning: Simulation tolerance relaxed to achieve convergence from 2.3813075555300422e-04 to 2.3813075555300522e-04 seconds.
Warning: Simulation tolerance relaxed to achieve convergence from 2.3813075555308646e-04 to 2.3813075555308746e-04 seconds.
Warning: Simulation tolerance relaxed to achieve convergence from 2.3813075555311253e-04 to 2.3813075555311353e-04 seconds.
Warning: Simulation tolerance relaxed to achieve convergence from 2.3813075555311454e-04 to 2.3813075555311554e-04 seconds.
Warning: Simulation tolerance relaxed to achieve convergence from 2.3813075555321282e-04 to 2.3813075555321382e-04 seconds.
Warning: Simulation tolerance relaxed to achieve convergence from 2.3813075555322887e-04 to 2.3813075555322987e-04 seconds.
Warning: Simulation tolerance relaxed to achieve convergence from 2.3813075555324792e-04 to 2.3813075555324892e-04 seconds.
Warning: Simulation tolerance relaxed to achieve convergence from 2.3813075555354678e-04 to 2.3813075555354779e-04 seconds.
Warning: Simulation tolerance relaxed to achieve convergence from 2.3813075555380352e-04 to 2.3813075555380452e-04 seconds.
Warning: Simulation tolerance relaxed to achieve convergence from 2.3813075555381656e-04 to 2.3813075555381756e-04 seconds.
Warning: Simulation tolerance relaxed to achieve convergence from 2.3813075555381856e-04 to 2.3813075555381957e-04 seconds.
Warning: Simulation tolerance relaxed to achieve convergence from 2.3813075555383260e-04 to 2.3813075555383361e-04 seconds.
Warning: Simulation tolerance relaxed to achieve convergence from 2.3813075555385367e-04 to 2.3813075555385467e-04 seconds.
Warning: Simulation tolerance relaxed to achieve convergence from 2.3813075555386169e-04 to 2.3813075555386269e-04 seconds.
Warning: Simulation tolerance relaxed to achieve convergence from 2.3813075555386369e-04 to 2.3813075555386470e-04 seconds.
Warning: Simulation tolerance relaxed to achieve convergence from 2.3813075555387673e-04 to 2.3813075555387773e-04 seconds.
Warning: Simulation tolerance relaxed to achieve convergence from 2.3813075555391384e-04 to 2.3813075555391484e-04 seconds.
Warning: Simulation tolerance relaxed to achieve convergence from 2.3813075555391584e-04 to 2.3813075555391685e-04 seconds.
Warning: Simulation tolerance relaxed to achieve convergence from 2.3813075555393390e-04 to 2.3813075555393490e-04 seconds.
Warning: Simulation tolerance relaxed to achieve convergence from 2.3813075555394393e-04 to 2.3813075555394493e-04 seconds.
Warning: Simulation tolerance relaxed to achieve convergence from 2.3813075555394593e-04 to 2.3813075555394693e-04 seconds.
Warning: Simulation tolerance relaxed to achieve convergence from 2.3813075555395395e-04 to 2.3813075555395496e-04 seconds.
Warning: Simulation tolerance relaxed to achieve convergence from 2.3813075555396298e-04 to 2.3813075555396398e-04 seconds.
Warning: Simulation tolerance relaxed to achieve convergence from 2.3813075555397201e-04 to 2.3813075555397301e-04 seconds.
Warning: Simulation tolerance relaxed to achieve convergence from 2.3813075555399006e-04 to 2.3813075555399106e-04 seconds.
Warning: Simulation tolerance relaxed to achieve convergence from 2.3813075555402717e-04 to 2.3813075555402817e-04 seconds.
Warning: Simulation tolerance relaxed to achieve convergence from 2.3813075555403719e-04 to 2.3813075555403820e-04 seconds.
Warning: Simulation tolerance relaxed to achieve convergence from 2.3813075555403920e-04 to 2.3813075555404020e-04 seconds.
Warning: Simulation tolerance relaxed to achieve convergence from 2.3813075555413648e-04 to 2.3813075555413748e-04 seconds.
Warning: Simulation tolerance relaxed to achieve convergence from 2.3813075555590858e-04 to 2.3813075555590958e-04 seconds.
Warning: Simulation tolerance relaxed to achieve convergence from 2.3813075555591159e-04 to 2.3813075555591259e-04 seconds.
Warning: Simulation tolerance relaxed to achieve convergence from 2.3813075555591961e-04 to 2.3813075555592062e-04 seconds.
Warning: Simulation tolerance relaxed to achieve convergence from 2.3813075555594870e-04 to 2.3813075555594970e-04 seconds.
Warning: Simulation tolerance relaxed to achieve convergence from 2.3813075555595271e-04 to 2.3813075555595371e-04 seconds.
Warning: Simulation tolerance relaxed to achieve convergence from 2.3813075555601288e-04 to 2.3813075555601388e-04 seconds.
Warning: Simulation tolerance relaxed to achieve convergence from 2.3813075555603294e-04 to 2.3813075555603394e-04 seconds.
Warning: Simulation tolerance relaxed to achieve convergence from 2.3813075555603494e-04 to 2.3813075555603595e-04 seconds.
Warning: Simulation tolerance relaxed to achieve convergence from 2.3813075555604397e-04 to 2.3813075555604497e-04 seconds.
Warning: Simulation tolerance relaxed to achieve convergence from 2.3813075555610214e-04 to 2.3813075555610314e-04 seconds.
Warning: Simulation tolerance relaxed to achieve convergence from 2.3813075555710904e-04 to 2.3813075555711004e-04 seconds.
Warning: Simulation tolerance relaxed to achieve convergence from 2.3813075555713210e-04 to 2.3813075555713311e-04 seconds.
Warning: Simulation tolerance relaxed to achieve convergence from 2.3813075555713511e-04 to 2.3813075555713611e-04 seconds.
Warning: Simulation tolerance relaxed to achieve convergence from 2.3813075555713712e-04 to 2.3813075555713812e-04 seconds.
Warning: Simulation tolerance relaxed to achieve convergence from 2.3813075555718626e-04 to 2.3813075555718726e-04 seconds.
Warning: Simulation tolerance relaxed to achieve convergence from 2.3813075555719127e-04 to 2.3813075555719228e-04 seconds.
Warning: Simulation tolerance relaxed to achieve convergence from 2.3813075555723540e-04 to 2.3813075555723640e-04 seconds.
Warning: Simulation tolerance relaxed to achieve convergence from 2.3813075555723741e-04 to 2.3813075555723841e-04 seconds.
Warning: Simulation tolerance relaxed to achieve convergence from 2.3813075555727752e-04 to 2.3813075555727852e-04 seconds.
Warning: Simulation tolerance relaxed to achieve convergence from 2.3813075555748913e-04 to 2.3813075555749013e-04 seconds.
Warning: Simulation tolerance relaxed to achieve convergence from 2.3813075555751220e-04 to 2.3813075555751320e-04 seconds.
Warning: Simulation tolerance relaxed to achieve convergence from 2.3813075555753727e-04 to 2.3813075555753827e-04 seconds.
Warning: Simulation tolerance relaxed to achieve convergence from 2.3813075555754730e-04 to 2.3813075555754830e-04 seconds.
Warning: Simulation tolerance relaxed to achieve convergence from 2.3813075555754930e-04 to 2.3813075555755031e-04 seconds.
Warning: Simulation tolerance relaxed to achieve convergence from 2.3813075555757939e-04 to 2.3813075555758039e-04 seconds.
Warning: Simulation tolerance relaxed to achieve convergence from 2.3813075555761048e-04 to 2.3813075555761148e-04 seconds.
Warning: Simulation tolerance relaxed to achieve convergence from 2.3813075555766263e-04 to 2.3813075555766363e-04 seconds.
Warning: Simulation tolerance relaxed to achieve convergence from 2.3813075555766865e-04 to 2.3813075555766965e-04 seconds.
Warning: Simulation tolerance relaxed to achieve convergence from 2.3813075555767366e-04 to 2.3813075555767467e-04 seconds.
Warning: Simulation tolerance relaxed to achieve convergence from 2.3813075555770575e-04 to 2.3813075555770676e-04 seconds.
Warning: Simulation tolerance relaxed to achieve convergence from 2.3813075555770776e-04 to 2.3813075555770876e-04 seconds.
Warning: Simulation tolerance relaxed to achieve convergence from 2.3813075555773183e-04 to 2.3813075555773283e-04 seconds.
Warning: Simulation tolerance relaxed to achieve convergence from 2.3813075555777195e-04 to 2.3813075555777295e-04 seconds.
Warning: Simulation tolerance relaxed to achieve convergence from 2.3813075555777495e-04 to 2.3813075555777596e-04 seconds.
Warning: Simulation tolerance relaxed to achieve convergence from 2.3813075555784215e-04 to 2.3813075555784315e-04 seconds.
Warning: Simulation tolerance relaxed to achieve convergence from 2.3813075555784516e-04 to 2.3813075555784616e-04 seconds.
Warning: Simulation tolerance relaxed to achieve convergence from 2.3813075555792438e-04 to 2.3813075555792539e-04 seconds.
Warning: Simulation tolerance relaxed to achieve convergence from 2.3813075555792840e-04 to 2.3813075555792940e-04 seconds.
Warning: Simulation tolerance relaxed to achieve convergence from 2.3813075555796049e-04 to 2.3813075555796149e-04 seconds.
Warning: Simulation tolerance relaxed to achieve convergence from 2.3813075555796951e-04 to 2.3813075555797052e-04 seconds.
Warning: Simulation tolerance relaxed to achieve convergence from 2.3813075555797252e-04 to 2.3813075555797353e-04 seconds.
Warning: Simulation tolerance relaxed to achieve convergence from 2.3813075555801364e-04 to 2.3813075555801464e-04 seconds.
Warning: Simulation tolerance relaxed to achieve convergence from 2.3813075555801665e-04 to 2.3813075555801765e-04 seconds.
Warning: Simulation tolerance relaxed to achieve convergence from 2.3813075555802568e-04 to 2.3813075555802668e-04 seconds.
Warning: Simulation tolerance relaxed to achieve convergence from 2.3813075555810089e-04 to 2.3813075555810189e-04 seconds.
Warning: Simulation tolerance relaxed to achieve convergence from 2.3813075555813900e-04 to 2.3813075555814000e-04 seconds.
Warning: Simulation tolerance relaxed to achieve convergence from 2.3813075555815304e-04 to 2.3813075555815405e-04 seconds.
Warning: Simulation tolerance relaxed to achieve convergence from 2.3813075555832855e-04 to 2.3813075555832955e-04 seconds.
Warning: Simulation tolerance relaxed to achieve convergence from 2.3813075555833055e-04 to 2.3813075555833156e-04 seconds.
Warning: Simulation tolerance relaxed to achieve convergence from 2.3813075555840878e-04 to 2.3813075555840978e-04 seconds.
Warning: Simulation tolerance relaxed to achieve convergence from 2.3813075555841379e-04 to 2.3813075555841480e-04 seconds.
Warning: Simulation tolerance relaxed to achieve convergence from 2.3813075555841780e-04 to 2.3813075555841881e-04 seconds.
Warning: Simulation tolerance relaxed to achieve convergence from 2.3813075556564160e-04 to 2.3813075556564260e-04 seconds.
Warning: Simulation tolerance relaxed to achieve convergence from 2.3813075556566767e-04 to 2.3813075556566868e-04 seconds.
Warning: Simulation tolerance relaxed to achieve convergence from 2.3813075556602069e-04 to 2.3813075556602169e-04 seconds.
Warning: Simulation tolerance relaxed to achieve convergence from 2.3813075556602370e-04 to 2.3813075556602470e-04 seconds.
Warning: Simulation tolerance relaxed to achieve convergence from 2.3813075556603975e-04 to 2.3813075556604075e-04 seconds.
Warning: Simulation tolerance relaxed to achieve convergence from 2.3813075556604275e-04 to 2.3813075556604376e-04 seconds.
Warning: Simulation tolerance relaxed to achieve convergence from 2.3813075556605980e-04 to 2.3813075556606081e-04 seconds.
Warning: Simulation tolerance relaxed to achieve convergence from 2.3813075556606883e-04 to 2.3813075556606983e-04 seconds.
Warning: Simulation tolerance relaxed to achieve convergence from 2.3813075556625035e-04 to 2.3813075556625135e-04 seconds.
Warning: Simulation tolerance relaxed to achieve convergence from 2.3813075556661741e-04 to 2.3813075556661841e-04 seconds.
Warning: Simulation tolerance relaxed to achieve convergence from 2.3813075556666254e-04 to 2.3813075556666354e-04 seconds.
Warning: Simulation tolerance relaxed to achieve convergence from 2.3813075556715295e-04 to 2.3813075556715395e-04 seconds.
Warning: Simulation tolerance relaxed to achieve convergence from 2.3813075556719607e-04 to 2.3813075556719708e-04 seconds.
Warning: Simulation tolerance relaxed to achieve convergence from 2.3813075556723318e-04 to 2.3813075556723418e-04 seconds.
Warning: Simulation tolerance relaxed to achieve convergence from 2.3813075556724822e-04 to 2.3813075556724923e-04 seconds.
Warning: Simulation tolerance relaxed to achieve convergence from 2.3813075556734651e-04 to 2.3813075556734751e-04 seconds.
Warning: Simulation tolerance relaxed to achieve convergence from 2.3813075556738361e-04 to 2.3813075556738462e-04 seconds.
Warning: Simulation tolerance relaxed to achieve convergence from 2.3813075556740668e-04 to 2.3813075556740768e-04 seconds.
Warning: Simulation tolerance relaxed to achieve convergence from 2.3813075556756413e-04 to 2.3813075556756514e-04 seconds.
Warning: Simulation tolerance relaxed to achieve convergence from 2.3813075556756915e-04 to 2.3813075556757015e-04 seconds.
Warning: Simulation tolerance relaxed to achieve convergence from 2.3813075556758118e-04 to 2.3813075556758219e-04 seconds.
Warning: Simulation tolerance relaxed to achieve convergence from 2.3813075556758319e-04 to 2.3813075556758419e-04 seconds.
Warning: Simulation tolerance relaxed to achieve convergence from 2.3813075556758720e-04 to 2.3813075556758820e-04 seconds.
Warning: Simulation tolerance relaxed to achieve convergence from 2.3813075556759021e-04 to 2.3813075556759121e-04 seconds.
Warning: Simulation tolerance relaxed to achieve convergence from 2.3813075556760224e-04 to 2.3813075556760325e-04 seconds.
Warning: Simulation tolerance relaxed to achieve convergence from 2.3813075556764436e-04 to 2.3813075556764537e-04 seconds.
Warning: Simulation tolerance relaxed to achieve convergence from 2.3813075556856201e-04 to 2.3813075556856301e-04 seconds.
Warning: Simulation tolerance relaxed to achieve convergence from 2.3813075556856401e-04 to 2.3813075556856502e-04 seconds.
Warning: Simulation tolerance relaxed to achieve convergence from 2.3813075556858206e-04 to 2.3813075556858307e-04 seconds.
Warning: Simulation tolerance relaxed to achieve convergence from 2.3813075556859109e-04 to 2.3813075556859209e-04 seconds.
Warning: Simulation tolerance relaxed to achieve convergence from 2.3813075556859711e-04 to 2.3813075556859811e-04 seconds.
Warning: Simulation tolerance relaxed to achieve convergence from 2.3813075556861115e-04 to 2.3813075556861215e-04 seconds.
Warning: Simulation tolerance relaxed to achieve convergence from 2.3813075556870843e-04 to 2.3813075556870943e-04 seconds.
Warning: Simulation tolerance relaxed to achieve convergence from 2.3813075556901130e-04 to 2.3813075556901230e-04 seconds.
Warning: Simulation tolerance relaxed to achieve convergence from 2.3813075556928108e-04 to 2.3813075556928208e-04 seconds.
Warning: Simulation tolerance relaxed to achieve convergence from 2.3813075556945257e-04 to 2.3813075556945357e-04 seconds.
Warning: Simulation tolerance relaxed to achieve convergence from 2.3813075556969727e-04 to 2.3813075556969828e-04 seconds.
Warning: Simulation tolerance relaxed to achieve convergence from 2.3813075556992192e-04 to 2.3813075556992292e-04 seconds.
Warning: Simulation tolerance relaxed to achieve convergence from 2.3813075557011748e-04 to 2.3813075557011849e-04 seconds.
Warning: Simulation tolerance relaxed to achieve convergence from 2.3813075557011949e-04 to 2.3813075557012049e-04 seconds.
Warning: Simulation tolerance relaxed to achieve convergence from 2.3813075557013353e-04 to 2.3813075557013453e-04 seconds.
Warning: Simulation tolerance relaxed to achieve convergence from 2.3813075557014557e-04 to 2.3813075557014657e-04 seconds.
Warning: Simulation tolerance relaxed to achieve convergence from 2.3813075557015760e-04 to 2.3813075557015860e-04 seconds.
Warning: Simulation tolerance relaxed to achieve convergence from 2.3813075557017264e-04 to 2.3813075557017365e-04 seconds.
Warning: Simulation tolerance relaxed to achieve convergence from 2.3813075557018468e-04 to 2.3813075557018568e-04 seconds.
Warning: Simulation tolerance relaxed to achieve convergence from 2.3813075557019772e-04 to 2.3813075557019872e-04 seconds.
Warning: Simulation tolerance relaxed to achieve convergence from 2.3813075557020273e-04 to 2.3813075557020373e-04 seconds.
Warning: Simulation tolerance relaxed to achieve convergence from 2.3813075557020474e-04 to 2.3813075557020574e-04 seconds.
Warning: Simulation tolerance relaxed to achieve convergence from 2.3813075557020774e-04 to 2.3813075557020875e-04 seconds.
Warning: Simulation tolerance relaxed to achieve convergence from 2.3813075557020975e-04 to 2.3813075557021075e-04 seconds.
Warning: Simulation tolerance relaxed to achieve convergence from 2.3813075557030703e-04 to 2.3813075557030803e-04 seconds.
Warning: Simulation tolerance relaxed to achieve convergence from 2.3813075557033411e-04 to 2.3813075557033511e-04 seconds.
Warning: Simulation tolerance relaxed to achieve convergence from 2.3813075557035116e-04 to 2.3813075557035216e-04 seconds.
Warning: Simulation tolerance relaxed to achieve convergence from 2.3813075557035417e-04 to 2.3813075557035517e-04 seconds.
Warning: Simulation tolerance relaxed to achieve convergence from 2.3813075557036620e-04 to 2.3813075557036720e-04 seconds.
Warning: Simulation tolerance relaxed to achieve convergence from 2.3813075557037121e-04 to 2.3813075557037222e-04 seconds.
Warning: Simulation tolerance relaxed to achieve convergence from 2.3813075557037322e-04 to 2.3813075557037422e-04 seconds.
Warning: Simulation tolerance relaxed to achieve convergence from 2.3813075557037523e-04 to 2.3813075557037623e-04 seconds.
Warning: Simulation tolerance relaxed to achieve convergence from 2.3813075557039027e-04 to 2.3813075557039127e-04 seconds.
Warning: Simulation tolerance relaxed to achieve convergence from 2.3813075557047953e-04 to 2.3813075557048053e-04 seconds.
Warning: Simulation tolerance relaxed to achieve convergence from 2.3813075557056878e-04 to 2.3813075557056979e-04 seconds.
Warning: Simulation tolerance relaxed to achieve convergence from 2.3813075557058984e-04 to 2.3813075557059085e-04 seconds.
Warning: Simulation tolerance relaxed to achieve convergence from 2.3813075557060890e-04 to 2.3813075557060990e-04 seconds.
Warning: Simulation tolerance relaxed to achieve convergence from 2.3813075557061090e-04 to 2.3813075557061191e-04 seconds.
Warning: Simulation tolerance relaxed to achieve convergence from 2.3813075557066506e-04 to 2.3813075557066606e-04 seconds.
Warning: Simulation tolerance relaxed to achieve convergence from 2.3813075557169302e-04 to 2.3813075557169402e-04 seconds.
Warning: Simulation tolerance relaxed to achieve convergence from 2.3813075557170505e-04 to 2.3813075557170606e-04 seconds.
Warning: Simulation tolerance relaxed to achieve convergence from 2.3813075557171207e-04 to 2.3813075557171308e-04 seconds.
Warning: Simulation tolerance relaxed to achieve convergence from 2.3813075557171408e-04 to 2.3813075557171508e-04 seconds.
Warning: Simulation tolerance relaxed to achieve convergence from 2.3813075557172511e-04 to 2.3813075557172611e-04 seconds.
Warning: Simulation tolerance relaxed to achieve convergence from 2.3813075557172812e-04 to 2.3813075557172912e-04 seconds.
Warning: Simulation tolerance relaxed to achieve convergence from 2.3813075557173013e-04 to 2.3813075557173113e-04 seconds.
Warning: Simulation tolerance relaxed to achieve convergence from 2.3813075557174216e-04 to 2.3813075557174316e-04 seconds.
Warning: Simulation tolerance relaxed to achieve convergence from 2.3813075557192068e-04 to 2.3813075557192168e-04 seconds.
Warning: Simulation tolerance relaxed to achieve convergence from 2.3813075557193271e-04 to 2.3813075557193371e-04 seconds.
Warning: Simulation tolerance relaxed to achieve convergence from 2.3813075557195377e-04 to 2.3813075557195477e-04 seconds.
Warning: Simulation tolerance relaxed to achieve convergence from 2.3813075557195878e-04 to 2.3813075557195979e-04 seconds.
Warning: Simulation tolerance relaxed to achieve convergence from 2.3813075557203099e-04 to 2.3813075557203200e-04 seconds.
Warning: Simulation tolerance relaxed to achieve convergence from 2.3813075557203300e-04 to 2.3813075557203400e-04 seconds.
Warning: Simulation tolerance relaxed to achieve convergence from 2.3813075557203801e-04 to 2.3813075557203902e-04 seconds.
Warning: Simulation tolerance relaxed to achieve convergence from 2.3813075557210821e-04 to 2.3813075557210922e-04 seconds.
Warning: Simulation tolerance relaxed to achieve convergence from 2.3813075557233286e-04 to 2.3813075557233386e-04 seconds.
Warning: Simulation tolerance relaxed to achieve convergence from 2.3813075557241410e-04 to 2.3813075557241510e-04 seconds.
Warning: Simulation tolerance relaxed to achieve convergence from 2.3813075557241610e-04 to 2.3813075557241710e-04 seconds.
Warning: Simulation tolerance relaxed to achieve convergence from 2.3813075557242513e-04 to 2.3813075557242613e-04 seconds.
Warning: Simulation tolerance relaxed to achieve convergence from 2.3813075557259662e-04 to 2.3813075557259762e-04 seconds.
Warning: Simulation tolerance relaxed to achieve convergence from 2.3813075557261267e-04 to 2.3813075557261367e-04 seconds.
Warning: Simulation tolerance relaxed to achieve convergence from 2.3813075557261868e-04 to 2.3813075557261969e-04 seconds.
Warning: Simulation tolerance relaxed to achieve convergence from 2.3813075557262169e-04 to 2.3813075557262270e-04 seconds.
Warning: Simulation tolerance relaxed to achieve convergence from 2.3813075557262370e-04 to 2.3813075557262470e-04 seconds.
Warning: Simulation tolerance relaxed to achieve convergence from 2.3813075557264677e-04 to 2.3813075557264777e-04 seconds.
Warning: Simulation tolerance relaxed to achieve convergence from 2.3813075557265278e-04 to 2.3813075557265379e-04 seconds.
Warning: Simulation tolerance relaxed to achieve convergence from 2.3813075557265679e-04 to 2.3813075557265780e-04 seconds.
Warning: Simulation tolerance relaxed to achieve convergence from 2.3813075557266281e-04 to 2.3813075557266381e-04 seconds.
Warning: Simulation tolerance relaxed to achieve convergence from 2.3813075557266883e-04 to 2.3813075557266983e-04 seconds.
Warning: Simulation tolerance relaxed to achieve convergence from 2.3813075557267083e-04 to 2.3813075557267184e-04 seconds.
Warning: Simulation tolerance relaxed to achieve convergence from 2.3813075557267384e-04 to 2.3813075557267485e-04 seconds.
Warning: Simulation tolerance relaxed to achieve convergence from 2.3813075557269591e-04 to 2.3813075557269691e-04 seconds.
Warning: Simulation tolerance relaxed to achieve convergence from 2.3813075557269791e-04 to 2.3813075557269892e-04 seconds.
Warning: Simulation tolerance relaxed to achieve convergence from 2.3813075557271396e-04 to 2.3813075557271496e-04 seconds.
Warning: Simulation tolerance relaxed to achieve convergence from 2.3813075557271596e-04 to 2.3813075557271697e-04 seconds.
Warning: Simulation tolerance relaxed to achieve convergence from 2.3813075557276811e-04 to 2.3813075557276912e-04 seconds.
Warning: Simulation tolerance relaxed to achieve convergence from 2.3813075557277814e-04 to 2.3813075557277915e-04 seconds.
Warning: Simulation tolerance relaxed to achieve convergence from 2.3813075557278316e-04 to 2.3813075557278416e-04 seconds.
Warning: Simulation tolerance relaxed to achieve convergence from 2.3813075557278617e-04 to 2.3813075557278717e-04 seconds.
Warning: Simulation tolerance relaxed to achieve convergence from 2.3813075557278817e-04 to 2.3813075557278918e-04 seconds.
Warning: Simulation tolerance relaxed to achieve convergence from 2.3813075557280522e-04 to 2.3813075557280622e-04 seconds.
Warning: Simulation tolerance relaxed to achieve convergence from 2.3813075557285637e-04 to 2.3813075557285737e-04 seconds.
Warning: Simulation tolerance relaxed to achieve convergence from 2.3813075557285837e-04 to 2.3813075557285938e-04 seconds.
Warning: Simulation tolerance relaxed to achieve convergence from 2.3813075557287743e-04 to 2.3813075557287843e-04 seconds.
Warning: Simulation tolerance relaxed to achieve convergence from 2.3813075557287944e-04 to 2.3813075557288044e-04 seconds.
Warning: Simulation tolerance relaxed to achieve convergence from 2.3813075557294061e-04 to 2.3813075557294161e-04 seconds.
Warning: Simulation tolerance relaxed to achieve convergence from 2.3813075557294262e-04 to 2.3813075557294362e-04 seconds.
Warning: Simulation tolerance relaxed to achieve convergence from 2.3813075557294863e-04 to 2.3813075557294964e-04 seconds.
Warning: Simulation tolerance relaxed to achieve convergence from 2.3813075557300480e-04 to 2.3813075557300580e-04 seconds.
Warning: Simulation tolerance relaxed to achieve convergence from 2.3813075557383017e-04 to 2.3813075557383117e-04 seconds.
Warning: Simulation tolerance relaxed to achieve convergence from 2.3813075557383619e-04 to 2.3813075557383719e-04 seconds.
Warning: Simulation tolerance relaxed to achieve convergence from 2.3813075557388734e-04 to 2.3813075557388834e-04 seconds.
Warning: Simulation tolerance relaxed to achieve convergence from 2.3813075557390037e-04 to 2.3813075557390138e-04 seconds.
Warning: Simulation tolerance relaxed to achieve convergence from 2.3813075557396356e-04 to 2.3813075557396456e-04 seconds.
Warning: Simulation tolerance relaxed to achieve convergence from 2.3813075557397459e-04 to 2.3813075557397559e-04 seconds.
Warning: Simulation tolerance relaxed to achieve convergence from 2.3813075557403075e-04 to 2.3813075557403175e-04 seconds.
Warning: Simulation tolerance relaxed to achieve convergence from 2.3813075557403677e-04 to 2.3813075557403777e-04 seconds.
Warning: Simulation tolerance relaxed to achieve convergence from 2.3813075557510183e-04 to 2.3813075557510284e-04 seconds.
Warning: Simulation tolerance relaxed to achieve convergence from 2.3813075557645874e-04 to 2.3813075557645974e-04 seconds.
Warning: Simulation tolerance relaxed to achieve convergence from 2.3813075557656805e-04 to 2.3813075557656906e-04 seconds.
Warning: Simulation tolerance relaxed to achieve convergence from 2.3813075557657006e-04 to 2.3813075557657106e-04 seconds.
Warning: Simulation tolerance relaxed to achieve convergence from 2.3813075557657206e-04 to 2.3813075557657307e-04 seconds.
Warning: Simulation tolerance relaxed to achieve convergence from 2.3813075557657808e-04 to 2.3813075557657909e-04 seconds.
Warning: Simulation tolerance relaxed to achieve convergence from 2.3813075557658009e-04 to 2.3813075557658109e-04 seconds.
Warning: Simulation tolerance relaxed to achieve convergence from 2.3813075557658911e-04 to 2.3813075557659012e-04 seconds.
Warning: Simulation tolerance relaxed to achieve convergence from 2.3813075557672551e-04 to 2.3813075557672651e-04 seconds.
Warning: Simulation tolerance relaxed to achieve convergence from 2.3813075557673554e-04 to 2.3813075557673654e-04 seconds.
Warning: Simulation tolerance relaxed to achieve convergence from 2.3813075557675359e-04 to 2.3813075557675459e-04 seconds.
Warning: Simulation tolerance relaxed to achieve convergence from 2.3813075557691305e-04 to 2.3813075557691405e-04 seconds.
Warning: Simulation tolerance relaxed to achieve convergence from 2.3813075557710961e-04 to 2.3813075557711062e-04 seconds.
Warning: Simulation tolerance relaxed to achieve convergence from 2.3813075557711563e-04 to 2.3813075557711663e-04 seconds.
Warning: Simulation tolerance relaxed to achieve convergence from 2.3813075557720689e-04 to 2.3813075557720790e-04 seconds.
Warning: Simulation tolerance relaxed to achieve convergence from 2.3813075557759401e-04 to 2.3813075557759501e-04 seconds.
Warning: Simulation tolerance relaxed to achieve convergence from 2.3813075557767323e-04 to 2.3813075557767424e-04 seconds.
Warning: Simulation tolerance relaxed to achieve convergence from 2.3813075557773541e-04 to 2.3813075557773642e-04 seconds.
Warning: Simulation tolerance relaxed to achieve convergence from 2.3813075557807840e-04 to 2.3813075557807940e-04 seconds.
Warning: Simulation tolerance relaxed to achieve convergence from 2.3813075557911238e-04 to 2.3813075557911338e-04 seconds.
Warning: Simulation tolerance relaxed to achieve convergence from 2.3813075557911840e-04 to 2.3813075557911940e-04 seconds.
Warning: Simulation tolerance relaxed to achieve convergence from 2.3813075557913845e-04 to 2.3813075557913946e-04 seconds.
Warning: Simulation tolerance relaxed to achieve convergence from 2.3813075557915450e-04 to 2.3813075557915550e-04 seconds.
Warning: Simulation tolerance relaxed to achieve convergence from 2.3813075557915650e-04 to 2.3813075557915751e-04 seconds.
Warning: Simulation tolerance relaxed to achieve convergence from 2.3813075557919361e-04 to 2.3813075557919461e-04 seconds.
Warning: Simulation tolerance relaxed to achieve convergence from 2.3813075557919562e-04 to 2.3813075557919662e-04 seconds.
Warning: Simulation tolerance relaxed to achieve convergence from 2.3813075557921668e-04 to 2.3813075557921768e-04 seconds.
Warning: Simulation tolerance relaxed to achieve convergence from 2.3813075557928688e-04 to 2.3813075557928788e-04 seconds.
Warning: Simulation tolerance relaxed to achieve convergence from 2.3813075557995881e-04 to 2.3813075557995982e-04 seconds.
Warning: Simulation tolerance relaxed to achieve convergence from 2.3813075558024865e-04 to 2.3813075558024965e-04 seconds.
Warning: Simulation tolerance relaxed to achieve convergence from 2.3813075558086141e-04 to 2.3813075558086242e-04 seconds.
Warning: Simulation tolerance relaxed to achieve convergence from 2.3813075558087545e-04 to 2.3813075558087646e-04 seconds.
Warning: Simulation tolerance relaxed to achieve convergence from 2.3813075558457811e-04 to 2.3813075558457911e-04 seconds.
Warning: Simulation tolerance relaxed to achieve convergence from 2.3813075558458012e-04 to 2.3813075558458112e-04 seconds.
Warning: Simulation tolerance relaxed to achieve convergence from 2.3813075558579662e-04 to 2.3813075558579762e-04 seconds.
Warning: Simulation tolerance relaxed to achieve convergence from 2.3813075558580264e-04 to 2.3813075558580364e-04 seconds.
Warning: Simulation tolerance relaxed to achieve convergence from 2.3813075558580765e-04 to 2.3813075558580865e-04 seconds.
Warning: Simulation tolerance relaxed to achieve convergence from 2.3813075558581467e-04 to 2.3813075558581567e-04 seconds.
Warning: Simulation tolerance relaxed to achieve convergence from 2.3813075558599920e-04 to 2.3813075558600021e-04 seconds.
Warning: Simulation tolerance relaxed to achieve convergence from 2.3813075558611153e-04 to 2.3813075558611253e-04 seconds.
Warning: Simulation tolerance relaxed to achieve convergence from 2.3813075558621984e-04 to 2.3813075558622084e-04 seconds.
Warning: Simulation tolerance relaxed to achieve convergence from 2.3813075558622586e-04 to 2.3813075558622686e-04 seconds.
Warning: Simulation tolerance relaxed to achieve convergence from 2.3813075558623187e-04 to 2.3813075558623288e-04 seconds.
Warning: Simulation tolerance relaxed to achieve convergence from 2.3813075558643446e-04 to 2.3813075558643546e-04 seconds.
Warning: Simulation tolerance relaxed to achieve convergence from 2.3813075558672128e-04 to 2.3813075558672228e-04 seconds.
Warning: Simulation tolerance relaxed to achieve convergence from 2.3813075558673031e-04 to 2.3813075558673131e-04 seconds.
Warning: Simulation tolerance relaxed to achieve convergence from 2.3813075558674435e-04 to 2.3813075558674535e-04 seconds.
Warning: Simulation tolerance relaxed to achieve convergence from 2.3813075558675337e-04 to 2.3813075558675438e-04 seconds.
Warning: Simulation tolerance relaxed to achieve convergence from 2.3813075558676240e-04 to 2.3813075558676340e-04 seconds.
Warning: Simulation tolerance relaxed to achieve convergence from 2.3813075558677544e-04 to 2.3813075558677644e-04 seconds.
Warning: Simulation tolerance relaxed to achieve convergence from 2.3813075558683461e-04 to 2.3813075558683561e-04 seconds.
Warning: Simulation tolerance relaxed to achieve convergence from 2.3813075558683661e-04 to 2.3813075558683762e-04 seconds.
Warning: Simulation tolerance relaxed to achieve convergence from 2.3813075558712244e-04 to 2.3813075558712344e-04 seconds.
Warning: Simulation tolerance relaxed to achieve convergence from 2.3813075558712444e-04 to 2.3813075558712544e-04 seconds.
Warning: Simulation tolerance relaxed to achieve convergence from 2.3813075558712645e-04 to 2.3813075558712745e-04 seconds.
Warning: Simulation tolerance relaxed to achieve convergence from 2.3813075558718963e-04 to 2.3813075558719063e-04 seconds.
Warning: Simulation tolerance relaxed to achieve convergence from 2.3813075558721370e-04 to 2.3813075558721470e-04 seconds.
Warning: Simulation tolerance relaxed to achieve convergence from 2.3813075558721570e-04 to 2.3813075558721671e-04 seconds.
Warning: Simulation tolerance relaxed to achieve convergence from 2.3813075558722674e-04 to 2.3813075558722774e-04 seconds.
Warning: Simulation tolerance relaxed to achieve convergence from 2.3813075558723275e-04 to 2.3813075558723376e-04 seconds.
Warning: Simulation tolerance relaxed to achieve convergence from 2.3813075558724980e-04 to 2.3813075558725081e-04 seconds.
Warning: Simulation tolerance relaxed to achieve convergence from 2.3813075558765497e-04 to 2.3813075558765597e-04 seconds.
Warning: Simulation tolerance relaxed to achieve convergence from 2.3813075558900486e-04 to 2.3813075558900586e-04 seconds.
Warning: Simulation tolerance relaxed to achieve convergence from 2.3813075558913724e-04 to 2.3813075558913824e-04 seconds.
Warning: Simulation tolerance relaxed to achieve convergence from 2.3813075559078498e-04 to 2.3813075559078598e-04 seconds.
Warning: Simulation tolerance relaxed to achieve convergence from 2.3813075559130448e-04 to 2.3813075559130548e-04 seconds.
Warning: Simulation tolerance relaxed to achieve convergence from 2.3813075559166251e-04 to 2.3813075559166351e-04 seconds.
Warning: Simulation tolerance relaxed to achieve convergence from 2.3813075559240665e-04 to 2.3813075559240765e-04 seconds.
Warning: Simulation tolerance relaxed to achieve convergence from 2.3813075559274462e-04 to 2.3813075559274562e-04 seconds.
Warning: Simulation tolerance relaxed to achieve convergence from 2.3813075559274663e-04 to 2.3813075559274763e-04 seconds.
Warning: Simulation tolerance relaxed to achieve convergence from 2.3813075559305552e-04 to 2.3813075559305652e-04 seconds.
Warning: Simulation tolerance relaxed to achieve convergence from 2.3813075559313876e-04 to 2.3813075559313976e-04 seconds.
Warning: Simulation tolerance relaxed to achieve convergence from 2.3813075559351985e-04 to 2.3813075559352086e-04 seconds.
Warning: Simulation tolerance relaxed to achieve convergence from 2.3813075559491587e-04 to 2.3813075559491687e-04 seconds.
Warning: Simulation tolerance relaxed to achieve convergence from 2.3813075559606317e-04 to 2.3813075559606418e-04 seconds.
Warning: Simulation tolerance relaxed to achieve convergence from 2.3813075559610028e-04 to 2.3813075559610128e-04 seconds.
Warning: Simulation tolerance relaxed to achieve convergence from 2.3813075559617851e-04 to 2.3813075559617951e-04 seconds.
Warning: Simulation tolerance relaxed to achieve convergence from 2.3813075559646934e-04 to 2.3813075559647035e-04 seconds.
Warning: Simulation tolerance relaxed to achieve convergence from 2.3813075559653754e-04 to 2.3813075559653854e-04 seconds.
Warning: Simulation tolerance relaxed to achieve convergence from 2.3813075559727065e-04 to 2.3813075559727165e-04 seconds.
Warning: Simulation tolerance relaxed to achieve convergence from 2.3813075559769587e-04 to 2.3813075559769688e-04 seconds.
Warning: Simulation tolerance relaxed to achieve convergence from 2.3813075559773699e-04 to 2.3813075559773800e-04 seconds.
Warning: Simulation tolerance relaxed to achieve convergence from 2.3813075559773900e-04 to 2.3813075559774000e-04 seconds.
Warning: Simulation tolerance relaxed to achieve convergence from 2.3813075559777611e-04 to 2.3813075559777711e-04 seconds.
Warning: Simulation tolerance relaxed to achieve convergence from 2.3813075559778112e-04 to 2.3813075559778212e-04 seconds.
Warning: Simulation tolerance relaxed to achieve convergence from 2.3813075559778814e-04 to 2.3813075559778914e-04 seconds.
Warning: Simulation tolerance relaxed to achieve convergence from 2.3813075559779616e-04 to 2.3813075559779717e-04 seconds.
Warning: Simulation tolerance relaxed to achieve convergence from 2.3813075559780519e-04 to 2.3813075559780619e-04 seconds.
Warning: Simulation tolerance relaxed to achieve convergence from 2.3813075559784129e-04 to 2.3813075559784230e-04 seconds.
Warning: Simulation tolerance relaxed to achieve convergence from 2.3813075559785333e-04 to 2.3813075559785433e-04 seconds.
Warning: Simulation tolerance relaxed to achieve convergence from 2.3813075559804889e-04 to 2.3813075559804989e-04 seconds.
Warning: Simulation tolerance relaxed to achieve convergence from 2.3813075559807597e-04 to 2.3813075559807697e-04 seconds.
Warning: Simulation tolerance relaxed to achieve convergence from 2.3813075559818328e-04 to 2.3813075559818428e-04 seconds.
Warning: Simulation tolerance relaxed to achieve convergence from 2.3813075559820133e-04 to 2.3813075559820233e-04 seconds.
Warning: Simulation tolerance relaxed to achieve convergence from 2.3813075559821036e-04 to 2.3813075559821136e-04 seconds.
Warning: Simulation tolerance relaxed to achieve convergence from 2.3813075559835979e-04 to 2.3813075559836079e-04 seconds.
Warning: Simulation tolerance relaxed to achieve convergence from 2.3813075559836580e-04 to 2.3813075559836681e-04 seconds.
Warning: Simulation tolerance relaxed to achieve convergence from 2.3813075559837082e-04 to 2.3813075559837182e-04 seconds.
Warning: Simulation tolerance relaxed to achieve convergence from 2.3813075559843600e-04 to 2.3813075559843701e-04 seconds.
Warning: Simulation tolerance relaxed to achieve convergence from 2.3813075559862455e-04 to 2.3813075559862555e-04 seconds.
Warning: Simulation tolerance relaxed to achieve convergence from 2.3813075559881309e-04 to 2.3813075559881409e-04 seconds.
Warning: Simulation tolerance relaxed to achieve convergence from 2.3813075559888329e-04 to 2.3813075559888430e-04 seconds.
Warning: Simulation tolerance relaxed to achieve convergence from 2.3813075559892441e-04 to 2.3813075559892541e-04 seconds.
Warning: Simulation tolerance relaxed to achieve convergence from 2.3813075559896954e-04 to 2.3813075559897054e-04 seconds.
Warning: Simulation tolerance relaxed to achieve convergence from 2.3813075559897857e-04 to 2.3813075559897957e-04 seconds.
Warning: Simulation tolerance relaxed to achieve convergence from 2.3813075559902771e-04 to 2.3813075559902871e-04 seconds.
Warning: Simulation tolerance relaxed to achieve convergence from 2.3813075559905278e-04 to 2.3813075559905378e-04 seconds.
Warning: Simulation tolerance relaxed to achieve convergence from 2.3813075559907484e-04 to 2.3813075559907585e-04 seconds.
Warning: Simulation tolerance relaxed to achieve convergence from 2.3813075559908387e-04 to 2.3813075559908487e-04 seconds.
Warning: Simulation tolerance relaxed to achieve convergence from 2.3813075559911897e-04 to 2.3813075559911997e-04 seconds.
Warning: Simulation tolerance relaxed to achieve convergence from 2.3813075559913301e-04 to 2.3813075559913401e-04 seconds.
Warning: Simulation tolerance relaxed to achieve convergence from 2.3813075559922227e-04 to 2.3813075559922327e-04 seconds.
Warning: Simulation tolerance relaxed to achieve convergence from 2.3813075559922829e-04 to 2.3813075559922929e-04 seconds.
Warning: Simulation tolerance relaxed to achieve convergence from 2.3813075559929147e-04 to 2.3813075559929247e-04 seconds.
Warning: Simulation tolerance relaxed to achieve convergence from 2.3813075559930150e-04 to 2.3813075559930250e-04 seconds.
Warning: Simulation tolerance relaxed to achieve convergence from 2.3813075559947901e-04 to 2.3813075559948001e-04 seconds.
Warning: Simulation tolerance relaxed to achieve convergence from 2.3813075559948202e-04 to 2.3813075559948302e-04 seconds.
Warning: Simulation tolerance relaxed to achieve convergence from 2.3813075559948703e-04 to 2.3813075559948803e-04 seconds.
Warning: Simulation tolerance relaxed to achieve convergence from 2.3813075560197920e-04 to 2.3813075560198021e-04 seconds.
Warning: Simulation tolerance relaxed to achieve convergence from 2.3813075560273338e-04 to 2.3813075560273438e-04 seconds.
Warning: Simulation tolerance relaxed to achieve convergence from 2.3813075560274541e-04 to 2.3813075560274641e-04 seconds.
Warning: Simulation tolerance relaxed to achieve convergence from 2.3813075560279154e-04 to 2.3813075560279255e-04 seconds.
Warning: Simulation tolerance relaxed to achieve convergence from 2.3813075560317063e-04 to 2.3813075560317164e-04 seconds.
Warning: Simulation tolerance relaxed to achieve convergence from 2.3813075560317665e-04 to 2.3813075560317765e-04 seconds.
Warning: Simulation tolerance relaxed to achieve convergence from 2.3813075560331104e-04 to 2.3813075560331204e-04 seconds.
Warning: Simulation tolerance relaxed to achieve convergence from 2.3813075560331304e-04 to 2.3813075560331405e-04 seconds.
Warning: Simulation tolerance relaxed to achieve convergence from 2.3813075560331806e-04 to 2.3813075560331906e-04 seconds.
Warning: Simulation tolerance relaxed to achieve convergence from 2.3813075560332708e-04 to 2.3813075560332809e-04 seconds.
Warning: Simulation tolerance relaxed to achieve convergence from 2.3813075560340732e-04 to 2.3813075560340832e-04 seconds.
Warning: Simulation tolerance relaxed to achieve convergence from 2.3813075560341534e-04 to 2.3813075560341634e-04 seconds.
Warning: Simulation tolerance relaxed to achieve convergence from 2.3813075560346147e-04 to 2.3813075560346247e-04 seconds.
Warning: Simulation tolerance relaxed to achieve convergence from 2.3813075560346348e-04 to 2.3813075560346448e-04 seconds.
Warning: Simulation tolerance relaxed to achieve convergence from 2.3813075560347651e-04 to 2.3813075560347752e-04 seconds.
Warning: Simulation tolerance relaxed to achieve convergence from 2.3813075560347852e-04 to 2.3813075560347952e-04 seconds.
Warning: Simulation tolerance relaxed to achieve convergence from 2.3813075560351362e-04 to 2.3813075560351462e-04 seconds.
Warning: Simulation tolerance relaxed to achieve convergence from 2.3813075560351563e-04 to 2.3813075560351663e-04 seconds.
Warning: Simulation tolerance relaxed to achieve convergence from 2.3813075560352365e-04 to 2.3813075560352465e-04 seconds.
Warning: Simulation tolerance relaxed to achieve convergence from 2.3813075560352967e-04 to 2.3813075560353067e-04 seconds.
Warning: Simulation tolerance relaxed to achieve convergence from 2.3813075560353569e-04 to 2.3813075560353669e-04 seconds.
Warning: Simulation tolerance relaxed to achieve convergence from 2.3813075560356276e-04 to 2.3813075560356377e-04 seconds.
Warning: Simulation tolerance relaxed to achieve convergence from 2.3813075560356477e-04 to 2.3813075560356577e-04 seconds.
Warning: Simulation tolerance relaxed to achieve convergence from 2.3813075560356677e-04 to 2.3813075560356778e-04 seconds.
Warning: Simulation tolerance relaxed to achieve convergence from 2.3813075560357079e-04 to 2.3813075560357179e-04 seconds.
Warning: Simulation tolerance relaxed to achieve convergence from 2.3813075560374228e-04 to 2.3813075560374328e-04 seconds.
Warning: Simulation tolerance relaxed to achieve convergence from 2.3813075560375632e-04 to 2.3813075560375732e-04 seconds.
Warning: Simulation tolerance relaxed to achieve convergence from 2.3813075560379042e-04 to 2.3813075560379142e-04 seconds.
Warning: Simulation tolerance relaxed to achieve convergence from 2.3813075560381248e-04 to 2.3813075560381348e-04 seconds.
Warning: Simulation tolerance relaxed to achieve convergence from 2.3813075560382151e-04 to 2.3813075560382251e-04 seconds.
Warning: Simulation tolerance relaxed to achieve convergence from 2.3813075560384457e-04 to 2.3813075560384558e-04 seconds.
Warning: Simulation tolerance relaxed to achieve convergence from 2.3813075560387867e-04 to 2.3813075560387968e-04 seconds.
Warning: Simulation tolerance relaxed to achieve convergence from 2.3813075560388770e-04 to 2.3813075560388870e-04 seconds.
Warning: Simulation tolerance relaxed to achieve convergence from 2.3813075560389773e-04 to 2.3813075560389873e-04 seconds.
Warning: Simulation tolerance relaxed to achieve convergence from 2.3813075560409530e-04 to 2.3813075560409630e-04 seconds.
Warning: Simulation tolerance relaxed to achieve convergence from 2.3813075560466393e-04 to 2.3813075560466494e-04 seconds.
Warning: Simulation tolerance relaxed to achieve convergence from 2.3813075560466995e-04 to 2.3813075560467095e-04 seconds.
Warning: Simulation tolerance relaxed to achieve convergence from 2.3813075560480434e-04 to 2.3813075560480534e-04 seconds.
Warning: Simulation tolerance relaxed to achieve convergence from 2.3813075560717717e-04 to 2.3813075560717817e-04 seconds.
Warning: Simulation tolerance relaxed to achieve convergence from 2.3813075560721026e-04 to 2.3813075560721127e-04 seconds.
Warning: Simulation tolerance relaxed to achieve convergence from 2.3813075560730855e-04 to 2.3813075560730955e-04 seconds.
Warning: Simulation tolerance relaxed to achieve convergence from 2.3813075560731657e-04 to 2.3813075560731757e-04 seconds.
Warning: Simulation tolerance relaxed to achieve convergence from 2.3813075560737775e-04 to 2.3813075560737875e-04 seconds.
Warning: Simulation tolerance relaxed to achieve convergence from 2.3813075560742689e-04 to 2.3813075560742789e-04 seconds.
Warning: Simulation tolerance relaxed to achieve convergence from 2.3813075560752216e-04 to 2.3813075560752316e-04 seconds.
Warning: Simulation tolerance relaxed to achieve convergence from 2.3813075560756930e-04 to 2.3813075560757030e-04 seconds.
Warning: Simulation tolerance relaxed to achieve convergence from 2.3813075560757832e-04 to 2.3813075560757933e-04 seconds.
Warning: Simulation tolerance relaxed to achieve convergence from 2.3813075560759637e-04 to 2.3813075560759738e-04 seconds.
Warning: Simulation tolerance relaxed to achieve convergence from 2.3813075560767059e-04 to 2.3813075560767159e-04 seconds.
Warning: Simulation tolerance relaxed to achieve convergence from 2.3813075560776285e-04 to 2.3813075560776386e-04 seconds.
Warning: Simulation tolerance relaxed to achieve convergence from 2.3813075560778191e-04 to 2.3813075560778291e-04 seconds.
Warning: Simulation tolerance relaxed to achieve convergence from 2.3813075560779194e-04 to 2.3813075560779294e-04 seconds.
Warning: Simulation tolerance relaxed to achieve convergence from 2.3813075560779394e-04 to 2.3813075560779495e-04 seconds.
Warning: Simulation tolerance relaxed to achieve convergence from 2.3813075560779595e-04 to 2.3813075560779695e-04 seconds.
Warning: Simulation tolerance relaxed to achieve convergence from 2.3813075560782804e-04 to 2.3813075560782904e-04 seconds.
Warning: Simulation tolerance relaxed to achieve convergence from 2.3813075560786916e-04 to 2.3813075560787016e-04 seconds.
Warning: Simulation tolerance relaxed to achieve convergence from 2.3813075560787417e-04 to 2.3813075560787518e-04 seconds.
Warning: Simulation tolerance relaxed to achieve convergence from 2.3813075560787618e-04 to 2.3813075560787718e-04 seconds.
Warning: Simulation tolerance relaxed to achieve convergence from 2.3813075560787819e-04 to 2.3813075560787919e-04 seconds.
Warning: Simulation tolerance relaxed to achieve convergence from 2.3813075560788019e-04 to 2.3813075560788119e-04 seconds.
Warning: Simulation tolerance relaxed to achieve convergence from 2.3813075560790025e-04 to 2.3813075560790125e-04 seconds.
Warning: Simulation tolerance relaxed to achieve convergence from 2.3813075560797045e-04 to 2.3813075560797145e-04 seconds.
Warning: Simulation tolerance relaxed to achieve convergence from 2.3813075560801859e-04 to 2.3813075560801959e-04 seconds.
Warning: Simulation tolerance relaxed to achieve convergence from 2.3813075560803062e-04 to 2.3813075560803163e-04 seconds.
Warning: Simulation tolerance relaxed to achieve convergence from 2.3813075560843178e-04 to 2.3813075560843278e-04 seconds.
Warning: Simulation tolerance relaxed to achieve convergence from 2.3813075560860227e-04 to 2.3813075560860327e-04 seconds.
Warning: Simulation tolerance relaxed to achieve convergence from 2.3813075560940659e-04 to 2.3813075560940759e-04 seconds.
Warning: Simulation tolerance relaxed to achieve convergence from 2.3813075560988496e-04 to 2.3813075560988597e-04 seconds.
Warning: Simulation tolerance relaxed to achieve convergence from 2.3813075560989800e-04 to 2.3813075560989900e-04 seconds.
Warning: Simulation tolerance relaxed to achieve convergence from 2.3813075561042151e-04 to 2.3813075561042251e-04 seconds.
Warning: Simulation tolerance relaxed to achieve convergence from 2.3813075561042652e-04 to 2.3813075561042752e-04 seconds.
Warning: Simulation tolerance relaxed to achieve convergence from 2.3813075561043856e-04 to 2.3813075561043956e-04 seconds.
Warning: Simulation tolerance relaxed to achieve convergence from 2.3813075561059601e-04 to 2.3813075561059701e-04 seconds.
Warning: Simulation tolerance relaxed to achieve convergence from 2.3813075561077051e-04 to 2.3813075561077151e-04 seconds.
Warning: Simulation tolerance relaxed to achieve convergence from 2.3813075561086378e-04 to 2.3813075561086478e-04 seconds.
Warning: Simulation tolerance relaxed to achieve convergence from 2.3813075561087582e-04 to 2.3813075561087682e-04 seconds.
Warning: Simulation tolerance relaxed to achieve convergence from 2.3813075561129703e-04 to 2.3813075561129803e-04 seconds.
Warning: Simulation tolerance relaxed to achieve convergence from 2.3813075561130605e-04 to 2.3813075561130706e-04 seconds.
Warning: Simulation tolerance relaxed to achieve convergence from 2.3813075561131107e-04 to 2.3813075561131207e-04 seconds.
Warning: Simulation tolerance relaxed to achieve convergence from 2.3813075561135419e-04 to 2.3813075561135520e-04 seconds.
Warning: Simulation tolerance relaxed to achieve convergence from 2.3813075561140133e-04 to 2.3813075561140233e-04 seconds.
Warning: Simulation tolerance relaxed to achieve convergence from 2.3813075561217255e-04 to 2.3813075561217355e-04 seconds.
Warning: Simulation tolerance relaxed to achieve convergence from 2.3813075561217857e-04 to 2.3813075561217957e-04 seconds.
Warning: Simulation tolerance relaxed to achieve convergence from 2.3813075561228086e-04 to 2.3813075561228186e-04 seconds.
Warning: Simulation tolerance relaxed to achieve convergence from 2.3813075561232599e-04 to 2.3813075561232699e-04 seconds.
Warning: Simulation tolerance relaxed to achieve convergence from 2.3813075561239118e-04 to 2.3813075561239218e-04 seconds.
Warning: Simulation tolerance relaxed to achieve convergence from 2.3813075561250952e-04 to 2.3813075561251052e-04 seconds.
Warning: Simulation tolerance relaxed to achieve convergence from 2.3813075561269505e-04 to 2.3813075561269606e-04 seconds.
Warning: Simulation tolerance relaxed to achieve convergence from 2.3813075561269706e-04 to 2.3813075561269806e-04 seconds.
Warning: Simulation tolerance relaxed to achieve convergence from 2.3813075561441701e-04 to 2.3813075561441801e-04 seconds.
Warning: Simulation tolerance relaxed to achieve convergence from 2.3813075561459753e-04 to 2.3813075561459853e-04 seconds.
Warning: Simulation tolerance relaxed to achieve convergence from 2.3813075561469080e-04 to 2.3813075561469180e-04 seconds.
Warning: Simulation tolerance relaxed to achieve convergence from 2.3813075561471086e-04 to 2.3813075561471186e-04 seconds.
Warning: Simulation tolerance relaxed to achieve convergence from 2.3813075561506588e-04 to 2.3813075561506688e-04 seconds.
Warning: Simulation tolerance relaxed to achieve convergence from 2.3813075561506788e-04 to 2.3813075561506889e-04 seconds.
Warning: Simulation tolerance relaxed to achieve convergence from 2.3813075561507390e-04 to 2.3813075561507490e-04 seconds.
Warning: Simulation tolerance relaxed to achieve convergence from 2.3813075561508293e-04 to 2.3813075561508393e-04 seconds.
Warning: Simulation tolerance relaxed to achieve convergence from 2.3813075561508493e-04 to 2.3813075561508593e-04 seconds.
Warning: Simulation tolerance relaxed to achieve convergence from 2.3813075561512304e-04 to 2.3813075561512404e-04 seconds.
Warning: Simulation tolerance relaxed to achieve convergence from 2.3813075561513909e-04 to 2.3813075561514009e-04 seconds.
Warning: Simulation tolerance relaxed to achieve convergence from 2.3813075561519224e-04 to 2.3813075561519324e-04 seconds.
Warning: Simulation tolerance relaxed to achieve convergence from 2.3813075561520528e-04 to 2.3813075561520628e-04 seconds.
Warning: Simulation tolerance relaxed to achieve convergence from 2.3813075561554827e-04 to 2.3813075561554927e-04 seconds.
Warning: Simulation tolerance relaxed to achieve convergence from 2.3813075561556732e-04 to 2.3813075561556832e-04 seconds.
Warning: Simulation tolerance relaxed to achieve convergence from 2.3813075561559440e-04 to 2.3813075561559540e-04 seconds.
Warning: Simulation tolerance relaxed to achieve convergence from 2.3813075561572578e-04 to 2.3813075561572678e-04 seconds.
Warning: Simulation tolerance relaxed to achieve convergence from 2.3813075561575586e-04 to 2.3813075561575687e-04 seconds.
Warning: Simulation tolerance relaxed to achieve convergence from 2.3813075561580801e-04 to 2.3813075561580902e-04 seconds.
Warning: Simulation tolerance relaxed to achieve convergence from 2.3813075561590630e-04 to 2.3813075561590730e-04 seconds.
Warning: Simulation tolerance relaxed to achieve convergence from 2.3813075561609384e-04 to 2.3813075561609484e-04 seconds.
Warning: Simulation tolerance relaxed to achieve convergence from 2.3813075561619713e-04 to 2.3813075561619814e-04 seconds.
Warning: Simulation tolerance relaxed to achieve convergence from 2.3813075561626834e-04 to 2.3813075561626934e-04 seconds.
Warning: Simulation tolerance relaxed to achieve convergence from 2.3813075561648797e-04 to 2.3813075561648897e-04 seconds.
Warning: Simulation tolerance relaxed to achieve convergence from 2.3813075561649599e-04 to 2.3813075561649700e-04 seconds.
Warning: Simulation tolerance relaxed to achieve convergence from 2.3813075561652608e-04 to 2.3813075561652708e-04 seconds.
Warning: Simulation tolerance relaxed to achieve convergence from 2.3813075561652909e-04 to 2.3813075561653009e-04 seconds.
Warning: Simulation tolerance relaxed to achieve convergence from 2.3813075561738957e-04 to 2.3813075561739057e-04 seconds.
Warning: Simulation tolerance relaxed to achieve convergence from 2.3813075561740060e-04 to 2.3813075561740160e-04 seconds.
Warning: Simulation tolerance relaxed to achieve convergence from 2.3813075561742366e-04 to 2.3813075561742467e-04 seconds.
Warning: Simulation tolerance relaxed to achieve convergence from 2.3813075561742567e-04 to 2.3813075561742667e-04 seconds.
Warning: Simulation tolerance relaxed to achieve convergence from 2.3813075561751092e-04 to 2.3813075561751192e-04 seconds.
Warning: Simulation tolerance relaxed to achieve convergence from 2.3813075561756006e-04 to 2.3813075561756106e-04 seconds.
Warning: Simulation tolerance relaxed to achieve convergence from 2.3813075561756206e-04 to 2.3813075561756307e-04 seconds.
Warning: Simulation tolerance relaxed to achieve convergence from 2.3813075561756507e-04 to 2.3813075561756607e-04 seconds.
Warning: Simulation tolerance relaxed to achieve convergence from 2.3813075561758513e-04 to 2.3813075561758613e-04 seconds.
Warning: Simulation tolerance relaxed to achieve convergence from 2.3813075561760318e-04 to 2.3813075561760418e-04 seconds.
Warning: Simulation tolerance relaxed to achieve convergence from 2.3813075561762625e-04 to 2.3813075561762725e-04 seconds.
Warning: Simulation tolerance relaxed to achieve convergence from 2.3813075561762825e-04 to 2.3813075561762926e-04 seconds.
Warning: Simulation tolerance relaxed to achieve convergence from 2.3813075561763929e-04 to 2.3813075561764029e-04 seconds.
Warning: Simulation tolerance relaxed to achieve convergence from 2.3813075561764129e-04 to 2.3813075561764229e-04 seconds.
Warning: Simulation tolerance relaxed to achieve convergence from 2.3813075561764931e-04 to 2.3813075561765032e-04 seconds.
Warning: Simulation tolerance relaxed to achieve convergence from 2.3813075561765232e-04 to 2.3813075561765333e-04 seconds.
Warning: Simulation tolerance relaxed to achieve convergence from 2.3813075561782582e-04 to 2.3813075561782683e-04 seconds.
Warning: Simulation tolerance relaxed to achieve convergence from 2.3813075561783184e-04 to 2.3813075561783284e-04 seconds.
Warning: Simulation tolerance relaxed to achieve convergence from 2.3813075561783685e-04 to 2.3813075561783786e-04 seconds.
Warning: Simulation tolerance relaxed to achieve convergence from 2.3813075561865020e-04 to 2.3813075561865120e-04 seconds.
Warning: Simulation tolerance relaxed to achieve convergence from 2.3813075561868830e-04 to 2.3813075561868931e-04 seconds.
Warning: Simulation tolerance relaxed to achieve convergence from 2.3813075561873243e-04 to 2.3813075561873343e-04 seconds.
Warning: Simulation tolerance relaxed to achieve convergence from 2.3813075561878358e-04 to 2.3813075561878458e-04 seconds.
Warning: Simulation tolerance relaxed to achieve convergence from 2.3813075561884676e-04 to 2.3813075561884776e-04 seconds.
Warning: Simulation tolerance relaxed to achieve convergence from 2.3813075561912857e-04 to 2.3813075561912958e-04 seconds.
Warning: Simulation tolerance relaxed to achieve convergence from 2.3813075561913058e-04 to 2.3813075561913158e-04 seconds.
Warning: Simulation tolerance relaxed to achieve convergence from 2.3813075561918674e-04 to 2.3813075561918774e-04 seconds.
Warning: Simulation tolerance relaxed to achieve convergence from 2.3813075561919777e-04 to 2.3813075561919877e-04 seconds.
Warning: Simulation tolerance relaxed to achieve convergence from 2.3813075561920780e-04 to 2.3813075561920880e-04 seconds.
Warning: Simulation tolerance relaxed to achieve convergence from 2.3813075561921883e-04 to 2.3813075561921984e-04 seconds.
Warning: Simulation tolerance relaxed to achieve convergence from 2.3813075561923087e-04 to 2.3813075561923187e-04 seconds.
Warning: Simulation tolerance relaxed to achieve convergence from 2.3813075561924491e-04 to 2.3813075561924591e-04 seconds.
Warning: Simulation tolerance relaxed to achieve convergence from 2.3813075561925694e-04 to 2.3813075561925794e-04 seconds.
Warning: Simulation tolerance relaxed to achieve convergence from 2.3813075561928302e-04 to 2.3813075561928402e-04 seconds.
Warning: Simulation tolerance relaxed to achieve convergence from 2.3813075561929204e-04 to 2.3813075561929305e-04 seconds.
Warning: Simulation tolerance relaxed to achieve convergence from 2.3813075561933517e-04 to 2.3813075561933617e-04 seconds.
Warning: Simulation tolerance relaxed to achieve convergence from 2.3813075561933717e-04 to 2.3813075561933818e-04 seconds.
Warning: Simulation tolerance relaxed to achieve convergence from 2.3813075561933918e-04 to 2.3813075561934018e-04 seconds.
Warning: Simulation tolerance relaxed to achieve convergence from 2.3813075561945150e-04 to 2.3813075561945250e-04 seconds.
Warning: Simulation tolerance relaxed to achieve convergence from 2.3813075561945351e-04 to 2.3813075561945451e-04 seconds.
Warning: Simulation tolerance relaxed to achieve convergence from 2.3813075561964807e-04 to 2.3813075561964907e-04 seconds.
Warning: Simulation tolerance relaxed to achieve convergence from 2.3813075561970423e-04 to 2.3813075561970523e-04 seconds.
Warning: Simulation tolerance relaxed to achieve convergence from 2.3813075561975036e-04 to 2.3813075561975137e-04 seconds.
Warning: Simulation tolerance relaxed to achieve convergence from 2.3813075561991584e-04 to 2.3813075561991684e-04 seconds.
Warning: Simulation tolerance relaxed to achieve convergence from 2.3813075561992085e-04 to 2.3813075561992186e-04 seconds.
Warning: Simulation tolerance relaxed to achieve convergence from 2.3813075561992286e-04 to 2.3813075561992386e-04 seconds.
Warning: Simulation tolerance relaxed to achieve convergence from 2.3813075561997300e-04 to 2.3813075561997401e-04 seconds.
Warning: Simulation tolerance relaxed to achieve convergence from 2.3813075562056772e-04 to 2.3813075562056872e-04 seconds.
Warning: Simulation tolerance relaxed to achieve convergence from 2.3813075562153550e-04 to 2.3813075562153650e-04 seconds.
Warning: Simulation tolerance relaxed to achieve convergence from 2.3813075562154453e-04 to 2.3813075562154553e-04 seconds.
Warning: Simulation tolerance relaxed to achieve convergence from 2.3813075562158364e-04 to 2.3813075562158464e-04 seconds.
Warning: Simulation tolerance relaxed to achieve convergence from 2.3813075562159267e-04 to 2.3813075562159367e-04 seconds.
Warning: Simulation tolerance relaxed to achieve convergence from 2.3813075562443184e-04 to 2.3813075562443284e-04 seconds.
Warning: Simulation tolerance relaxed to achieve convergence from 2.3813075562443384e-04 to 2.3813075562443485e-04 seconds.
Warning: Simulation tolerance relaxed to achieve convergence from 2.3813075562445691e-04 to 2.3813075562445791e-04 seconds.
Warning: Simulation tolerance relaxed to achieve convergence from 2.3813075562474975e-04 to 2.3813075562475076e-04 seconds.
Warning: Simulation tolerance relaxed to achieve convergence from 2.3813075562498744e-04 to 2.3813075562498844e-04 seconds.
Warning: Simulation tolerance relaxed to achieve convergence from 2.3813075562499646e-04 to 2.3813075562499747e-04 seconds.
Warning: Simulation tolerance relaxed to achieve convergence from 2.3813075562500048e-04 to 2.3813075562500148e-04 seconds.
Warning: Simulation tolerance relaxed to achieve convergence from 2.3813075562515793e-04 to 2.3813075562515893e-04 seconds.
Warning: Simulation tolerance relaxed to achieve convergence from 2.3813075562516395e-04 to 2.3813075562516495e-04 seconds.
Warning: Simulation tolerance relaxed to achieve convergence from 2.3813075562517297e-04 to 2.3813075562517398e-04 seconds.
Warning: Simulation tolerance relaxed to achieve convergence from 2.3813075562543773e-04 to 2.3813075562543874e-04 seconds.
Warning: Simulation tolerance relaxed to achieve convergence from 2.3813075562543974e-04 to 2.3813075562544074e-04 seconds.
Warning: Simulation tolerance relaxed to achieve convergence from 2.3813075562545378e-04 to 2.3813075562545478e-04 seconds.
Warning: Simulation tolerance relaxed to achieve convergence from 2.3813075562545679e-04 to 2.3813075562545779e-04 seconds.
Warning: Simulation tolerance relaxed to achieve convergence from 2.3813075562545880e-04 to 2.3813075562545980e-04 seconds.
Warning: Simulation tolerance relaxed to achieve convergence from 2.3813075562589204e-04 to 2.3813075562589305e-04 seconds.
Warning: Simulation tolerance relaxed to achieve convergence from 2.3813075562590107e-04 to 2.3813075562590207e-04 seconds.
Warning: Simulation tolerance relaxed to achieve convergence from 2.3813075562591711e-04 to 2.3813075562591812e-04 seconds.
Warning: Simulation tolerance relaxed to achieve convergence from 2.3813075562593015e-04 to 2.3813075562593115e-04 seconds.
Warning: Simulation tolerance relaxed to achieve convergence from 2.3813075562597027e-04 to 2.3813075562597127e-04 seconds.
Warning: Simulation tolerance relaxed to achieve convergence from 2.3813075562597528e-04 to 2.3813075562597628e-04 seconds.
Warning: Simulation tolerance relaxed to achieve convergence from 2.3813075562598230e-04 to 2.3813075562598331e-04 seconds.
Warning: Simulation tolerance relaxed to achieve convergence from 2.3813075562602342e-04 to 2.3813075562602442e-04 seconds.
Warning: Simulation tolerance relaxed to achieve convergence from 2.3813075562626010e-04 to 2.3813075562626110e-04 seconds.
Warning: Simulation tolerance relaxed to achieve convergence from 2.3813075562627013e-04 to 2.3813075562627113e-04 seconds.
Warning: Simulation tolerance relaxed to achieve convergence from 2.3813075562627515e-04 to 2.3813075562627615e-04 seconds.
Warning: Simulation tolerance relaxed to achieve convergence from 2.3813075562659306e-04 to 2.3813075562659406e-04 seconds.
Warning: Simulation tolerance relaxed to achieve convergence from 2.3813075562659908e-04 to 2.3813075562660008e-04 seconds.
Warning: Simulation tolerance relaxed to achieve convergence from 2.3813075562664120e-04 to 2.3813075562664220e-04 seconds.
Warning: Simulation tolerance relaxed to achieve convergence from 2.3813075562664822e-04 to 2.3813075562664922e-04 seconds.
Warning: Simulation tolerance relaxed to achieve convergence from 2.3813075562693705e-04 to 2.3813075562693805e-04 seconds.
Warning: Simulation tolerance relaxed to achieve convergence from 2.3813075562695209e-04 to 2.3813075562695310e-04 seconds.
Warning: Simulation tolerance relaxed to achieve convergence from 2.3813075562695510e-04 to 2.3813075562695611e-04 seconds.
Warning: Simulation tolerance relaxed to achieve convergence from 2.3813075562708347e-04 to 2.3813075562708448e-04 seconds.
Warning: Simulation tolerance relaxed to achieve convergence from 2.3813075562726600e-04 to 2.3813075562726700e-04 seconds.
Warning: Simulation tolerance relaxed to achieve convergence from 2.3813075562737832e-04 to 2.3813075562737932e-04 seconds.
Warning: Simulation tolerance relaxed to achieve convergence from 2.3813075562741242e-04 to 2.3813075562741342e-04 seconds.
Warning: Simulation tolerance relaxed to achieve convergence from 2.3813075562744050e-04 to 2.3813075562744150e-04 seconds.
Warning: Simulation tolerance relaxed to achieve convergence from 2.3813075562755383e-04 to 2.3813075562755483e-04 seconds.
Warning: Simulation tolerance relaxed to achieve convergence from 2.3813075562755583e-04 to 2.3813075562755683e-04 seconds.
Warning: Simulation tolerance relaxed to achieve convergence from 2.3813075562756987e-04 to 2.3813075562757088e-04 seconds.
Warning: Simulation tolerance relaxed to achieve convergence from 2.3813075562789581e-04 to 2.3813075562789681e-04 seconds.
Warning: Simulation tolerance relaxed to achieve convergence from 2.3813075562795398e-04 to 2.3813075562795498e-04 seconds.
Warning: Simulation tolerance relaxed to achieve convergence from 2.3813075562801215e-04 to 2.3813075562801315e-04 seconds.
Warning: Simulation tolerance relaxed to achieve convergence from 2.3813075562803521e-04 to 2.3813075562803621e-04 seconds.
Warning: Simulation tolerance relaxed to achieve convergence from 2.3813075562836616e-04 to 2.3813075562836717e-04 seconds.
Warning: Simulation tolerance relaxed to achieve convergence from 2.3813075562942220e-04 to 2.3813075562942321e-04 seconds.
Warning: Simulation tolerance relaxed to achieve convergence from 2.3813075562943925e-04 to 2.3813075562944026e-04 seconds.
Warning: Simulation tolerance relaxed to achieve convergence from 2.3813075562944126e-04 to 2.3813075562944226e-04 seconds.
Warning: Simulation tolerance relaxed to achieve convergence from 2.3813075562944327e-04 to 2.3813075562944427e-04 seconds.
Warning: Simulation tolerance relaxed to achieve convergence from 2.3813075562950344e-04 to 2.3813075562950444e-04 seconds.
Warning: Simulation tolerance relaxed to achieve convergence from 2.3813075562952049e-04 to 2.3813075562952149e-04 seconds.
Warning: Simulation tolerance relaxed to achieve convergence from 2.3813075562952550e-04 to 2.3813075562952650e-04 seconds.
Warning: Simulation tolerance relaxed to achieve convergence from 2.3813075562968396e-04 to 2.3813075562968496e-04 seconds.
Warning: Simulation tolerance relaxed to achieve convergence from 2.3813075562970903e-04 to 2.3813075562971003e-04 seconds.
Warning: Simulation tolerance relaxed to achieve convergence from 2.3813075562971104e-04 to 2.3813075562971204e-04 seconds.
Warning: Simulation tolerance relaxed to achieve convergence from 2.3813075562971304e-04 to 2.3813075562971404e-04 seconds.
Warning: Simulation tolerance relaxed to achieve convergence from 2.3813075562972909e-04 to 2.3813075562973009e-04 seconds.
Warning: Simulation tolerance relaxed to achieve convergence from 2.3813075562975015e-04 to 2.3813075562975115e-04 seconds.
Warning: Simulation tolerance relaxed to achieve convergence from 2.3813075562975215e-04 to 2.3813075562975316e-04 seconds.
Warning: Simulation tolerance relaxed to achieve convergence from 2.3813075562985645e-04 to 2.3813075562985746e-04 seconds.
Warning: Simulation tolerance relaxed to achieve convergence from 2.3813075562993869e-04 to 2.3813075562993969e-04 seconds.
Warning: Simulation tolerance relaxed to achieve convergence from 2.3813075562994471e-04 to 2.3813075562994571e-04 seconds.
Warning: Simulation tolerance relaxed to achieve convergence from 2.3813075562996376e-04 to 2.3813075562996477e-04 seconds.
Warning: Simulation tolerance relaxed to achieve convergence from 2.3813075562997279e-04 to 2.3813075562997379e-04 seconds.
Warning: Simulation tolerance relaxed to achieve convergence from 2.3813075562999886e-04 to 2.3813075562999987e-04 seconds.
Warning: Simulation tolerance relaxed to achieve convergence from 2.3813075563002695e-04 to 2.3813075563002795e-04 seconds.
Warning: Simulation tolerance relaxed to achieve convergence from 2.3813075563003898e-04 to 2.3813075563003998e-04 seconds.
Warning: Simulation tolerance relaxed to achieve convergence from 2.3813075563005001e-04 to 2.3813075563005101e-04 seconds.
Warning: Simulation tolerance relaxed to achieve convergence from 2.3813075563005202e-04 to 2.3813075563005302e-04 seconds.
Warning: Simulation tolerance relaxed to achieve convergence from 2.3813075563006104e-04 to 2.3813075563006205e-04 seconds.
Warning: Simulation tolerance relaxed to achieve convergence from 2.3813075563008712e-04 to 2.3813075563008812e-04 seconds.
Warning: Simulation tolerance relaxed to achieve convergence from 2.3813075563008912e-04 to 2.3813075563009013e-04 seconds.
Warning: Simulation tolerance relaxed to achieve convergence from 2.3813075563011921e-04 to 2.3813075563012021e-04 seconds.
Warning: Simulation tolerance relaxed to achieve convergence from 2.3813075563013726e-04 to 2.3813075563013827e-04 seconds.
Warning: Simulation tolerance relaxed to achieve convergence from 2.3813075563014328e-04 to 2.3813075563014428e-04 seconds.
Warning: Simulation tolerance relaxed to achieve convergence from 2.3813075563015030e-04 to 2.3813075563015130e-04 seconds.
Warning: Simulation tolerance relaxed to achieve convergence from 2.3813075563015933e-04 to 2.3813075563016033e-04 seconds.
Warning: Simulation tolerance relaxed to achieve convergence from 2.3813075563320610e-04 to 2.3813075563320710e-04 seconds.
Warning: Simulation tolerance relaxed to achieve convergence from 2.3813075563322214e-04 to 2.3813075563322315e-04 seconds.
Warning: Simulation tolerance relaxed to achieve convergence from 2.3813075563328031e-04 to 2.3813075563328131e-04 seconds.
Warning: Simulation tolerance relaxed to achieve convergence from 2.3813075563328232e-04 to 2.3813075563328332e-04 seconds.
Warning: Simulation tolerance relaxed to achieve convergence from 2.3813075563329235e-04 to 2.3813075563329335e-04 seconds.
Warning: Simulation tolerance relaxed to achieve convergence from 2.3813075563333647e-04 to 2.3813075563333748e-04 seconds.
Warning: Simulation tolerance relaxed to achieve convergence from 2.3813075563333848e-04 to 2.3813075563333948e-04 seconds.
Warning: Simulation tolerance relaxed to achieve convergence from 2.3813075563335051e-04 to 2.3813075563335152e-04 seconds.
Warning: Simulation tolerance relaxed to achieve convergence from 2.3813075563336556e-04 to 2.3813075563336656e-04 seconds.
Warning: Simulation tolerance relaxed to achieve convergence from 2.3813075563337358e-04 to 2.3813075563337458e-04 seconds.
Warning: Simulation tolerance relaxed to achieve convergence from 2.3813075563342974e-04 to 2.3813075563343074e-04 seconds.
Warning: Simulation tolerance relaxed to achieve convergence from 2.3813075563361126e-04 to 2.3813075563361227e-04 seconds.
Warning: Simulation tolerance relaxed to achieve convergence from 2.3813075563376872e-04 to 2.3813075563376972e-04 seconds.
Warning: Simulation tolerance relaxed to achieve convergence from 2.3813075563402646e-04 to 2.3813075563402746e-04 seconds.
Warning: Simulation tolerance relaxed to achieve convergence from 2.3813075563431730e-04 to 2.3813075563431830e-04 seconds.
Warning: Simulation tolerance relaxed to achieve convergence from 2.3813075563440455e-04 to 2.3813075563440555e-04 seconds.
Warning: Simulation tolerance relaxed to achieve convergence from 2.3813075563446472e-04 to 2.3813075563446572e-04 seconds.
Warning: Simulation tolerance relaxed to achieve convergence from 2.3813075563455799e-04 to 2.3813075563455899e-04 seconds.
Warning: Simulation tolerance relaxed to achieve convergence from 2.3813075563457704e-04 to 2.3813075563457805e-04 seconds.
Warning: Simulation tolerance relaxed to achieve convergence from 2.3813075563459409e-04 to 2.3813075563459510e-04 seconds.
Warning: Simulation tolerance relaxed to achieve convergence from 2.3813075563460312e-04 to 2.3813075563460412e-04 seconds.
Warning: Simulation tolerance relaxed to achieve convergence from 2.3813075563472447e-04 to 2.3813075563472547e-04 seconds.
Warning: Simulation tolerance relaxed to achieve convergence from 2.3813075563487992e-04 to 2.3813075563488092e-04 seconds.
Warning: Simulation tolerance relaxed to achieve convergence from 2.3813075563503235e-04 to 2.3813075563503336e-04 seconds.
Warning: Simulation tolerance relaxed to achieve convergence from 2.3813075563503436e-04 to 2.3813075563503536e-04 seconds.
Warning: Simulation tolerance relaxed to achieve convergence from 2.3813075563592192e-04 to 2.3813075563592292e-04 seconds.
Warning: Simulation tolerance relaxed to achieve convergence from 2.3813075563663397e-04 to 2.3813075563663497e-04 seconds.
Warning: Simulation tolerance relaxed to achieve convergence from 2.3813075563673526e-04 to 2.3813075563673626e-04 seconds.
Warning: Simulation tolerance relaxed to achieve convergence from 2.3813075563674328e-04 to 2.3813075563674428e-04 seconds.
Warning: Simulation tolerance relaxed to achieve convergence from 2.3813075563675933e-04 to 2.3813075563676033e-04 seconds.
Warning: Simulation tolerance relaxed to achieve convergence from 2.3813075563717753e-04 to 2.3813075563717853e-04 seconds.
Warning: Simulation tolerance relaxed to achieve convergence from 2.3813075563746436e-04 to 2.3813075563746536e-04 seconds.
Warning: Simulation tolerance relaxed to achieve convergence from 2.3813075563753456e-04 to 2.3813075563753556e-04 seconds.
Warning: Simulation tolerance relaxed to achieve convergence from 2.3813075563777926e-04 to 2.3813075563778026e-04 seconds.
Warning: Simulation tolerance relaxed to achieve convergence from 2.3813075563786150e-04 to 2.3813075563786250e-04 seconds.
Warning: Simulation tolerance relaxed to achieve convergence from 2.3813075563799187e-04 to 2.3813075563799288e-04 seconds.
Warning: Simulation tolerance relaxed to achieve convergence from 2.3813075563799388e-04 to 2.3813075563799488e-04 seconds.
Warning: Simulation tolerance relaxed to achieve convergence from 2.3813075563872498e-04 to 2.3813075563872599e-04 seconds.
Warning: Simulation tolerance relaxed to achieve convergence from 2.3813075563881524e-04 to 2.3813075563881625e-04 seconds.
Warning: Simulation tolerance relaxed to achieve convergence from 2.3813075563882226e-04 to 2.3813075563882327e-04 seconds.
Warning: Simulation tolerance relaxed to achieve convergence from 2.3813075563882828e-04 to 2.3813075563882928e-04 seconds.
Warning: Simulation tolerance relaxed to achieve convergence from 2.3813075563883931e-04 to 2.3813075563884032e-04 seconds.
Warning: Simulation tolerance relaxed to achieve convergence from 2.3813075563885235e-04 to 2.3813075563885335e-04 seconds.
Warning: Simulation tolerance relaxed to achieve convergence from 2.3813075563888745e-04 to 2.3813075563888846e-04 seconds.
Warning: Simulation tolerance relaxed to achieve convergence from 2.3813075563890851e-04 to 2.3813075563890952e-04 seconds.
Warning: Simulation tolerance relaxed to achieve convergence from 2.3813075563891754e-04 to 2.3813075563891854e-04 seconds.
Warning: Simulation tolerance relaxed to achieve convergence from 2.3813075563893359e-04 to 2.3813075563893459e-04 seconds.
Warning: Simulation tolerance relaxed to achieve convergence from 2.3813075563896969e-04 to 2.3813075563897069e-04 seconds.
Warning: Simulation tolerance relaxed to achieve convergence from 2.3813075563905794e-04 to 2.3813075563905895e-04 seconds.
Warning: Simulation tolerance relaxed to achieve convergence from 2.3813075564042087e-04 to 2.3813075564042187e-04 seconds.
Warning: Simulation tolerance relaxed to achieve convergence from 2.3813075564043090e-04 to 2.3813075564043190e-04 seconds.
Warning: Simulation tolerance relaxed to achieve convergence from 2.3813075564044494e-04 to 2.3813075564044594e-04 seconds.
Warning: Simulation tolerance relaxed to achieve convergence from 2.3813075564045898e-04 to 2.3813075564045998e-04 seconds.
Warning: Simulation tolerance relaxed to achieve convergence from 2.3813075564047502e-04 to 2.3813075564047603e-04 seconds.
Warning: Simulation tolerance relaxed to achieve convergence from 2.3813075564055224e-04 to 2.3813075564055325e-04 seconds.
Warning: Simulation tolerance relaxed to achieve convergence from 2.3813075564112389e-04 to 2.3813075564112489e-04 seconds.
Warning: Simulation tolerance relaxed to achieve convergence from 2.3813075564148192e-04 to 2.3813075564148292e-04 seconds.
Warning: Simulation tolerance relaxed to achieve convergence from 2.3813075564149696e-04 to 2.3813075564149797e-04 seconds.
Warning: Simulation tolerance relaxed to achieve convergence from 2.3813075564150298e-04 to 2.3813075564150398e-04 seconds.
Warning: Simulation tolerance relaxed to achieve convergence from 2.3813075564150499e-04 to 2.3813075564150599e-04 seconds.
Warning: Simulation tolerance relaxed to achieve convergence from 2.3813075564150699e-04 to 2.3813075564150800e-04 seconds.
Warning: Simulation tolerance relaxed to achieve convergence from 2.3813075564155212e-04 to 2.3813075564155313e-04 seconds.
Warning: Simulation tolerance relaxed to achieve convergence from 2.3813075564155914e-04 to 2.3813075564156015e-04 seconds.
Warning: Simulation tolerance relaxed to achieve convergence from 2.3813075564159324e-04 to 2.3813075564159424e-04 seconds.
Warning: Simulation tolerance relaxed to achieve convergence from 2.3813075564160427e-04 to 2.3813075564160528e-04 seconds.
Warning: Simulation tolerance relaxed to achieve convergence from 2.3813075564161430e-04 to 2.3813075564161530e-04 seconds.
Warning: Simulation tolerance relaxed to achieve convergence from 2.3813075564161731e-04 to 2.3813075564161831e-04 seconds.
Warning: Simulation tolerance relaxed to achieve convergence from 2.3813075564162634e-04 to 2.3813075564162734e-04 seconds.
Warning: Simulation tolerance relaxed to achieve convergence from 2.3813075564168250e-04 to 2.3813075564168350e-04 seconds.
Warning: Simulation tolerance relaxed to achieve convergence from 2.3813075564168751e-04 to 2.3813075564168852e-04 seconds.
Warning: Simulation tolerance relaxed to achieve convergence from 2.3813075564169955e-04 to 2.3813075564170055e-04 seconds.
Warning: Simulation tolerance relaxed to achieve convergence from 2.3813075564170356e-04 to 2.3813075564170456e-04 seconds.
Warning: Simulation tolerance relaxed to achieve convergence from 2.3813075564171559e-04 to 2.3813075564171660e-04 seconds.
Warning: Simulation tolerance relaxed to achieve convergence from 2.3813075564172763e-04 to 2.3813075564172863e-04 seconds.
Warning: Simulation tolerance relaxed to achieve convergence from 2.3813075564173264e-04 to 2.3813075564173365e-04 seconds.
Warning: Simulation tolerance relaxed to achieve convergence from 2.3813075564173565e-04 to 2.3813075564173665e-04 seconds.
Warning: Simulation tolerance relaxed to achieve convergence from 2.3813075564174969e-04 to 2.3813075564175069e-04 seconds.
Warning: Simulation tolerance relaxed to achieve convergence from 2.3813075564175170e-04 to 2.3813075564175270e-04 seconds.
Warning: Simulation tolerance relaxed to achieve convergence from 2.3813075564177075e-04 to 2.3813075564177176e-04 seconds.
Warning: Simulation tolerance relaxed to achieve convergence from 2.3813075564177978e-04 to 2.3813075564178078e-04 seconds.
Warning: Simulation tolerance relaxed to achieve convergence from 2.3813075564178178e-04 to 2.3813075564178279e-04 seconds.
Warning: Simulation tolerance relaxed to achieve convergence from 2.3813075564178680e-04 to 2.3813075564178780e-04 seconds.
Warning: Simulation tolerance relaxed to achieve convergence from 2.3813075564186202e-04 to 2.3813075564186302e-04 seconds.
Warning: Simulation tolerance relaxed to achieve convergence from 2.3813075564189611e-04 to 2.3813075564189712e-04 seconds.
Warning: Simulation tolerance relaxed to achieve convergence from 2.3813075564446250e-04 to 2.3813075564446350e-04 seconds.
Warning: Simulation tolerance relaxed to achieve convergence from 2.3813075564465205e-04 to 2.3813075564465305e-04 seconds.
Warning: Simulation tolerance relaxed to achieve convergence from 2.3813075564466208e-04 to 2.3813075564466308e-04 seconds.
Warning: Simulation tolerance relaxed to achieve convergence from 2.3813075564466709e-04 to 2.3813075564466809e-04 seconds.
Warning: Simulation tolerance relaxed to achieve convergence from 2.3813075564468013e-04 to 2.3813075564468113e-04 seconds.
Warning: Simulation tolerance relaxed to achieve convergence from 2.3813075564469016e-04 to 2.3813075564469116e-04 seconds.
Warning: Simulation tolerance relaxed to achieve convergence from 2.3813075564475534e-04 to 2.3813075564475635e-04 seconds.
Warning: Simulation tolerance relaxed to achieve convergence from 2.3813075564475735e-04 to 2.3813075564475835e-04 seconds.
Warning: Simulation tolerance relaxed to achieve convergence from 2.3813075564476537e-04 to 2.3813075564476638e-04 seconds.
Warning: Simulation tolerance relaxed to achieve convergence from 2.3813075564483457e-04 to 2.3813075564483558e-04 seconds.
Warning: Simulation tolerance relaxed to achieve convergence from 2.3813075564483658e-04 to 2.3813075564483758e-04 seconds.
Warning: Simulation tolerance relaxed to achieve convergence from 2.3813075564516352e-04 to 2.3813075564516452e-04 seconds.
Warning: Simulation tolerance relaxed to achieve convergence from 2.3813075564527283e-04 to 2.3813075564527384e-04 seconds.
Warning: Simulation tolerance relaxed to achieve convergence from 2.3813075564527484e-04 to 2.3813075564527584e-04 seconds.
Warning: Simulation tolerance relaxed to achieve convergence from 2.3813075564539719e-04 to 2.3813075564539819e-04 seconds.
Warning: Simulation tolerance relaxed to achieve convergence from 2.3813075564688046e-04 to 2.3813075564688146e-04 seconds.
Warning: Simulation tolerance relaxed to achieve convergence from 2.3813075564691155e-04 to 2.3813075564691255e-04 seconds.
Warning: Simulation tolerance relaxed to achieve convergence from 2.3813075564692459e-04 to 2.3813075564692559e-04 seconds.
Warning: Simulation tolerance relaxed to achieve convergence from 2.3813075564732675e-04 to 2.3813075564732775e-04 seconds.
Warning: Simulation tolerance relaxed to achieve convergence from 2.3813075564798965e-04 to 2.3813075564799066e-04 seconds.
Warning: Simulation tolerance relaxed to achieve convergence from 2.3813075564799768e-04 to 2.3813075564799868e-04 seconds.
Warning: Simulation tolerance relaxed to achieve convergence from 2.3813075564855027e-04 to 2.3813075564855127e-04 seconds.
Warning: Simulation tolerance relaxed to achieve convergence from 2.3813075564959026e-04 to 2.3813075564959127e-04 seconds.
Warning: Simulation tolerance relaxed to achieve convergence from 2.3813075564959628e-04 to 2.3813075564959728e-04 seconds.
Warning: Simulation tolerance relaxed to achieve convergence from 2.3813075564967952e-04 to 2.3813075564968052e-04 seconds.
Warning: Simulation tolerance relaxed to achieve convergence from 2.3813075564968955e-04 to 2.3813075564969055e-04 seconds.
Warning: Simulation tolerance relaxed to achieve convergence from 2.3813075564979084e-04 to 2.3813075564979184e-04 seconds.
Warning: Simulation tolerance relaxed to achieve convergence from 2.3813075564979285e-04 to 2.3813075564979385e-04 seconds.
Warning: Simulation tolerance relaxed to achieve convergence from 2.3813075564980388e-04 to 2.3813075564980488e-04 seconds.
Warning: Simulation tolerance relaxed to achieve convergence from 2.3813075564980889e-04 to 2.3813075564980989e-04 seconds.
Warning: Simulation tolerance relaxed to achieve convergence from 2.3813075564981691e-04 to 2.3813075564981792e-04 seconds.
Warning: Simulation tolerance relaxed to achieve convergence from 2.3813075564983597e-04 to 2.3813075564983697e-04 seconds.
Warning: Simulation tolerance relaxed to achieve convergence from 2.3813075564983798e-04 to 2.3813075564983898e-04 seconds.
Warning: Simulation tolerance relaxed to achieve convergence from 2.3813075564984800e-04 to 2.3813075564984901e-04 seconds.
Warning: Simulation tolerance relaxed to achieve convergence from 2.3813075564985502e-04 to 2.3813075564985603e-04 seconds.
Warning: Simulation tolerance relaxed to achieve convergence from 2.3813075564990015e-04 to 2.3813075564990116e-04 seconds.
Warning: Simulation tolerance relaxed to achieve convergence from 2.3813075564994528e-04 to 2.3813075564994629e-04 seconds.
Warning: Simulation tolerance relaxed to achieve convergence from 2.3813075565001047e-04 to 2.3813075565001147e-04 seconds.
Warning: Simulation tolerance relaxed to achieve convergence from 2.3813075565002050e-04 to 2.3813075565002150e-04 seconds.
Warning: Simulation tolerance relaxed to achieve convergence from 2.3813075565002953e-04 to 2.3813075565003053e-04 seconds.
Warning: Simulation tolerance relaxed to achieve convergence from 2.3813075565003855e-04 to 2.3813075565003956e-04 seconds.
Warning: Simulation tolerance relaxed to achieve convergence from 2.3813075565004758e-04 to 2.3813075565004858e-04 seconds.
Warning: Simulation tolerance relaxed to achieve convergence from 2.3813075565005961e-04 to 2.3813075565006062e-04 seconds.
Warning: Simulation tolerance relaxed to achieve convergence from 2.3813075565014887e-04 to 2.3813075565014987e-04 seconds.
Warning: Simulation tolerance relaxed to achieve convergence from 2.3813075565020002e-04 to 2.3813075565020102e-04 seconds.
Warning: Simulation tolerance relaxed to achieve convergence from 2.3813075565021306e-04 to 2.3813075565021406e-04 seconds.
Warning: Simulation tolerance relaxed to achieve convergence from 2.3813075565029529e-04 to 2.3813075565029629e-04 seconds.
Warning: Simulation tolerance relaxed to achieve convergence from 2.3813075565036549e-04 to 2.3813075565036650e-04 seconds.
Warning: Simulation tolerance relaxed to achieve convergence from 2.3813075565036750e-04 to 2.3813075565036850e-04 seconds.
Warning: Simulation tolerance relaxed to achieve convergence from 2.3813075565038355e-04 to 2.3813075565038455e-04 seconds.
Warning: Simulation tolerance relaxed to achieve convergence from 2.3813075565038856e-04 to 2.3813075565038956e-04 seconds.
Warning: Simulation tolerance relaxed to achieve convergence from 2.3813075565042968e-04 to 2.3813075565043068e-04 seconds.
Warning: Simulation tolerance relaxed to achieve convergence from 2.3813075565044372e-04 to 2.3813075565044472e-04 seconds.
Warning: Simulation tolerance relaxed to achieve convergence from 2.3813075565049888e-04 to 2.3813075565049988e-04 seconds.
Warning: Simulation tolerance relaxed to achieve convergence from 2.3813075565111766e-04 to 2.3813075565111866e-04 seconds.
Warning: Simulation tolerance relaxed to achieve convergence from 2.3813075565111967e-04 to 2.3813075565112067e-04 seconds.
Warning: Simulation tolerance relaxed to achieve convergence from 2.3813075565132526e-04 to 2.3813075565132626e-04 seconds.
Warning: Simulation tolerance relaxed to achieve convergence from 2.3813075565141050e-04 to 2.3813075565141151e-04 seconds.
Warning: Simulation tolerance relaxed to achieve convergence from 2.3813075565145062e-04 to 2.3813075565145162e-04 seconds.
Warning: Simulation tolerance relaxed to achieve convergence from 2.3813075565145563e-04 to 2.3813075565145664e-04 seconds.
Warning: Simulation tolerance relaxed to achieve convergence from 2.3813075565145764e-04 to 2.3813075565145864e-04 seconds.
Warning: Simulation tolerance relaxed to achieve convergence from 2.3813075565146967e-04 to 2.3813075565147068e-04 seconds.
Warning: Simulation tolerance relaxed to achieve convergence from 2.3813075565147268e-04 to 2.3813075565147368e-04 seconds.
Warning: Simulation tolerance relaxed to achieve convergence from 2.3813075565147469e-04 to 2.3813075565147569e-04 seconds.
Warning: Simulation tolerance relaxed to achieve convergence from 2.3813075565148672e-04 to 2.3813075565148772e-04 seconds.
Warning: Simulation tolerance relaxed to achieve convergence from 2.3813075565150076e-04 to 2.3813075565150177e-04 seconds.
Warning: Simulation tolerance relaxed to achieve convergence from 2.3813075565150678e-04 to 2.3813075565150778e-04 seconds.
Warning: Simulation tolerance relaxed to achieve convergence from 2.3813075565158601e-04 to 2.3813075565158701e-04 seconds.
Warning: Simulation tolerance relaxed to achieve convergence from 2.3813075565192298e-04 to 2.3813075565192398e-04 seconds.
Warning: Simulation tolerance relaxed to achieve convergence from 2.3813075565219877e-04 to 2.3813075565219977e-04 seconds.
Warning: Simulation tolerance relaxed to achieve convergence from 2.3813075565222886e-04 to 2.3813075565222986e-04 seconds.
Warning: Simulation tolerance relaxed to achieve convergence from 2.3813075565223086e-04 to 2.3813075565223187e-04 seconds.
Warning: Simulation tolerance relaxed to achieve convergence from 2.3813075565223688e-04 to 2.3813075565223788e-04 seconds.
Warning: Simulation tolerance relaxed to achieve convergence from 2.3813075565269420e-04 to 2.3813075565269520e-04 seconds.
Warning: Simulation tolerance relaxed to achieve convergence from 2.3813075565270122e-04 to 2.3813075565270222e-04 seconds.
Warning: Simulation tolerance relaxed to achieve convergence from 2.3813075565270724e-04 to 2.3813075565270824e-04 seconds.
Warning: Simulation tolerance relaxed to achieve convergence from 2.3813075565270924e-04 to 2.3813075565271024e-04 seconds.
Warning: Simulation tolerance relaxed to achieve convergence from 2.3813075565271125e-04 to 2.3813075565271225e-04 seconds.
Warning: Simulation tolerance relaxed to achieve convergence from 2.3813075565274434e-04 to 2.3813075565274534e-04 seconds.
Warning: Simulation tolerance relaxed to achieve convergence from 2.3813075565277042e-04 to 2.3813075565277142e-04 seconds.
Warning: Simulation tolerance relaxed to achieve convergence from 2.3813075565280251e-04 to 2.3813075565280351e-04 seconds.
Warning: Simulation tolerance relaxed to achieve convergence from 2.3813075565282357e-04 to 2.3813075565282457e-04 seconds.
Warning: Simulation tolerance relaxed to achieve convergence from 2.3813075565287472e-04 to 2.3813075565287572e-04 seconds.
Warning: Simulation tolerance relaxed to achieve convergence from 2.3813075565288374e-04 to 2.3813075565288475e-04 seconds.
Warning: Simulation tolerance relaxed to achieve convergence from 2.3813075565288575e-04 to 2.3813075565288675e-04 seconds.
Warning: Simulation tolerance relaxed to achieve convergence from 2.3813075565289277e-04 to 2.3813075565289377e-04 seconds.
Warning: Simulation tolerance relaxed to achieve convergence from 2.3813075565296097e-04 to 2.3813075565296197e-04 seconds.
Warning: Simulation tolerance relaxed to achieve convergence from 2.3813075565317157e-04 to 2.3813075565317257e-04 seconds.
Warning: Simulation tolerance relaxed to achieve convergence from 2.3813075565330195e-04 to 2.3813075565330295e-04 seconds.
Warning: Simulation tolerance relaxed to achieve convergence from 2.3813075565330897e-04 to 2.3813075565330997e-04 seconds.
Warning: Simulation tolerance relaxed to achieve convergence from 2.3813075565332501e-04 to 2.3813075565332602e-04 seconds.
Warning: Simulation tolerance relaxed to achieve convergence from 2.3813075565333003e-04 to 2.3813075565333103e-04 seconds.
Warning: Simulation tolerance relaxed to achieve convergence from 2.3813075565339822e-04 to 2.3813075565339923e-04 seconds.
Warning: Simulation tolerance relaxed to achieve convergence from 2.3813075565340324e-04 to 2.3813075565340424e-04 seconds.
Warning: Simulation tolerance relaxed to achieve convergence from 2.3813075565343834e-04 to 2.3813075565343934e-04 seconds.
Warning: Simulation tolerance relaxed to achieve convergence from 2.3813075565359178e-04 to 2.3813075565359278e-04 seconds.
Warning: Simulation tolerance relaxed to achieve convergence from 2.3813075565363892e-04 to 2.3813075565363992e-04 seconds.
Warning: Simulation tolerance relaxed to achieve convergence from 2.3813075565364193e-04 to 2.3813075565364293e-04 seconds.
Warning: Simulation tolerance relaxed to achieve convergence from 2.3813075565414738e-04 to 2.3813075565414838e-04 seconds.
Warning: Simulation tolerance relaxed to achieve convergence from 2.3813075565436601e-04 to 2.3813075565436701e-04 seconds.
Warning: Simulation tolerance relaxed to achieve convergence from 2.3813075565511818e-04 to 2.3813075565511918e-04 seconds.
Warning: Simulation tolerance relaxed to achieve convergence from 2.3813075565553638e-04 to 2.3813075565553738e-04 seconds.
Warning: Simulation tolerance relaxed to achieve convergence from 2.3813075565557750e-04 to 2.3813075565557850e-04 seconds.
Warning: Simulation tolerance relaxed to achieve convergence from 2.3813075565585229e-04 to 2.3813075565585329e-04 seconds.
Warning: Simulation tolerance relaxed to achieve convergence from 2.3813075565592349e-04 to 2.3813075565592450e-04 seconds.
Warning: Simulation tolerance relaxed to achieve convergence from 2.3813075565628353e-04 to 2.3813075565628453e-04 seconds.
Warning: Simulation tolerance relaxed to achieve convergence from 2.3813075565629958e-04 to 2.3813075565630058e-04 seconds.
Warning: Simulation tolerance relaxed to achieve convergence from 2.3813075565638181e-04 to 2.3813075565638282e-04 seconds.
Warning: Simulation tolerance relaxed to achieve convergence from 2.3813075565638582e-04 to 2.3813075565638683e-04 seconds.
Warning: Simulation tolerance relaxed to achieve convergence from 2.3813075565660646e-04 to 2.3813075565660746e-04 seconds.
Warning: Simulation tolerance relaxed to achieve convergence from 2.3813075565694443e-04 to 2.3813075565694544e-04 seconds.
Warning: Simulation tolerance relaxed to achieve convergence from 2.3813075565735060e-04 to 2.3813075565735160e-04 seconds.
Warning: Simulation tolerance relaxed to achieve convergence from 2.3813075565736364e-04 to 2.3813075565736464e-04 seconds.
Warning: Simulation tolerance relaxed to achieve convergence from 2.3813075565751407e-04 to 2.3813075565751508e-04 seconds.
Warning: Simulation tolerance relaxed to achieve convergence from 2.3813075565775477e-04 to 2.3813075565775577e-04 seconds.
Warning: Simulation tolerance relaxed to achieve convergence from 2.3813075565777081e-04 to 2.3813075565777181e-04 seconds.
Warning: Simulation tolerance relaxed to achieve convergence from 2.3813075565777282e-04 to 2.3813075565777382e-04 seconds.
Warning: Simulation tolerance relaxed to achieve convergence from 2.3813075565777883e-04 to 2.3813075565777984e-04 seconds.
Warning: Simulation tolerance relaxed to achieve convergence from 2.3813075565802053e-04 to 2.3813075565802153e-04 seconds.
Warning: Simulation tolerance relaxed to achieve convergence from 2.3813075565821409e-04 to 2.3813075565821509e-04 seconds.
Warning: Simulation tolerance relaxed to achieve convergence from 2.3813075565821609e-04 to 2.3813075565821710e-04 seconds.
Warning: Simulation tolerance relaxed to achieve convergence from 2.3813075565822412e-04 to 2.3813075565822512e-04 seconds.
Warning: Simulation tolerance relaxed to achieve convergence from 2.3813075565822713e-04 to 2.3813075565822813e-04 seconds.
Warning: Simulation tolerance relaxed to achieve convergence from 2.3813075565822913e-04 to 2.3813075565823013e-04 seconds.
Warning: Simulation tolerance relaxed to achieve convergence from 2.3813075565823515e-04 to 2.3813075565823615e-04 seconds.
Warning: Simulation tolerance relaxed to achieve convergence from 2.3813075565833644e-04 to 2.3813075565833744e-04 seconds.
Warning: Simulation tolerance relaxed to achieve convergence from 2.3813075565846180e-04 to 2.3813075565846280e-04 seconds.
Warning: Simulation tolerance relaxed to achieve convergence from 2.3813075565849790e-04 to 2.3813075565849891e-04 seconds.
Warning: Simulation tolerance relaxed to achieve convergence from 2.3813075565850091e-04 to 2.3813075565850192e-04 seconds.
Warning: Simulation tolerance relaxed to achieve convergence from 2.3813075565850292e-04 to 2.3813075565850392e-04 seconds.
Warning: Simulation tolerance relaxed to achieve convergence from 2.3813075565853401e-04 to 2.3813075565853501e-04 seconds.
Warning: Simulation tolerance relaxed to achieve convergence from 2.3813075565874863e-04 to 2.3813075565874963e-04 seconds.
Warning: Simulation tolerance relaxed to achieve convergence from 2.3813075565875063e-04 to 2.3813075565875164e-04 seconds.
Warning: Simulation tolerance relaxed to achieve convergence from 2.3813075565876267e-04 to 2.3813075565876367e-04 seconds.
Warning: Simulation tolerance relaxed to achieve convergence from 2.3813075565879576e-04 to 2.3813075565879677e-04 seconds.
Warning: Simulation tolerance relaxed to achieve convergence from 2.3813075565880379e-04 to 2.3813075565880479e-04 seconds.
Warning: Simulation tolerance relaxed to achieve convergence from 2.3813075565881081e-04 to 2.3813075565881181e-04 seconds.
Warning: Simulation tolerance relaxed to achieve convergence from 2.3813075565882384e-04 to 2.3813075565882485e-04 seconds.
Warning: Simulation tolerance relaxed to achieve convergence from 2.3813075565885694e-04 to 2.3813075565885794e-04 seconds.
Warning: Simulation tolerance relaxed to achieve convergence from 2.3813075565896525e-04 to 2.3813075565896625e-04 seconds.
Warning: Simulation tolerance relaxed to achieve convergence from 2.3813075565898230e-04 to 2.3813075565898330e-04 seconds.
Warning: Simulation tolerance relaxed to achieve convergence from 2.3813075565900537e-04 to 2.3813075565900637e-04 seconds.
Warning: Simulation tolerance relaxed to achieve convergence from 2.3813075565942959e-04 to 2.3813075565943059e-04 seconds.
Warning: Simulation tolerance relaxed to achieve convergence from 2.3813075565954492e-04 to 2.3813075565954592e-04 seconds.
Warning: Simulation tolerance relaxed to achieve convergence from 2.3813075565954692e-04 to 2.3813075565954793e-04 seconds.
Warning: Simulation tolerance relaxed to achieve convergence from 2.3813075565955495e-04 to 2.3813075565955595e-04 seconds.
Warning: Simulation tolerance relaxed to achieve convergence from 2.3813075565955695e-04 to 2.3813075565955796e-04 seconds.
Warning: Simulation tolerance relaxed to achieve convergence from 2.3813075565956197e-04 to 2.3813075565956297e-04 seconds.
Warning: Simulation tolerance relaxed to achieve convergence from 2.3813075565960108e-04 to 2.3813075565960208e-04 seconds.
Warning: Simulation tolerance relaxed to achieve convergence from 2.3813075565961312e-04 to 2.3813075565961412e-04 seconds.
Warning: Simulation tolerance relaxed to achieve convergence from 2.3813075565961512e-04 to 2.3813075565961612e-04 seconds.
Warning: Simulation tolerance relaxed to achieve convergence from 2.3813075565962816e-04 to 2.3813075565962916e-04 seconds.
Warning: Simulation tolerance relaxed to achieve convergence from 2.3813075565963016e-04 to 2.3813075565963117e-04 seconds.
Warning: Simulation tolerance relaxed to achieve convergence from 2.3813075565964019e-04 to 2.3813075565964120e-04 seconds.
Warning: Simulation tolerance relaxed to achieve convergence from 2.3813075565964621e-04 to 2.3813075565964721e-04 seconds.
Warning: Simulation tolerance relaxed to achieve convergence from 2.3813075565968633e-04 to 2.3813075565968733e-04 seconds.
Warning: Simulation tolerance relaxed to achieve convergence from 2.3813075565970037e-04 to 2.3813075565970137e-04 seconds.
Warning: Simulation tolerance relaxed to achieve convergence from 2.3813075565971842e-04 to 2.3813075565971942e-04 seconds.
Warning: Simulation tolerance relaxed to achieve convergence from 2.3813075565973446e-04 to 2.3813075565973547e-04 seconds.
Warning: Simulation tolerance relaxed to achieve convergence from 2.3813075565974650e-04 to 2.3813075565974750e-04 seconds.
Warning: Simulation tolerance relaxed to achieve convergence from 2.3813075565976756e-04 to 2.3813075565976856e-04 seconds.
Warning: Simulation tolerance relaxed to achieve convergence from 2.3813075565988490e-04 to 2.3813075565988590e-04 seconds.
Warning: Simulation tolerance relaxed to achieve convergence from 2.3813075565989693e-04 to 2.3813075565989794e-04 seconds.
Warning: Simulation tolerance relaxed to achieve convergence from 2.3813075565991097e-04 to 2.3813075565991198e-04 seconds.
Warning: Simulation tolerance relaxed to achieve convergence from 2.3813075565993003e-04 to 2.3813075565993103e-04 seconds.
Warning: Simulation tolerance relaxed to achieve convergence from 2.3813075565993504e-04 to 2.3813075565993604e-04 seconds.
Warning: Simulation tolerance relaxed to achieve convergence from 2.3813075566018576e-04 to 2.3813075566018677e-04 seconds.
Warning: Simulation tolerance relaxed to achieve convergence from 2.3813075566027602e-04 to 2.3813075566027703e-04 seconds.
Warning: Simulation tolerance relaxed to achieve convergence from 2.3813075566040840e-04 to 2.3813075566040941e-04 seconds.
Warning: Simulation tolerance relaxed to achieve convergence from 2.3813075566051170e-04 to 2.3813075566051270e-04 seconds.
Warning: Simulation tolerance relaxed to achieve convergence from 2.3813075566070827e-04 to 2.3813075566070927e-04 seconds.
Warning: Simulation tolerance relaxed to achieve convergence from 2.3813075566097905e-04 to 2.3813075566098005e-04 seconds.
Warning: Simulation tolerance relaxed to achieve convergence from 2.3813075566098105e-04 to 2.3813075566098206e-04 seconds.
Warning: Simulation tolerance relaxed to achieve convergence from 2.3813075566104223e-04 to 2.3813075566104323e-04 seconds.
Warning: Simulation tolerance relaxed to achieve convergence from 2.3813075566105828e-04 to 2.3813075566105928e-04 seconds.
Warning: Simulation tolerance relaxed to achieve convergence from 2.3813075566111845e-04 to 2.3813075566111945e-04 seconds.
Warning: Simulation tolerance relaxed to achieve convergence from 2.3813075566128493e-04 to 2.3813075566128593e-04 seconds.
Warning: Simulation tolerance relaxed to achieve convergence from 2.3813075566128693e-04 to 2.3813075566128794e-04 seconds.
Warning: Simulation tolerance relaxed to achieve convergence from 2.3813075566131201e-04 to 2.3813075566131301e-04 seconds.
Warning: Simulation tolerance relaxed to achieve convergence from 2.3813075566222162e-04 to 2.3813075566222263e-04 seconds.
Warning: Simulation tolerance relaxed to achieve convergence from 2.3813075566317336e-04 to 2.3813075566317437e-04 seconds.
Warning: Simulation tolerance relaxed to achieve convergence from 2.3813075566329572e-04 to 2.3813075566329672e-04 seconds.
Warning: Simulation tolerance relaxed to achieve convergence from 2.3813075566332279e-04 to 2.3813075566332380e-04 seconds.
Warning: Simulation tolerance relaxed to achieve convergence from 2.3813075566346019e-04 to 2.3813075566346119e-04 seconds.
Warning: Simulation tolerance relaxed to achieve convergence from 2.3813075566347523e-04 to 2.3813075566347624e-04 seconds.
Warning: Simulation tolerance relaxed to achieve convergence from 2.3813075566352437e-04 to 2.3813075566352538e-04 seconds.
Warning: Simulation tolerance relaxed to achieve convergence from 2.3813075566353240e-04 to 2.3813075566353340e-04 seconds.
Warning: Simulation tolerance relaxed to achieve convergence from 2.3813075566353440e-04 to 2.3813075566353541e-04 seconds.
Warning: Simulation tolerance relaxed to achieve convergence from 2.3813075566379816e-04 to 2.3813075566379917e-04 seconds.
Warning: Simulation tolerance relaxed to achieve convergence from 2.3813075566380017e-04 to 2.3813075566380117e-04 seconds.
Warning: Simulation tolerance relaxed to achieve convergence from 2.3813075566380819e-04 to 2.3813075566380919e-04 seconds.
Warning: Simulation tolerance relaxed to achieve convergence from 2.3813075566381321e-04 to 2.3813075566381421e-04 seconds.
Warning: Simulation tolerance relaxed to achieve convergence from 2.3813075566401579e-04 to 2.3813075566401679e-04 seconds.
Warning: Simulation tolerance relaxed to achieve convergence from 2.3813075566429359e-04 to 2.3813075566429459e-04 seconds.
Warning: Simulation tolerance relaxed to achieve convergence from 2.3813075566429660e-04 to 2.3813075566429760e-04 seconds.
Warning: Simulation tolerance relaxed to achieve convergence from 2.3813075566433571e-04 to 2.3813075566433671e-04 seconds.
Warning: Simulation tolerance relaxed to achieve convergence from 2.3813075566436379e-04 to 2.3813075566436479e-04 seconds.
Warning: Simulation tolerance relaxed to achieve convergence from 2.3813075566451723e-04 to 2.3813075566451824e-04 seconds.
Warning: Simulation tolerance relaxed to achieve convergence from 2.3813075566484217e-04 to 2.3813075566484317e-04 seconds.
Warning: Simulation tolerance relaxed to achieve convergence from 2.3813075566495449e-04 to 2.3813075566495549e-04 seconds.
Warning: Simulation tolerance relaxed to achieve convergence from 2.3813075566516309e-04 to 2.3813075566516409e-04 seconds.
Warning: Simulation tolerance relaxed to achieve convergence from 2.3813075566523129e-04 to 2.3813075566523229e-04 seconds.
Warning: Simulation tolerance relaxed to achieve convergence from 2.3813075566523731e-04 to 2.3813075566523831e-04 seconds.
Warning: Simulation tolerance relaxed to achieve convergence from 2.3813075566561038e-04 to 2.3813075566561138e-04 seconds.
Warning: Simulation tolerance relaxed to achieve convergence from 2.3813075566593732e-04 to 2.3813075566593832e-04 seconds.
Warning: Simulation tolerance relaxed to achieve convergence from 2.3813075566594534e-04 to 2.3813075566594635e-04 seconds.
Warning: Simulation tolerance relaxed to achieve convergence from 2.3813075566601153e-04 to 2.3813075566601254e-04 seconds.
Warning: Simulation tolerance relaxed to achieve convergence from 2.3813075566653304e-04 to 2.3813075566653404e-04 seconds.
Warning: Simulation tolerance relaxed to achieve convergence from 2.3813075566655309e-04 to 2.3813075566655410e-04 seconds.
Warning: Simulation tolerance relaxed to achieve convergence from 2.3813075566660725e-04 to 2.3813075566660825e-04 seconds.
Warning: Simulation tolerance relaxed to achieve convergence from 2.3813075566661728e-04 to 2.3813075566661828e-04 seconds.
Warning: Simulation tolerance relaxed to achieve convergence from 2.3813075566662931e-04 to 2.3813075566663032e-04 seconds.
Warning: Simulation tolerance relaxed to achieve convergence from 2.3813075566666642e-04 to 2.3813075566666742e-04 seconds.
Warning: Simulation tolerance relaxed to achieve convergence from 2.3813075566681184e-04 to 2.3813075566681284e-04 seconds.
Warning: Simulation tolerance relaxed to achieve convergence from 2.3813075566699737e-04 to 2.3813075566699838e-04 seconds.
Warning: Simulation tolerance relaxed to achieve convergence from 2.3813075566701041e-04 to 2.3813075566701141e-04 seconds.
Warning: Simulation tolerance relaxed to achieve convergence from 2.3813075566724509e-04 to 2.3813075566724609e-04 seconds.
Warning: Simulation tolerance relaxed to achieve convergence from 2.3813075566730626e-04 to 2.3813075566730726e-04 seconds.
Warning: Simulation tolerance relaxed to achieve convergence from 2.3813075566745068e-04 to 2.3813075566745168e-04 seconds.
Warning: Simulation tolerance relaxed to achieve convergence from 2.3813075566750884e-04 to 2.3813075566750985e-04 seconds.
Warning: Simulation tolerance relaxed to achieve convergence from 2.3813075566766329e-04 to 2.3813075566766429e-04 seconds.
Warning: Simulation tolerance relaxed to achieve convergence from 2.3813075566772848e-04 to 2.3813075566772948e-04 seconds.
Warning: Simulation tolerance relaxed to achieve convergence from 2.3813075566773048e-04 to 2.3813075566773149e-04 seconds.
Warning: Simulation tolerance relaxed to achieve convergence from 2.3813075566774653e-04 to 2.3813075566774753e-04 seconds.
Warning: Simulation tolerance relaxed to achieve convergence from 2.3813075566775154e-04 to 2.3813075566775255e-04 seconds.
Warning: Simulation tolerance relaxed to achieve convergence from 2.3813075566828608e-04 to 2.3813075566828708e-04 seconds.
Warning: Simulation tolerance relaxed to achieve convergence from 2.3813075566828809e-04 to 2.3813075566828909e-04 seconds.
Warning: Simulation tolerance relaxed to achieve convergence from 2.3813075566849368e-04 to 2.3813075566849468e-04 seconds.
Warning: Simulation tolerance relaxed to achieve convergence from 2.3813075566863208e-04 to 2.3813075566863308e-04 seconds.
Warning: Simulation tolerance relaxed to achieve convergence from 2.3813075566872234e-04 to 2.3813075566872334e-04 seconds.
Warning: Simulation tolerance relaxed to achieve convergence from 2.3813075566873437e-04 to 2.3813075566873538e-04 seconds.
Warning: Simulation tolerance relaxed to achieve convergence from 2.3813075566875443e-04 to 2.3813075566875543e-04 seconds.
Warning: Simulation tolerance relaxed to achieve convergence from 2.3813075566881761e-04 to 2.3813075566881862e-04 seconds.
Warning: Simulation tolerance relaxed to achieve convergence from 2.3813075566882062e-04 to 2.3813075566882162e-04 seconds.
Warning: Simulation tolerance relaxed to achieve convergence from 2.3813075566884369e-04 to 2.3813075566884469e-04 seconds.
Warning: Simulation tolerance relaxed to achieve convergence from 2.3813075566888280e-04 to 2.3813075566888380e-04 seconds.
Warning: Simulation tolerance relaxed to achieve convergence from 2.3813075566888781e-04 to 2.3813075566888882e-04 seconds.
Warning: Simulation tolerance relaxed to achieve convergence from 2.3813075566936920e-04 to 2.3813075566937020e-04 seconds.
Warning: Simulation tolerance relaxed to achieve convergence from 2.3813075566968210e-04 to 2.3813075566968310e-04 seconds.
Warning: Simulation tolerance relaxed to achieve convergence from 2.3813075566986864e-04 to 2.3813075566986964e-04 seconds.
Warning: Simulation tolerance relaxed to achieve convergence from 2.3813075566987566e-04 to 2.3813075566987666e-04 seconds.
Warning: Simulation tolerance relaxed to achieve convergence from 2.3813075566995188e-04 to 2.3813075566995288e-04 seconds.
Warning: Simulation tolerance relaxed to achieve convergence from 2.3813075567007724e-04 to 2.3813075567007824e-04 seconds.
Warning: Simulation tolerance relaxed to achieve convergence from 2.3813075567008225e-04 to 2.3813075567008326e-04 seconds.
Warning: Simulation tolerance relaxed to achieve convergence from 2.3813075567009830e-04 to 2.3813075567009930e-04 seconds.
Warning: Simulation tolerance relaxed to achieve convergence from 2.3813075567010030e-04 to 2.3813075567010131e-04 seconds.
Warning: Simulation tolerance relaxed to achieve convergence from 2.3813075567010632e-04 to 2.3813075567010732e-04 seconds.
Warning: Simulation tolerance relaxed to achieve convergence from 2.3813075567011936e-04 to 2.3813075567012036e-04 seconds.
Warning: Simulation tolerance relaxed to achieve convergence from 2.3813075567023068e-04 to 2.3813075567023168e-04 seconds.
Warning: Simulation tolerance relaxed to achieve convergence from 2.3813075567030389e-04 to 2.3813075567030489e-04 seconds.
Warning: Simulation tolerance relaxed to achieve convergence from 2.3813075567030590e-04 to 2.3813075567030690e-04 seconds.
Warning: Simulation tolerance relaxed to achieve convergence from 2.3813075567037409e-04 to 2.3813075567037510e-04 seconds.
Warning: Simulation tolerance relaxed to achieve convergence from 2.3813075567037911e-04 to 2.3813075567038011e-04 seconds.
Warning: Simulation tolerance relaxed to achieve convergence from 2.3813075567038212e-04 to 2.3813075567038312e-04 seconds.
Warning: Simulation tolerance relaxed to achieve convergence from 2.3813075567040117e-04 to 2.3813075567040217e-04 seconds.
Warning: Simulation tolerance relaxed to achieve convergence from 2.3813075567041421e-04 to 2.3813075567041521e-04 seconds.
Warning: Simulation tolerance relaxed to achieve convergence from 2.3813075567042825e-04 to 2.3813075567042925e-04 seconds.
Warning: Simulation tolerance relaxed to achieve convergence from 2.3813075567043527e-04 to 2.3813075567043627e-04 seconds.
Warning: Simulation tolerance relaxed to achieve convergence from 2.3813075567051951e-04 to 2.3813075567052051e-04 seconds.
Warning: Simulation tolerance relaxed to achieve convergence from 2.3813075567052553e-04 to 2.3813075567052653e-04 seconds.
Warning: Simulation tolerance relaxed to achieve convergence from 2.3813075567052753e-04 to 2.3813075567052854e-04 seconds.
Warning: Simulation tolerance relaxed to achieve convergence from 2.3813075567053556e-04 to 2.3813075567053656e-04 seconds.
Warning: Simulation tolerance relaxed to achieve convergence from 2.3813075567055562e-04 to 2.3813075567055662e-04 seconds.
Warning: Simulation tolerance relaxed to achieve convergence from 2.3813075567121551e-04 to 2.3813075567121652e-04 seconds.
Warning: Simulation tolerance relaxed to achieve convergence from 2.3813075567129675e-04 to 2.3813075567129775e-04 seconds.
Warning: Simulation tolerance relaxed to achieve convergence from 2.3813075567130277e-04 to 2.3813075567130377e-04 seconds.
Warning: Simulation tolerance relaxed to achieve convergence from 2.3813075567130477e-04 to 2.3813075567130577e-04 seconds.
Warning: Simulation tolerance relaxed to achieve convergence from 2.3813075567136595e-04 to 2.3813075567136695e-04 seconds.
Warning: Simulation tolerance relaxed to achieve convergence from 2.3813075567145320e-04 to 2.3813075567145420e-04 seconds.
Warning: Simulation tolerance relaxed to achieve convergence from 2.3813075567145621e-04 to 2.3813075567145721e-04 seconds.
Warning: Simulation tolerance relaxed to achieve convergence from 2.3813075567145821e-04 to 2.3813075567145922e-04 seconds.
Warning: Simulation tolerance relaxed to achieve convergence from 2.3813075567156251e-04 to 2.3813075567156352e-04 seconds.
Warning: Simulation tolerance relaxed to achieve convergence from 2.3813075567156853e-04 to 2.3813075567156953e-04 seconds.
Warning: Simulation tolerance relaxed to achieve convergence from 2.3813075567163673e-04 to 2.3813075567163773e-04 seconds.
Warning: Simulation tolerance relaxed to achieve convergence from 2.3813075567164174e-04 to 2.3813075567164274e-04 seconds.
Warning: Simulation tolerance relaxed to achieve convergence from 2.3813075567164776e-04 to 2.3813075567164876e-04 seconds.
Warning: Simulation tolerance relaxed to achieve convergence from 2.3813075567164977e-04 to 2.3813075567165077e-04 seconds.
Warning: Simulation tolerance relaxed to achieve convergence from 2.3813075567165277e-04 to 2.3813075567165378e-04 seconds.
Warning: Simulation tolerance relaxed to achieve convergence from 2.3813075567166882e-04 to 2.3813075567166982e-04 seconds.
Warning: Simulation tolerance relaxed to achieve convergence from 2.3813075567167785e-04 to 2.3813075567167885e-04 seconds.
Warning: Simulation tolerance relaxed to achieve convergence from 2.3813075567168587e-04 to 2.3813075567168687e-04 seconds.
Warning: Simulation tolerance relaxed to achieve convergence from 2.3813075567169189e-04 to 2.3813075567169289e-04 seconds.
Warning: Simulation tolerance relaxed to achieve convergence from 2.3813075567170492e-04 to 2.3813075567170593e-04 seconds.
Warning: Simulation tolerance relaxed to achieve convergence from 2.3813075567171094e-04 to 2.3813075567171194e-04 seconds.
Warning: Simulation tolerance relaxed to achieve convergence from 2.3813075567172197e-04 to 2.3813075567172298e-04 seconds.
Warning: Simulation tolerance relaxed to achieve convergence from 2.3813075567172398e-04 to 2.3813075567172498e-04 seconds.
Warning: Simulation tolerance relaxed to achieve convergence from 2.3813075567172899e-04 to 2.3813075567173000e-04 seconds.
Warning: Simulation tolerance relaxed to achieve convergence from 2.3813075567173100e-04 to 2.3813075567173200e-04 seconds.
Warning: Simulation tolerance relaxed to achieve convergence from 2.3813075567173802e-04 to 2.3813075567173902e-04 seconds.
Warning: Simulation tolerance relaxed to achieve convergence from 2.3813075567174404e-04 to 2.3813075567174504e-04 seconds.
Warning: Simulation tolerance relaxed to achieve convergence from 2.3813075567174604e-04 to 2.3813075567174705e-04 seconds.
Warning: Simulation tolerance relaxed to achieve convergence from 2.3813075567175808e-04 to 2.3813075567175908e-04 seconds.
Warning: Simulation tolerance relaxed to achieve convergence from 2.3813075567176510e-04 to 2.3813075567176610e-04 seconds.
Warning: Simulation tolerance relaxed to achieve convergence from 2.3813075567178917e-04 to 2.3813075567179017e-04 seconds.
Warning: Simulation tolerance relaxed to achieve convergence from 2.3813075567179418e-04 to 2.3813075567179518e-04 seconds.
Warning: Simulation tolerance relaxed to achieve convergence from 2.3813075567244907e-04 to 2.3813075567245007e-04 seconds.
Warning: Simulation tolerance relaxed to achieve convergence from 2.3813075567245809e-04 to 2.3813075567245909e-04 seconds.
Warning: Simulation tolerance relaxed to achieve convergence from 2.3813075567246311e-04 to 2.3813075567246411e-04 seconds.
Warning: Simulation tolerance relaxed to achieve convergence from 2.3813075567247013e-04 to 2.3813075567247113e-04 seconds.
Warning: Simulation tolerance relaxed to achieve convergence from 2.3813075567250723e-04 to 2.3813075567250824e-04 seconds.
Warning: Simulation tolerance relaxed to achieve convergence from 2.3813075567258245e-04 to 2.3813075567258345e-04 seconds.
Warning: Simulation tolerance relaxed to achieve convergence from 2.3813075567258847e-04 to 2.3813075567258947e-04 seconds.
Warning: Simulation tolerance relaxed to achieve convergence from 2.3813075567263761e-04 to 2.3813075567263861e-04 seconds.
Warning: Simulation tolerance relaxed to achieve convergence from 2.3813075567264964e-04 to 2.3813075567265065e-04 seconds.
Warning: Simulation tolerance relaxed to achieve convergence from 2.3813075567265165e-04 to 2.3813075567265265e-04 seconds.
Warning: Simulation tolerance relaxed to achieve convergence from 2.3813075567265365e-04 to 2.3813075567265466e-04 seconds.
Warning: Simulation tolerance relaxed to achieve convergence from 2.3813075567265566e-04 to 2.3813075567265666e-04 seconds.
Warning: Simulation tolerance relaxed to achieve convergence from 2.3813075567266469e-04 to 2.3813075567266569e-04 seconds.
Warning: Simulation tolerance relaxed to achieve convergence from 2.3813075567268976e-04 to 2.3813075567269076e-04 seconds.
Warning: Simulation tolerance relaxed to achieve convergence from 2.3813075567278002e-04 to 2.3813075567278102e-04 seconds.
Warning: Simulation tolerance relaxed to achieve convergence from 2.3813075567279105e-04 to 2.3813075567279205e-04 seconds.
Warning: Simulation tolerance relaxed to achieve convergence from 2.3813075567299363e-04 to 2.3813075567299464e-04 seconds.
Warning: Simulation tolerance relaxed to achieve convergence from 2.3813075567339379e-04 to 2.3813075567339479e-04 seconds.
Warning: Simulation tolerance relaxed to achieve convergence from 2.3813075567340883e-04 to 2.3813075567340983e-04 seconds.
Warning: Simulation tolerance relaxed to achieve convergence from 2.3813075567343591e-04 to 2.3813075567343691e-04 seconds.
Warning: Simulation tolerance relaxed to achieve convergence from 2.3813075567356929e-04 to 2.3813075567357029e-04 seconds.
Warning: Simulation tolerance relaxed to achieve convergence from 2.3813075567363448e-04 to 2.3813075567363548e-04 seconds.
Warning: Simulation tolerance relaxed to achieve convergence from 2.3813075567367560e-04 to 2.3813075567367660e-04 seconds.
Warning: Simulation tolerance relaxed to achieve convergence from 2.3813075567368362e-04 to 2.3813075567368462e-04 seconds.
Warning: Simulation tolerance relaxed to achieve convergence from 2.3813075567368563e-04 to 2.3813075567368663e-04 seconds.
Warning: Simulation tolerance relaxed to achieve convergence from 2.3813075567368763e-04 to 2.3813075567368863e-04 seconds.
Warning: Simulation tolerance relaxed to achieve convergence from 2.3813075567371270e-04 to 2.3813075567371371e-04 seconds.
Warning: Simulation tolerance relaxed to achieve convergence from 2.3813075567371471e-04 to 2.3813075567371571e-04 seconds.
Warning: Simulation tolerance relaxed to achieve convergence from 2.3813075567376185e-04 to 2.3813075567376285e-04 seconds.
Warning: Simulation tolerance relaxed to achieve convergence from 2.3813075567377087e-04 to 2.3813075567377187e-04 seconds.
Warning: Simulation tolerance relaxed to achieve convergence from 2.3813075567377789e-04 to 2.3813075567377889e-04 seconds.
Warning: Simulation tolerance relaxed to achieve convergence from 2.3813075567380998e-04 to 2.3813075567381099e-04 seconds.
Warning: Simulation tolerance relaxed to achieve convergence from 2.3813075567383004e-04 to 2.3813075567383104e-04 seconds.
Warning: Simulation tolerance relaxed to achieve convergence from 2.3813075567384208e-04 to 2.3813075567384308e-04 seconds.
Warning: Simulation tolerance relaxed to achieve convergence from 2.3813075567384408e-04 to 2.3813075567384508e-04 seconds.
Warning: Simulation tolerance relaxed to achieve convergence from 2.3813075567386013e-04 to 2.3813075567386113e-04 seconds.
Warning: Simulation tolerance relaxed to achieve convergence from 2.3813075567391128e-04 to 2.3813075567391228e-04 seconds.
Warning: Simulation tolerance relaxed to achieve convergence from 2.3813075567394036e-04 to 2.3813075567394136e-04 seconds.
Warning: Simulation tolerance relaxed to achieve convergence from 2.3813075567394337e-04 to 2.3813075567394437e-04 seconds.
Warning: Simulation tolerance relaxed to achieve convergence from 2.3813075567404867e-04 to 2.3813075567404967e-04 seconds.
Warning: Simulation tolerance relaxed to achieve convergence from 2.3813075567412088e-04 to 2.3813075567412188e-04 seconds.
Warning: Simulation tolerance relaxed to achieve convergence from 2.3813075567416701e-04 to 2.3813075567416801e-04 seconds.
Warning: Simulation tolerance relaxed to achieve convergence from 2.3813075567420713e-04 to 2.3813075567420813e-04 seconds.
Warning: Simulation tolerance relaxed to achieve convergence from 2.3813075567420913e-04 to 2.3813075567421014e-04 seconds.
Warning: Simulation tolerance relaxed to achieve convergence from 2.3813075567431343e-04 to 2.3813075567431444e-04 seconds.
Warning: Simulation tolerance relaxed to achieve convergence from 2.3813075567435455e-04 to 2.3813075567435555e-04 seconds.
Warning: Simulation tolerance relaxed to achieve convergence from 2.3813075567435756e-04 to 2.3813075567435856e-04 seconds.
Warning: Simulation tolerance relaxed to achieve convergence from 2.3813075567442977e-04 to 2.3813075567443077e-04 seconds.
Warning: Simulation tolerance relaxed to achieve convergence from 2.3813075567453708e-04 to 2.3813075567453808e-04 seconds.
Warning: Simulation tolerance relaxed to achieve convergence from 2.3813075567454911e-04 to 2.3813075567455011e-04 seconds.
Warning: Simulation tolerance relaxed to achieve convergence from 2.3813075567459725e-04 to 2.3813075567459825e-04 seconds.
Warning: Simulation tolerance relaxed to achieve convergence from 2.3813075567467949e-04 to 2.3813075567468049e-04 seconds.
Warning: Simulation tolerance relaxed to achieve convergence from 2.3813075567475169e-04 to 2.3813075567475270e-04 seconds.
Warning: Simulation tolerance relaxed to achieve convergence from 2.3813075567475370e-04 to 2.3813075567475470e-04 seconds.
Warning: Simulation tolerance relaxed to achieve convergence from 2.3813075567477276e-04 to 2.3813075567477376e-04 seconds.
Warning: Simulation tolerance relaxed to achieve convergence from 2.3813075567477476e-04 to 2.3813075567477576e-04 seconds.
Warning: Simulation tolerance relaxed to achieve convergence from 2.3813075567490514e-04 to 2.3813075567490614e-04 seconds.
Warning: Simulation tolerance relaxed to achieve convergence from 2.3813075567490714e-04 to 2.3813075567490814e-04 seconds.
Warning: Simulation tolerance relaxed to achieve convergence from 2.3813075567493723e-04 to 2.3813075567493823e-04 seconds.
Warning: Simulation tolerance relaxed to achieve convergence from 2.3813075567494325e-04 to 2.3813075567494425e-04 seconds.
Warning: Simulation tolerance relaxed to achieve convergence from 2.3813075567497133e-04 to 2.3813075567497233e-04 seconds.
Warning: Simulation tolerance relaxed to achieve convergence from 2.3813075567501144e-04 to 2.3813075567501245e-04 seconds.
Warning: Simulation tolerance relaxed to achieve convergence from 2.3813075567502348e-04 to 2.3813075567502448e-04 seconds.
Warning: Simulation tolerance relaxed to achieve convergence from 2.3813075567506560e-04 to 2.3813075567506660e-04 seconds.
Warning: Simulation tolerance relaxed to achieve convergence from 2.3813075567506760e-04 to 2.3813075567506861e-04 seconds.
Warning: Simulation tolerance relaxed to achieve convergence from 2.3813075567507462e-04 to 2.3813075567507563e-04 seconds.
Warning: Simulation tolerance relaxed to achieve convergence from 2.3813075567508064e-04 to 2.3813075567508164e-04 seconds.
Warning: Simulation tolerance relaxed to achieve convergence from 2.3813075567513580e-04 to 2.3813075567513680e-04 seconds.
Warning: Simulation tolerance relaxed to achieve convergence from 2.3813075567515586e-04 to 2.3813075567515686e-04 seconds.
Warning: Simulation tolerance relaxed to achieve convergence from 2.3813075567515786e-04 to 2.3813075567515887e-04 seconds.
Warning: Simulation tolerance relaxed to achieve convergence from 2.3813075567515987e-04 to 2.3813075567516087e-04 seconds.
Warning: Simulation tolerance relaxed to achieve convergence from 2.3813075567518695e-04 to 2.3813075567518795e-04 seconds.
Warning: Simulation tolerance relaxed to achieve convergence from 2.3813075567541360e-04 to 2.3813075567541460e-04 seconds.
Warning: Simulation tolerance relaxed to achieve convergence from 2.3813075567545773e-04 to 2.3813075567545873e-04 seconds.
Warning: Simulation tolerance relaxed to achieve convergence from 2.3813075567545973e-04 to 2.3813075567546074e-04 seconds.
Warning: Simulation tolerance relaxed to achieve convergence from 2.3813075567547778e-04 to 2.3813075567547879e-04 seconds.
Warning: Simulation tolerance relaxed to achieve convergence from 2.3813075567549784e-04 to 2.3813075567549885e-04 seconds.
Warning: Simulation tolerance relaxed to achieve convergence from 2.3813075567552492e-04 to 2.3813075567552592e-04 seconds.
Warning: Simulation tolerance relaxed to achieve convergence from 2.3813075567557005e-04 to 2.3813075567557105e-04 seconds.
Warning: Simulation tolerance relaxed to achieve convergence from 2.3813075567566934e-04 to 2.3813075567567034e-04 seconds.
Warning: Simulation tolerance relaxed to achieve convergence from 2.3813075567567335e-04 to 2.3813075567567435e-04 seconds.
Warning: Simulation tolerance relaxed to achieve convergence from 2.3813075567573252e-04 to 2.3813075567573352e-04 seconds.
Warning: Simulation tolerance relaxed to achieve convergence from 2.3813075567574255e-04 to 2.3813075567574355e-04 seconds.
Warning: Simulation tolerance relaxed to achieve convergence from 2.3813075567592206e-04 to 2.3813075567592307e-04 seconds.
Warning: Simulation tolerance relaxed to achieve convergence from 2.3813075567593410e-04 to 2.3813075567593510e-04 seconds.
Warning: Simulation tolerance relaxed to achieve convergence from 2.3813075567607952e-04 to 2.3813075567608052e-04 seconds.
Warning: Simulation tolerance relaxed to achieve convergence from 2.3813075567619685e-04 to 2.3813075567619786e-04 seconds.
Warning: Simulation tolerance relaxed to achieve convergence from 2.3813075567628009e-04 to 2.3813075567628110e-04 seconds.
Warning: Simulation tolerance relaxed to achieve convergence from 2.3813075567636333e-04 to 2.3813075567636434e-04 seconds.
Warning: Simulation tolerance relaxed to achieve convergence from 2.3813075567639041e-04 to 2.3813075567639141e-04 seconds.
Warning: Simulation tolerance relaxed to achieve convergence from 2.3813075567639242e-04 to 2.3813075567639342e-04 seconds.
Warning: Simulation tolerance relaxed to achieve convergence from 2.3813075567649872e-04 to 2.3813075567649973e-04 seconds.
Warning: Simulation tolerance relaxed to achieve convergence from 2.3813075567650073e-04 to 2.3813075567650173e-04 seconds.
Warning: Simulation tolerance relaxed to achieve convergence from 2.3813075567656191e-04 to 2.3813075567656291e-04 seconds.
Warning: Simulation tolerance relaxed to achieve convergence from 2.3813075567670732e-04 to 2.3813075567670833e-04 seconds.
Warning: Simulation tolerance relaxed to achieve convergence from 2.3813075567674443e-04 to 2.3813075567674543e-04 seconds.
Warning: Simulation tolerance relaxed to achieve convergence from 2.3813075567675045e-04 to 2.3813075567675145e-04 seconds.
Warning: Simulation tolerance relaxed to achieve convergence from 2.3813075567683569e-04 to 2.3813075567683670e-04 seconds.
Warning: Simulation tolerance relaxed to achieve convergence from 2.3813075567691292e-04 to 2.3813075567691392e-04 seconds.
Warning: Simulation tolerance relaxed to achieve convergence from 2.3813075567781150e-04 to 2.3813075567781251e-04 seconds.
Warning: Simulation tolerance relaxed to achieve convergence from 2.3813075567795893e-04 to 2.3813075567795993e-04 seconds.
Warning: Simulation tolerance relaxed to achieve convergence from 2.3813075567850149e-04 to 2.3813075567850249e-04 seconds.
Warning: Simulation tolerance relaxed to achieve convergence from 2.3813075567858072e-04 to 2.3813075567858172e-04 seconds.
Warning: Simulation tolerance relaxed to achieve convergence from 2.3813075567932687e-04 to 2.3813075567932787e-04 seconds.
Warning: Simulation tolerance relaxed to achieve convergence from 2.3813075567938202e-04 to 2.3813075567938303e-04 seconds.
Warning: Simulation tolerance relaxed to achieve convergence from 2.3813075567940710e-04 to 2.3813075567940810e-04 seconds.
Warning: Simulation tolerance relaxed to achieve convergence from 2.3813075567941311e-04 to 2.3813075567941412e-04 seconds.
Warning: Simulation tolerance relaxed to achieve convergence from 2.3813075567941512e-04 to 2.3813075567941612e-04 seconds.
Warning: Simulation tolerance relaxed to achieve convergence from 2.3813075567944521e-04 to 2.3813075567944621e-04 seconds.
Warning: Simulation tolerance relaxed to achieve convergence from 2.3813075567958060e-04 to 2.3813075567958160e-04 seconds.
Warning: Simulation tolerance relaxed to achieve convergence from 2.3813075567959664e-04 to 2.3813075567959764e-04 seconds.
Warning: Simulation tolerance relaxed to achieve convergence from 2.3813075567960968e-04 to 2.3813075567961068e-04 seconds.
Warning: Simulation tolerance relaxed to achieve convergence from 2.3813075567961169e-04 to 2.3813075567961269e-04 seconds.
Warning: Simulation tolerance relaxed to achieve convergence from 2.3813075567961369e-04 to 2.3813075567961469e-04 seconds.
Warning: Simulation tolerance relaxed to achieve convergence from 2.3813075567961670e-04 to 2.3813075567961770e-04 seconds.
Warning: Simulation tolerance relaxed to achieve convergence from 2.3813075567970094e-04 to 2.3813075567970194e-04 seconds.
Warning: Simulation tolerance relaxed to achieve convergence from 2.3813075567980424e-04 to 2.3813075567980524e-04 seconds.
Warning: Simulation tolerance relaxed to achieve convergence from 2.3813075567980625e-04 to 2.3813075567980725e-04 seconds.
Warning: Simulation tolerance relaxed to achieve convergence from 2.3813075567981427e-04 to 2.3813075567981527e-04 seconds.
Warning: Simulation tolerance relaxed to achieve convergence from 2.3813075567981828e-04 to 2.3813075567981928e-04 seconds.
Warning: Simulation tolerance relaxed to achieve convergence from 2.3813075567982831e-04 to 2.3813075567982931e-04 seconds.
Warning: Simulation tolerance relaxed to achieve convergence from 2.3813075567988748e-04 to 2.3813075567988848e-04 seconds.
Warning: Simulation tolerance relaxed to achieve convergence from 2.3813075567995367e-04 to 2.3813075567995467e-04 seconds.
Warning: Simulation tolerance relaxed to achieve convergence from 2.3813075567996169e-04 to 2.3813075567996270e-04 seconds.
Warning: Simulation tolerance relaxed to achieve convergence from 2.3813075567999579e-04 to 2.3813075567999679e-04 seconds.
Warning: Simulation tolerance relaxed to achieve convergence from 2.3813075568002287e-04 to 2.3813075568002387e-04 seconds.
Warning: Simulation tolerance relaxed to achieve convergence from 2.3813075568002889e-04 to 2.3813075568002989e-04 seconds.
Warning: Simulation tolerance relaxed to achieve convergence from 2.3813075568012717e-04 to 2.3813075568012817e-04 seconds.
Warning: Simulation tolerance relaxed to achieve convergence from 2.3813075568018433e-04 to 2.3813075568018534e-04 seconds.
Warning: Simulation tolerance relaxed to achieve convergence from 2.3813075568018734e-04 to 2.3813075568018835e-04 seconds.
Warning: Simulation tolerance relaxed to achieve convergence from 2.3813075568024050e-04 to 2.3813075568024150e-04 seconds.
Warning: Simulation tolerance relaxed to achieve convergence from 2.3813075568024551e-04 to 2.3813075568024651e-04 seconds.
Warning: Simulation tolerance relaxed to achieve convergence from 2.3813075568025454e-04 to 2.3813075568025554e-04 seconds.
Warning: Simulation tolerance relaxed to achieve convergence from 2.3813075568026657e-04 to 2.3813075568026757e-04 seconds.
Warning: Simulation tolerance relaxed to achieve convergence from 2.3813075568026858e-04 to 2.3813075568026958e-04 seconds.
Warning: Simulation tolerance relaxed to achieve convergence from 2.3813075568034981e-04 to 2.3813075568035081e-04 seconds.
Warning: Simulation tolerance relaxed to achieve convergence from 2.3813075568035683e-04 to 2.3813075568035783e-04 seconds.
Warning: Simulation tolerance relaxed to achieve convergence from 2.3813075568044208e-04 to 2.3813075568044308e-04 seconds.
Warning: Simulation tolerance relaxed to achieve convergence from 2.3813075568044408e-04 to 2.3813075568044508e-04 seconds.
Warning: Simulation tolerance relaxed to achieve convergence from 2.3813075568046514e-04 to 2.3813075568046614e-04 seconds.
Warning: Simulation tolerance relaxed to achieve convergence from 2.3813075568048721e-04 to 2.3813075568048821e-04 seconds.
Warning: Simulation tolerance relaxed to achieve convergence from 2.3813075568049021e-04 to 2.3813075568049122e-04 seconds.
Warning: Simulation tolerance relaxed to achieve convergence from 2.3813075568051729e-04 to 2.3813075568051829e-04 seconds.
Warning: Simulation tolerance relaxed to achieve convergence from 2.3813075568114008e-04 to 2.3813075568114109e-04 seconds.
Warning: Simulation tolerance relaxed to achieve convergence from 2.3813075568114510e-04 to 2.3813075568114610e-04 seconds.
Warning: Simulation tolerance relaxed to achieve convergence from 2.3813075568115011e-04 to 2.3813075568115112e-04 seconds.
Warning: Simulation tolerance relaxed to achieve convergence from 2.3813075568118321e-04 to 2.3813075568118421e-04 seconds.
Warning: Simulation tolerance relaxed to achieve convergence from 2.3813075568118521e-04 to 2.3813075568118622e-04 seconds.
Warning: Simulation tolerance relaxed to achieve convergence from 2.3813075568118722e-04 to 2.3813075568118822e-04 seconds.
Warning: Simulation tolerance relaxed to achieve convergence from 2.3813075568125241e-04 to 2.3813075568125341e-04 seconds.
Warning: Simulation tolerance relaxed to achieve convergence from 2.3813075568126143e-04 to 2.3813075568126244e-04 seconds.
Warning: Simulation tolerance relaxed to achieve convergence from 2.3813075568128149e-04 to 2.3813075568128249e-04 seconds.
Warning: Simulation tolerance relaxed to achieve convergence from 2.3813075568134568e-04 to 2.3813075568134668e-04 seconds.
Warning: Simulation tolerance relaxed to achieve convergence from 2.3813075568135069e-04 to 2.3813075568135169e-04 seconds.
Warning: Simulation tolerance relaxed to achieve convergence from 2.3813075568136975e-04 to 2.3813075568137075e-04 seconds.
Warning: Simulation tolerance relaxed to achieve convergence from 2.3813075568137877e-04 to 2.3813075568137977e-04 seconds.
Warning: Simulation tolerance relaxed to achieve convergence from 2.3813075568143794e-04 to 2.3813075568143895e-04 seconds.
Warning: Simulation tolerance relaxed to achieve convergence from 2.3813075568165156e-04 to 2.3813075568165256e-04 seconds.
Warning: Simulation tolerance relaxed to achieve convergence from 2.3813075568172076e-04 to 2.3813075568172176e-04 seconds.
Warning: Simulation tolerance relaxed to achieve convergence from 2.3813075568176187e-04 to 2.3813075568176288e-04 seconds.
Warning: Simulation tolerance relaxed to achieve convergence from 2.3813075568181603e-04 to 2.3813075568181703e-04 seconds.
Warning: Simulation tolerance relaxed to achieve convergence from 2.3813075568182305e-04 to 2.3813075568182405e-04 seconds.
Warning: Simulation tolerance relaxed to achieve convergence from 2.3813075568184010e-04 to 2.3813075568184110e-04 seconds.
Warning: Simulation tolerance relaxed to achieve convergence from 2.3813075568184612e-04 to 2.3813075568184712e-04 seconds.
Warning: Simulation tolerance relaxed to achieve convergence from 2.3813075568189827e-04 to 2.3813075568189927e-04 seconds.
Warning: Simulation tolerance relaxed to achieve convergence from 2.3813075568190027e-04 to 2.3813075568190128e-04 seconds.
Warning: Simulation tolerance relaxed to achieve convergence from 2.3813075568197649e-04 to 2.3813075568197750e-04 seconds.
Warning: Simulation tolerance relaxed to achieve convergence from 2.3813075568204469e-04 to 2.3813075568204569e-04 seconds.
Warning: Simulation tolerance relaxed to achieve convergence from 2.3813075568226633e-04 to 2.3813075568226733e-04 seconds.
Warning: Simulation tolerance relaxed to achieve convergence from 2.3813075568233051e-04 to 2.3813075568233151e-04 seconds.
Warning: Simulation tolerance relaxed to achieve convergence from 2.3813075568233252e-04 to 2.3813075568233352e-04 seconds.
Warning: Simulation tolerance relaxed to achieve convergence from 2.3813075568234656e-04 to 2.3813075568234756e-04 seconds.
Warning: Simulation tolerance relaxed to achieve convergence from 2.3813075568235759e-04 to 2.3813075568235859e-04 seconds.
Warning: Simulation tolerance relaxed to achieve convergence from 2.3813075568242478e-04 to 2.3813075568242579e-04 seconds.
Warning: Simulation tolerance relaxed to achieve convergence from 2.3813075568242980e-04 to 2.3813075568243080e-04 seconds.
Warning: Simulation tolerance relaxed to achieve convergence from 2.3813075568244284e-04 to 2.3813075568244384e-04 seconds.
Warning: Simulation tolerance relaxed to achieve convergence from 2.3813075568244484e-04 to 2.3813075568244584e-04 seconds.
Warning: Simulation tolerance relaxed to achieve convergence from 2.3813075568244685e-04 to 2.3813075568244785e-04 seconds.
Warning: Simulation tolerance relaxed to achieve convergence from 2.3813075568249298e-04 to 2.3813075568249398e-04 seconds.
Warning: Simulation tolerance relaxed to achieve convergence from 2.3813075568250301e-04 to 2.3813075568250401e-04 seconds.
Warning: Simulation tolerance relaxed to achieve convergence from 2.3813075568259227e-04 to 2.3813075568259327e-04 seconds.
Warning: Simulation tolerance relaxed to achieve convergence from 2.3813075568266949e-04 to 2.3813075568267049e-04 seconds.
Warning: Simulation tolerance relaxed to achieve convergence from 2.3813075568268553e-04 to 2.3813075568268654e-04 seconds.
Warning: Simulation tolerance relaxed to achieve convergence from 2.3813075568269356e-04 to 2.3813075568269456e-04 seconds.
Warning: Simulation tolerance relaxed to achieve convergence from 2.3813075568290617e-04 to 2.3813075568290717e-04 seconds.
Warning: Simulation tolerance relaxed to achieve convergence from 2.3813075568290817e-04 to 2.3813075568290918e-04 seconds.
Warning: Simulation tolerance relaxed to achieve convergence from 2.3813075568315188e-04 to 2.3813075568315288e-04 seconds.
Warning: Simulation tolerance relaxed to achieve convergence from 2.3813075568315388e-04 to 2.3813075568315488e-04 seconds.
Warning: Simulation tolerance relaxed to achieve convergence from 2.3813075568318597e-04 to 2.3813075568318698e-04 seconds.
Warning: Simulation tolerance relaxed to achieve convergence from 2.3813075568338154e-04 to 2.3813075568338254e-04 seconds.
Warning: Simulation tolerance relaxed to achieve convergence from 2.3813075568341764e-04 to 2.3813075568341864e-04 seconds.
Warning: Simulation tolerance relaxed to achieve convergence from 2.3813075568342667e-04 to 2.3813075568342767e-04 seconds.
Warning: Simulation tolerance relaxed to achieve convergence from 2.3813075568344672e-04 to 2.3813075568344773e-04 seconds.
Warning: Simulation tolerance relaxed to achieve convergence from 2.3813075568345174e-04 to 2.3813075568345274e-04 seconds.
Warning: Simulation tolerance relaxed to achieve convergence from 2.3813075568356206e-04 to 2.3813075568356306e-04 seconds.
Warning: Simulation tolerance relaxed to achieve convergence from 2.3813075568362724e-04 to 2.3813075568362825e-04 seconds.
Warning: Simulation tolerance relaxed to achieve convergence from 2.3813075568362925e-04 to 2.3813075568363025e-04 seconds.
Warning: Simulation tolerance relaxed to achieve convergence from 2.3813075568363828e-04 to 2.3813075568363928e-04 seconds.
Warning: Simulation tolerance relaxed to achieve convergence from 2.3813075568364028e-04 to 2.3813075568364129e-04 seconds.
Warning: Simulation tolerance relaxed to achieve convergence from 2.3813075568371149e-04 to 2.3813075568371249e-04 seconds.
Warning: Simulation tolerance relaxed to achieve convergence from 2.3813075568371349e-04 to 2.3813075568371450e-04 seconds.
Warning: Simulation tolerance relaxed to achieve convergence from 2.3813075568373857e-04 to 2.3813075568373957e-04 seconds.
Warning: Simulation tolerance relaxed to achieve convergence from 2.3813075568374458e-04 to 2.3813075568374559e-04 seconds.
Warning: Simulation tolerance relaxed to achieve convergence from 2.3813075568374659e-04 to 2.3813075568374759e-04 seconds.
Warning: Simulation tolerance relaxed to achieve convergence from 2.3813075568380576e-04 to 2.3813075568380676e-04 seconds.
Warning: Simulation tolerance relaxed to achieve convergence from 2.3813075568388800e-04 to 2.3813075568388900e-04 seconds.
Warning: Simulation tolerance relaxed to achieve convergence from 2.3813075568389100e-04 to 2.3813075568389201e-04 seconds.
Warning: Simulation tolerance relaxed to achieve convergence from 2.3813075568401035e-04 to 2.3813075568401135e-04 seconds.
Warning: Simulation tolerance relaxed to achieve convergence from 2.3813075568445162e-04 to 2.3813075568445262e-04 seconds.
Warning: Simulation tolerance relaxed to achieve convergence from 2.3813075568445362e-04 to 2.3813075568445463e-04 seconds.
Warning: Simulation tolerance relaxed to achieve convergence from 2.3813075568464919e-04 to 2.3813075568465019e-04 seconds.
Warning: Simulation tolerance relaxed to achieve convergence from 2.3813075568467426e-04 to 2.3813075568467526e-04 seconds.
Warning: Simulation tolerance relaxed to achieve convergence from 2.3813075568473243e-04 to 2.3813075568473343e-04 seconds.
Warning: Simulation tolerance relaxed to achieve convergence from 2.3813075568477254e-04 to 2.3813075568477354e-04 seconds.
Warning: Simulation tolerance relaxed to achieve convergence from 2.3813075568477455e-04 to 2.3813075568477555e-04 seconds.
Warning: Simulation tolerance relaxed to achieve convergence from 2.3813075568480062e-04 to 2.3813075568480163e-04 seconds.
Warning: Simulation tolerance relaxed to achieve convergence from 2.3813075568500922e-04 to 2.3813075568501023e-04 seconds.
Warning: Simulation tolerance relaxed to achieve convergence from 2.3813075568503129e-04 to 2.3813075568503229e-04 seconds.
Warning: Simulation tolerance relaxed to achieve convergence from 2.3813075568504432e-04 to 2.3813075568504533e-04 seconds.
Warning: Simulation tolerance relaxed to achieve convergence from 2.3813075568505736e-04 to 2.3813075568505836e-04 seconds.
Warning: Simulation tolerance relaxed to achieve convergence from 2.3813075568506639e-04 to 2.3813075568506739e-04 seconds.
Warning: Simulation tolerance relaxed to achieve convergence from 2.3813075568541138e-04 to 2.3813075568541238e-04 seconds.
Warning: Simulation tolerance relaxed to achieve convergence from 2.3813075568549963e-04 to 2.3813075568550064e-04 seconds.
Warning: Simulation tolerance relaxed to achieve convergence from 2.3813075568550866e-04 to 2.3813075568550966e-04 seconds.
Warning: Simulation tolerance relaxed to achieve convergence from 2.3813075568551167e-04 to 2.3813075568551267e-04 seconds.
Warning: Simulation tolerance relaxed to achieve convergence from 2.3813075568554276e-04 to 2.3813075568554376e-04 seconds.
Warning: Simulation tolerance relaxed to achieve convergence from 2.3813075568555178e-04 to 2.3813075568555279e-04 seconds.
Warning: Simulation tolerance relaxed to achieve convergence from 2.3813075568560494e-04 to 2.3813075568560594e-04 seconds.
Warning: Simulation tolerance relaxed to achieve convergence from 2.3813075568562800e-04 to 2.3813075568562901e-04 seconds.
Warning: Simulation tolerance relaxed to achieve convergence from 2.3813075568564104e-04 to 2.3813075568564204e-04 seconds.
Warning: Simulation tolerance relaxed to achieve convergence from 2.3813075568566010e-04 to 2.3813075568566110e-04 seconds.
Warning: Simulation tolerance relaxed to achieve convergence from 2.3813075568568216e-04 to 2.3813075568568316e-04 seconds.
Warning: Simulation tolerance relaxed to achieve convergence from 2.3813075568570121e-04 to 2.3813075568570222e-04 seconds.
Warning: Simulation tolerance relaxed to achieve convergence from 2.3813075568582658e-04 to 2.3813075568582758e-04 seconds.
Warning: Simulation tolerance relaxed to achieve convergence from 2.3813075568588875e-04 to 2.3813075568588976e-04 seconds.
Warning: Simulation tolerance relaxed to achieve convergence from 2.3813075568592987e-04 to 2.3813075568593088e-04 seconds.
Warning: Simulation tolerance relaxed to achieve convergence from 2.3813075568593790e-04 to 2.3813075568593890e-04 seconds.
Warning: Simulation tolerance relaxed to achieve convergence from 2.3813075568613045e-04 to 2.3813075568613145e-04 seconds.
Warning: Simulation tolerance relaxed to achieve convergence from 2.3813075568613647e-04 to 2.3813075568613747e-04 seconds.
Warning: Simulation tolerance relaxed to achieve convergence from 2.3813075568613847e-04 to 2.3813075568613948e-04 seconds.
Warning: Simulation tolerance relaxed to achieve convergence from 2.3813075568614750e-04 to 2.3813075568614850e-04 seconds.
Warning: Simulation tolerance relaxed to achieve convergence from 2.3813075568614951e-04 to 2.3813075568615051e-04 seconds.
Warning: Simulation tolerance relaxed to achieve convergence from 2.3813075568619163e-04 to 2.3813075568619263e-04 seconds.
Warning: Simulation tolerance relaxed to achieve convergence from 2.3813075568619865e-04 to 2.3813075568619965e-04 seconds.
Warning: Simulation tolerance relaxed to achieve convergence from 2.3813075568620065e-04 to 2.3813075568620166e-04 seconds.
Warning: Simulation tolerance relaxed to achieve convergence from 2.3813075568623977e-04 to 2.3813075568624077e-04 seconds.
Warning: Simulation tolerance relaxed to achieve convergence from 2.3813075568624979e-04 to 2.3813075568625080e-04 seconds.
Warning: Simulation tolerance relaxed to achieve convergence from 2.3813075568628690e-04 to 2.3813075568628790e-04 seconds.
Warning: Simulation tolerance relaxed to achieve convergence from 2.3813075568629994e-04 to 2.3813075568630094e-04 seconds.
Warning: Simulation tolerance relaxed to achieve convergence from 2.3813075568633805e-04 to 2.3813075568633905e-04 seconds.
Warning: Simulation tolerance relaxed to achieve convergence from 2.3813075568636212e-04 to 2.3813075568636312e-04 seconds.
Warning: Simulation tolerance relaxed to achieve convergence from 2.3813075568636813e-04 to 2.3813075568636914e-04 seconds.
Warning: Simulation tolerance relaxed to achieve convergence from 2.3813075568638117e-04 to 2.3813075568638218e-04 seconds.
Warning: Simulation tolerance relaxed to achieve convergence from 2.3813075568639421e-04 to 2.3813075568639521e-04 seconds.
Warning: Simulation tolerance relaxed to achieve convergence from 2.3813075568642931e-04 to 2.3813075568643031e-04 seconds.
Warning: Simulation tolerance relaxed to achieve convergence from 2.3813075568647845e-04 to 2.3813075568647946e-04 seconds.
Warning: Simulation tolerance relaxed to achieve convergence from 2.3813075568649751e-04 to 2.3813075568649851e-04 seconds.
Warning: Simulation tolerance relaxed to achieve convergence from 2.3813075568650453e-04 to 2.3813075568650553e-04 seconds.
Warning: Simulation tolerance relaxed to achieve convergence from 2.3813075568654565e-04 to 2.3813075568654665e-04 seconds.
Warning: Simulation tolerance relaxed to achieve convergence from 2.3813075568655467e-04 to 2.3813075568655567e-04 seconds.
Warning: Simulation tolerance relaxed to achieve convergence from 2.3813075568655668e-04 to 2.3813075568655768e-04 seconds.
Warning: Simulation tolerance relaxed to achieve convergence from 2.3813075568658977e-04 to 2.3813075568659078e-04 seconds.
Warning: Simulation tolerance relaxed to achieve convergence from 2.3813075568660381e-04 to 2.3813075568660482e-04 seconds.
Warning: Simulation tolerance relaxed to achieve convergence from 2.3813075568661785e-04 to 2.3813075568661886e-04 seconds.
Warning: Simulation tolerance relaxed to achieve convergence from 2.3813075568662187e-04 to 2.3813075568662287e-04 seconds.
Warning: Simulation tolerance relaxed to achieve convergence from 2.3813075568671112e-04 to 2.3813075568671213e-04 seconds.
Warning: Simulation tolerance relaxed to achieve convergence from 2.3813075568691671e-04 to 2.3813075568691772e-04 seconds.
Warning: Simulation tolerance relaxed to achieve convergence from 2.3813075568707316e-04 to 2.3813075568707417e-04 seconds.
Warning: Simulation tolerance relaxed to achieve convergence from 2.3813075568708219e-04 to 2.3813075568708319e-04 seconds.
Warning: Simulation tolerance relaxed to achieve convergence from 2.3813075568715039e-04 to 2.3813075568715139e-04 seconds.
Warning: Simulation tolerance relaxed to achieve convergence from 2.3813075568716944e-04 to 2.3813075568717044e-04 seconds.
Warning: Simulation tolerance relaxed to achieve convergence from 2.3813075568730082e-04 to 2.3813075568730182e-04 seconds.
Warning: Simulation tolerance relaxed to achieve convergence from 2.3813075568730283e-04 to 2.3813075568730383e-04 seconds.
Warning: Simulation tolerance relaxed to achieve convergence from 2.3813075568740813e-04 to 2.3813075568740913e-04 seconds.
Warning: Simulation tolerance relaxed to achieve convergence from 2.3813075568741013e-04 to 2.3813075568741114e-04 seconds.
Warning: Simulation tolerance relaxed to achieve convergence from 2.3813075568742718e-04 to 2.3813075568742819e-04 seconds.
Warning: Simulation tolerance relaxed to achieve convergence from 2.3813075568742919e-04 to 2.3813075568743019e-04 seconds.
Warning: Simulation tolerance relaxed to achieve convergence from 2.3813075568746128e-04 to 2.3813075568746228e-04 seconds.
Warning: Simulation tolerance relaxed to achieve convergence from 2.3813075568761272e-04 to 2.3813075568761372e-04 seconds.
Warning: Simulation tolerance relaxed to achieve convergence from 2.3813075568823050e-04 to 2.3813075568823150e-04 seconds.
Warning: Simulation tolerance relaxed to achieve convergence from 2.3813075568840700e-04 to 2.3813075568840801e-04 seconds.
Warning: Simulation tolerance relaxed to achieve convergence from 2.3813075568849125e-04 to 2.3813075568849225e-04 seconds.
Warning: Simulation tolerance relaxed to achieve convergence from 2.3813075568849325e-04 to 2.3813075568849426e-04 seconds.
Warning: Simulation tolerance relaxed to achieve convergence from 2.3813075568853537e-04 to 2.3813075568853638e-04 seconds.
Warning: Simulation tolerance relaxed to achieve convergence from 2.3813075568874598e-04 to 2.3813075568874698e-04 seconds.
Warning: Simulation tolerance relaxed to achieve convergence from 2.3813075568876604e-04 to 2.3813075568876704e-04 seconds.
Warning: Simulation tolerance relaxed to achieve convergence from 2.3813075568883323e-04 to 2.3813075568883423e-04 seconds.
Warning: Simulation tolerance relaxed to achieve convergence from 2.3813075568885229e-04 to 2.3813075568885329e-04 seconds.
Warning: Simulation tolerance relaxed to achieve convergence from 2.3813075568887034e-04 to 2.3813075568887134e-04 seconds.
Warning: Simulation tolerance relaxed to achieve convergence from 2.3813075568888237e-04 to 2.3813075568888338e-04 seconds.
Warning: Simulation tolerance relaxed to achieve convergence from 2.3813075568889040e-04 to 2.3813075568889140e-04 seconds.
Warning: Simulation tolerance relaxed to achieve convergence from 2.3813075568988526e-04 to 2.3813075568988626e-04 seconds.
Warning: Simulation tolerance relaxed to achieve convergence from 2.3813075569025934e-04 to 2.3813075569026034e-04 seconds.
Warning: Simulation tolerance relaxed to achieve convergence from 2.3813075569026736e-04 to 2.3813075569026836e-04 seconds.
Warning: Simulation tolerance relaxed to achieve convergence from 2.3813075569035361e-04 to 2.3813075569035461e-04 seconds.
Warning: Simulation tolerance relaxed to achieve convergence from 2.3813075569036564e-04 to 2.3813075569036665e-04 seconds.
Warning: Simulation tolerance relaxed to achieve convergence from 2.3813075569040977e-04 to 2.3813075569041077e-04 seconds.
Warning: Simulation tolerance relaxed to achieve convergence from 2.3813075569041779e-04 to 2.3813075569041880e-04 seconds.
Warning: Simulation tolerance relaxed to achieve convergence from 2.3813075569041980e-04 to 2.3813075569042080e-04 seconds.
Warning: Simulation tolerance relaxed to achieve convergence from 2.3813075569042481e-04 to 2.3813075569042582e-04 seconds.
Warning: Simulation tolerance relaxed to achieve convergence from 2.3813075569042983e-04 to 2.3813075569043083e-04 seconds.
Warning: Simulation tolerance relaxed to achieve convergence from 2.3813075569045289e-04 to 2.3813075569045390e-04 seconds.
Warning: Simulation tolerance relaxed to achieve convergence from 2.3813075569046192e-04 to 2.3813075569046292e-04 seconds.
Warning: Simulation tolerance relaxed to achieve convergence from 2.3813075569051307e-04 to 2.3813075569051407e-04 seconds.
Warning: Simulation tolerance relaxed to achieve convergence from 2.3813075569053814e-04 to 2.3813075569053914e-04 seconds.
Warning: Simulation tolerance relaxed to achieve convergence from 2.3813075569054416e-04 to 2.3813075569054516e-04 seconds.
Warning: Simulation tolerance relaxed to achieve convergence from 2.3813075569059831e-04 to 2.3813075569059932e-04 seconds.
Warning: Simulation tolerance relaxed to achieve convergence from 2.3813075569060433e-04 to 2.3813075569060533e-04 seconds.
Warning: Simulation tolerance relaxed to achieve convergence from 2.3813075569061336e-04 to 2.3813075569061436e-04 seconds.
Warning: Simulation tolerance relaxed to achieve convergence from 2.3813075569062238e-04 to 2.3813075569062338e-04 seconds.
Warning: Simulation tolerance relaxed to achieve convergence from 2.3813075569063341e-04 to 2.3813075569063442e-04 seconds.
Warning: Simulation tolerance relaxed to achieve convergence from 2.3813075569063943e-04 to 2.3813075569064043e-04 seconds.
Warning: Simulation tolerance relaxed to achieve convergence from 2.3813075569065748e-04 to 2.3813075569065849e-04 seconds.
Warning: Simulation tolerance relaxed to achieve convergence from 2.3813075569065949e-04 to 2.3813075569066049e-04 seconds.
Warning: Simulation tolerance relaxed to achieve convergence from 2.3813075569068657e-04 to 2.3813075569068757e-04 seconds.
Warning: Simulation tolerance relaxed to achieve convergence from 2.3813075569069158e-04 to 2.3813075569069258e-04 seconds.
Warning: Simulation tolerance relaxed to achieve convergence from 2.3813075569075577e-04 to 2.3813075569075677e-04 seconds.
Warning: Simulation tolerance relaxed to achieve convergence from 2.3813075569075777e-04 to 2.3813075569075877e-04 seconds.
Warning: Simulation tolerance relaxed to achieve convergence from 2.3813075569081694e-04 to 2.3813075569081794e-04 seconds.
Warning: Simulation tolerance relaxed to achieve convergence from 2.3813075569081895e-04 to 2.3813075569081995e-04 seconds.
Warning: Simulation tolerance relaxed to achieve convergence from 2.3813075569082196e-04 to 2.3813075569082296e-04 seconds.
Warning: Simulation tolerance relaxed to achieve convergence from 2.3813075569082396e-04 to 2.3813075569082496e-04 seconds.
Warning: Simulation tolerance relaxed to achieve convergence from 2.3813075569082898e-04 to 2.3813075569082998e-04 seconds.
Warning: Simulation tolerance relaxed to achieve convergence from 2.3813075569084101e-04 to 2.3813075569084201e-04 seconds.
Warning: Simulation tolerance relaxed to achieve convergence from 2.3813075569088313e-04 to 2.3813075569088414e-04 seconds.
Warning: Simulation tolerance relaxed to achieve convergence from 2.3813075569088514e-04 to 2.3813075569088614e-04 seconds.
Warning: Simulation tolerance relaxed to achieve convergence from 2.3813075569091021e-04 to 2.3813075569091121e-04 seconds.
Warning: Simulation tolerance relaxed to achieve convergence from 2.3813075569101150e-04 to 2.3813075569101250e-04 seconds.
Warning: Simulation tolerance relaxed to achieve convergence from 2.3813075569103457e-04 to 2.3813075569103557e-04 seconds.
Warning: Simulation tolerance relaxed to achieve convergence from 2.3813075569114789e-04 to 2.3813075569114890e-04 seconds.
Warning: Simulation tolerance relaxed to achieve convergence from 2.3813075569115893e-04 to 2.3813075569115993e-04 seconds.
Warning: Simulation tolerance relaxed to achieve convergence from 2.3813075569117196e-04 to 2.3813075569117297e-04 seconds.
Warning: Simulation tolerance relaxed to achieve convergence from 2.3813075569128730e-04 to 2.3813075569128830e-04 seconds.
Warning: Simulation tolerance relaxed to achieve convergence from 2.3813075569134346e-04 to 2.3813075569134446e-04 seconds.
Warning: Simulation tolerance relaxed to achieve convergence from 2.3813075569139460e-04 to 2.3813075569139561e-04 seconds.
Warning: Simulation tolerance relaxed to achieve convergence from 2.3813075569139661e-04 to 2.3813075569139761e-04 seconds.
Warning: Simulation tolerance relaxed to achieve convergence from 2.3813075569155005e-04 to 2.3813075569155105e-04 seconds.
Warning: Simulation tolerance relaxed to achieve convergence from 2.3813075569155607e-04 to 2.3813075569155707e-04 seconds.
Warning: Simulation tolerance relaxed to achieve convergence from 2.3813075569155808e-04 to 2.3813075569155908e-04 seconds.
Warning: Simulation tolerance relaxed to achieve convergence from 2.3813075569156008e-04 to 2.3813075569156108e-04 seconds.
Warning: Simulation tolerance relaxed to achieve convergence from 2.3813075569158415e-04 to 2.3813075569158515e-04 seconds.
Warning: Simulation tolerance relaxed to achieve convergence from 2.3813075569159318e-04 to 2.3813075569159418e-04 seconds.
Warning: Simulation tolerance relaxed to achieve convergence from 2.3813075569159518e-04 to 2.3813075569159618e-04 seconds.
Warning: Simulation tolerance relaxed to achieve convergence from 2.3813075569162226e-04 to 2.3813075569162326e-04 seconds.
Warning: Simulation tolerance relaxed to achieve convergence from 2.3813075569163129e-04 to 2.3813075569163229e-04 seconds.
Warning: Simulation tolerance relaxed to achieve convergence from 2.3813075569163329e-04 to 2.3813075569163429e-04 seconds.
Warning: Simulation tolerance relaxed to achieve convergence from 2.3813075569170249e-04 to 2.3813075569170349e-04 seconds.
Warning: Simulation tolerance relaxed to achieve convergence from 2.3813075569170550e-04 to 2.3813075569170650e-04 seconds.
Warning: Simulation tolerance relaxed to achieve convergence from 2.3813075569171854e-04 to 2.3813075569171954e-04 seconds.
Warning: Simulation tolerance relaxed to achieve convergence from 2.3813075569177169e-04 to 2.3813075569177269e-04 seconds.
Warning: Simulation tolerance relaxed to achieve convergence from 2.3813075569177370e-04 to 2.3813075569177470e-04 seconds.
Warning: Simulation tolerance relaxed to achieve convergence from 2.3813075569181080e-04 to 2.3813075569181181e-04 seconds.
Warning: Simulation tolerance relaxed to achieve convergence from 2.3813075569181281e-04 to 2.3813075569181381e-04 seconds.
Warning: Simulation tolerance relaxed to achieve convergence from 2.3813075569181782e-04 to 2.3813075569181883e-04 seconds.
Warning: Simulation tolerance relaxed to achieve convergence from 2.3813075569193516e-04 to 2.3813075569193616e-04 seconds.
Warning: Simulation tolerance relaxed to achieve convergence from 2.3813075569194820e-04 to 2.3813075569194920e-04 seconds.
Warning: Simulation tolerance relaxed to achieve convergence from 2.3813075569196826e-04 to 2.3813075569196926e-04 seconds.
Warning: Simulation tolerance relaxed to achieve convergence from 2.3813075569199634e-04 to 2.3813075569199734e-04 seconds.
Warning: Simulation tolerance relaxed to achieve convergence from 2.3813075569200937e-04 to 2.3813075569201038e-04 seconds.
Warning: Simulation tolerance relaxed to achieve convergence from 2.3813075569201940e-04 to 2.3813075569202041e-04 seconds.
Warning: Simulation tolerance relaxed to achieve convergence from 2.3813075569215880e-04 to 2.3813075569215981e-04 seconds.
Warning: Simulation tolerance relaxed to achieve convergence from 2.3813075569216582e-04 to 2.3813075569216683e-04 seconds.
Warning: Simulation tolerance relaxed to achieve convergence from 2.3813075569225107e-04 to 2.3813075569225207e-04 seconds.
Warning: Simulation tolerance relaxed to achieve convergence from 2.3813075569232729e-04 to 2.3813075569232829e-04 seconds.
Warning: Simulation tolerance relaxed to achieve convergence from 2.3813075569233932e-04 to 2.3813075569234033e-04 seconds.
Warning: Simulation tolerance relaxed to achieve convergence from 2.3813075569234534e-04 to 2.3813075569234634e-04 seconds.
Warning: Simulation tolerance relaxed to achieve convergence from 2.3813075569235738e-04 to 2.3813075569235838e-04 seconds.
Warning: Simulation tolerance relaxed to achieve convergence from 2.3813075569237743e-04 to 2.3813075569237844e-04 seconds.
Warning: Simulation tolerance relaxed to achieve convergence from 2.3813075569241454e-04 to 2.3813075569241554e-04 seconds.
Warning: Simulation tolerance relaxed to achieve convergence from 2.3813075569241655e-04 to 2.3813075569241755e-04 seconds.
Warning: Simulation tolerance relaxed to achieve convergence from 2.3813075569242958e-04 to 2.3813075569243059e-04 seconds.
Warning: Simulation tolerance relaxed to achieve convergence from 2.3813075569245566e-04 to 2.3813075569245666e-04 seconds.
Warning: Simulation tolerance relaxed to achieve convergence from 2.3813075569245766e-04 to 2.3813075569245867e-04 seconds.
Warning: Simulation tolerance relaxed to achieve convergence from 2.3813075569246669e-04 to 2.3813075569246769e-04 seconds.
Warning: Simulation tolerance relaxed to achieve convergence from 2.3813075569249778e-04 to 2.3813075569249878e-04 seconds.
Warning: Simulation tolerance relaxed to achieve convergence from 2.3813075569250681e-04 to 2.3813075569250781e-04 seconds.
Warning: Simulation tolerance relaxed to achieve convergence from 2.3813075569253388e-04 to 2.3813075569253489e-04 seconds.
Warning: Simulation tolerance relaxed to achieve convergence from 2.3813075569253890e-04 to 2.3813075569253990e-04 seconds.
Warning: Simulation tolerance relaxed to achieve convergence from 2.3813075569255896e-04 to 2.3813075569255996e-04 seconds.
Warning: Simulation tolerance relaxed to achieve convergence from 2.3813075569256096e-04 to 2.3813075569256196e-04 seconds.
Warning: Simulation tolerance relaxed to achieve convergence from 2.3813075569262314e-04 to 2.3813075569262414e-04 seconds.
Warning: Simulation tolerance relaxed to achieve convergence from 2.3813075569263718e-04 to 2.3813075569263818e-04 seconds.
Warning: Simulation tolerance relaxed to achieve convergence from 2.3813075569266326e-04 to 2.3813075569266426e-04 seconds.
Warning: Simulation tolerance relaxed to achieve convergence from 2.3813075569267429e-04 to 2.3813075569267529e-04 seconds.
Warning: Simulation tolerance relaxed to achieve convergence from 2.3813075569269435e-04 to 2.3813075569269535e-04 seconds.
Warning: Simulation tolerance relaxed to achieve convergence from 2.3813075569270036e-04 to 2.3813075569270137e-04 seconds.
Warning: Simulation tolerance relaxed to achieve convergence from 2.3813075569270939e-04 to 2.3813075569271039e-04 seconds.
Warning: Simulation tolerance relaxed to achieve convergence from 2.3813075569275151e-04 to 2.3813075569275251e-04 seconds.
Warning: Simulation tolerance relaxed to achieve convergence from 2.3813075569275753e-04 to 2.3813075569275853e-04 seconds.
Warning: Simulation tolerance relaxed to achieve convergence from 2.3813075569279163e-04 to 2.3813075569279263e-04 seconds.
Warning: Simulation tolerance relaxed to achieve convergence from 2.3813075569279764e-04 to 2.3813075569279865e-04 seconds.
Warning: Simulation tolerance relaxed to achieve convergence from 2.3813075569281369e-04 to 2.3813075569281469e-04 seconds.
Warning: Simulation tolerance relaxed to achieve convergence from 2.3813075569289593e-04 to 2.3813075569289693e-04 seconds.
Warning: Simulation tolerance relaxed to achieve convergence from 2.3813075569289894e-04 to 2.3813075569289994e-04 seconds.
Warning: Simulation tolerance relaxed to achieve convergence from 2.3813075569291699e-04 to 2.3813075569291799e-04 seconds.
Warning: Simulation tolerance relaxed to achieve convergence from 2.3813075569292902e-04 to 2.3813075569293002e-04 seconds.
Warning: Simulation tolerance relaxed to achieve convergence from 2.3813075569293704e-04 to 2.3813075569293805e-04 seconds.
Warning: Simulation tolerance relaxed to achieve convergence from 2.3813075569293905e-04 to 2.3813075569294005e-04 seconds.
Warning: Simulation tolerance relaxed to achieve convergence from 2.3813075569298719e-04 to 2.3813075569298819e-04 seconds.
Warning: Simulation tolerance relaxed to achieve convergence from 2.3813075569300725e-04 to 2.3813075569300825e-04 seconds.
Warning: Simulation tolerance relaxed to achieve convergence from 2.3813075569319780e-04 to 2.3813075569319880e-04 seconds.
Warning: Simulation tolerance relaxed to achieve convergence from 2.3813075569323891e-04 to 2.3813075569323992e-04 seconds.
Warning: Simulation tolerance relaxed to achieve convergence from 2.3813075569324794e-04 to 2.3813075569324894e-04 seconds.
Warning: Simulation tolerance relaxed to achieve convergence from 2.3813075569324995e-04 to 2.3813075569325095e-04 seconds.
Warning: Simulation tolerance relaxed to achieve convergence from 2.3813075569327903e-04 to 2.3813075569328003e-04 seconds.
Warning: Simulation tolerance relaxed to achieve convergence from 2.3813075569328806e-04 to 2.3813075569328906e-04 seconds.
Warning: Simulation tolerance relaxed to achieve convergence from 2.3813075569329307e-04 to 2.3813075569329407e-04 seconds.
Warning: Simulation tolerance relaxed to achieve convergence from 2.3813075569330510e-04 to 2.3813075569330611e-04 seconds.
Warning: Simulation tolerance relaxed to achieve convergence from 2.3813075569330711e-04 to 2.3813075569330811e-04 seconds.
Warning: Simulation tolerance relaxed to achieve convergence from 2.3813075569330912e-04 to 2.3813075569331012e-04 seconds.
Warning: Simulation tolerance relaxed to achieve convergence from 2.3813075569331112e-04 to 2.3813075569331212e-04 seconds.
Warning: Simulation tolerance relaxed to achieve convergence from 2.3813075569331313e-04 to 2.3813075569331413e-04 seconds.
Warning: Simulation tolerance relaxed to achieve convergence from 2.3813075569332215e-04 to 2.3813075569332316e-04 seconds.
Warning: Simulation tolerance relaxed to achieve convergence from 2.3813075569332416e-04 to 2.3813075569332516e-04 seconds.
Warning: Simulation tolerance relaxed to achieve convergence from 2.3813075569332717e-04 to 2.3813075569332817e-04 seconds.
Warning: Simulation tolerance relaxed to achieve convergence from 2.3813075569333720e-04 to 2.3813075569333820e-04 seconds.
Warning: Simulation tolerance relaxed to achieve convergence from 2.3813075569333920e-04 to 2.3813075569334021e-04 seconds.
Warning: Simulation tolerance relaxed to achieve convergence from 2.3813075569337029e-04 to 2.3813075569337129e-04 seconds.
Warning: Simulation tolerance relaxed to achieve convergence from 2.3813075569337230e-04 to 2.3813075569337330e-04 seconds.
Warning: Simulation tolerance relaxed to achieve convergence from 2.3813075569338233e-04 to 2.3813075569338333e-04 seconds.
Warning: Simulation tolerance relaxed to achieve convergence from 2.3813075569339236e-04 to 2.3813075569339336e-04 seconds.
Warning: Simulation tolerance relaxed to achieve convergence from 2.3813075569341342e-04 to 2.3813075569341442e-04 seconds.
Warning: Simulation tolerance relaxed to achieve convergence from 2.3813075569341642e-04 to 2.3813075569341743e-04 seconds.
Warning: Simulation tolerance relaxed to achieve convergence from 2.3813075569341843e-04 to 2.3813075569341943e-04 seconds.
Warning: Simulation tolerance relaxed to achieve convergence from 2.3813075569344451e-04 to 2.3813075569344551e-04 seconds.
Warning: Simulation tolerance relaxed to achieve convergence from 2.3813075569344651e-04 to 2.3813075569344751e-04 seconds.
Warning: Simulation tolerance relaxed to achieve convergence from 2.3813075569345855e-04 to 2.3813075569345955e-04 seconds.
Warning: Simulation tolerance relaxed to achieve convergence from 2.3813075569347860e-04 to 2.3813075569347961e-04 seconds.
Warning: Simulation tolerance relaxed to achieve convergence from 2.3813075569348061e-04 to 2.3813075569348161e-04 seconds.
Warning: Simulation tolerance relaxed to achieve convergence from 2.3813075569348362e-04 to 2.3813075569348462e-04 seconds.
Warning: Simulation tolerance relaxed to achieve convergence from 2.3813075569348863e-04 to 2.3813075569348964e-04 seconds.
Warning: Simulation tolerance relaxed to achieve convergence from 2.3813075569349966e-04 to 2.3813075569350067e-04 seconds.
Warning: Simulation tolerance relaxed to achieve convergence from 2.3813075569350969e-04 to 2.3813075569351070e-04 seconds.
Warning: Simulation tolerance relaxed to achieve convergence from 2.3813075569356385e-04 to 2.3813075569356485e-04 seconds.
Warning: Simulation tolerance relaxed to achieve convergence from 2.3813075569358090e-04 to 2.3813075569358190e-04 seconds.
Warning: Simulation tolerance relaxed to achieve convergence from 2.3813075569358290e-04 to 2.3813075569358391e-04 seconds.
Warning: Simulation tolerance relaxed to achieve convergence from 2.3813075569358792e-04 to 2.3813075569358892e-04 seconds.
Warning: Simulation tolerance relaxed to achieve convergence from 2.3813075569359293e-04 to 2.3813075569359394e-04 seconds.
Warning: Simulation tolerance relaxed to achieve convergence from 2.3813075569359494e-04 to 2.3813075569359594e-04 seconds.
Warning: Simulation tolerance relaxed to achieve convergence from 2.3813075569359995e-04 to 2.3813075569360096e-04 seconds.
Warning: Simulation tolerance relaxed to achieve convergence from 2.3813075569360196e-04 to 2.3813075569360296e-04 seconds.
Warning: Simulation tolerance relaxed to achieve convergence from 2.3813075569360798e-04 to 2.3813075569360898e-04 seconds.
Warning: Simulation tolerance relaxed to achieve convergence from 2.3813075569360998e-04 to 2.3813075569361098e-04 seconds.
Warning: Simulation tolerance relaxed to achieve convergence from 2.3813075569361600e-04 to 2.3813075569361700e-04 seconds.
Warning: Simulation tolerance relaxed to achieve convergence from 2.3813075569361800e-04 to 2.3813075569361901e-04 seconds.
Warning: Simulation tolerance relaxed to achieve convergence from 2.3813075569362202e-04 to 2.3813075569362302e-04 seconds.
Warning: Simulation tolerance relaxed to achieve convergence from 2.3813075569364007e-04 to 2.3813075569364107e-04 seconds.
Warning: Simulation tolerance relaxed to achieve convergence from 2.3813075569364207e-04 to 2.3813075569364308e-04 seconds.
Warning: Simulation tolerance relaxed to achieve convergence from 2.3813075569364408e-04 to 2.3813075569364508e-04 seconds.
Warning: Simulation tolerance relaxed to achieve convergence from 2.3813075569364609e-04 to 2.3813075569364709e-04 seconds.
Warning: Simulation tolerance relaxed to achieve convergence from 2.3813075569365210e-04 to 2.3813075569365311e-04 seconds.
Warning: Simulation tolerance relaxed to achieve convergence from 2.3813075569376142e-04 to 2.3813075569376242e-04 seconds.
Warning: Simulation tolerance relaxed to achieve convergence from 2.3813075569379953e-04 to 2.3813075569380053e-04 seconds.
Warning: Simulation tolerance relaxed to achieve convergence from 2.3813075569384666e-04 to 2.3813075569384767e-04 seconds.
Warning: Simulation tolerance relaxed to achieve convergence from 2.3813075569386973e-04 to 2.3813075569387073e-04 seconds.
Warning: Simulation tolerance relaxed to achieve convergence from 2.3813075569387274e-04 to 2.3813075569387374e-04 seconds.
Warning: Simulation tolerance relaxed to achieve convergence from 2.3813075569390282e-04 to 2.3813075569390383e-04 seconds.
Warning: Simulation tolerance relaxed to achieve convergence from 2.3813075569391486e-04 to 2.3813075569391586e-04 seconds.
Warning: Simulation tolerance relaxed to achieve convergence from 2.3813075569391687e-04 to 2.3813075569391787e-04 seconds.
Warning: Simulation tolerance relaxed to achieve convergence from 2.3813075569392188e-04 to 2.3813075569392288e-04 seconds.
Warning: Simulation tolerance relaxed to achieve convergence from 2.3813075569394896e-04 to 2.3813075569394996e-04 seconds.
Warning: Simulation tolerance relaxed to achieve convergence from 2.3813075569397704e-04 to 2.3813075569397804e-04 seconds.
Warning: Simulation tolerance relaxed to achieve convergence from 2.3813075569398807e-04 to 2.3813075569398907e-04 seconds.
Warning: Simulation tolerance relaxed to achieve convergence from 2.3813075569399409e-04 to 2.3813075569399509e-04 seconds.
Warning: Simulation tolerance relaxed to achieve convergence from 2.3813075569400412e-04 to 2.3813075569400512e-04 seconds.
Warning: Simulation tolerance relaxed to achieve convergence from 2.3813075569400612e-04 to 2.3813075569400713e-04 seconds.
Warning: Simulation tolerance relaxed to achieve convergence from 2.3813075569403019e-04 to 2.3813075569403119e-04 seconds.
Warning: Simulation tolerance relaxed to achieve convergence from 2.3813075569404323e-04 to 2.3813075569404423e-04 seconds.
Warning: Simulation tolerance relaxed to achieve convergence from 2.3813075569404523e-04 to 2.3813075569404624e-04 seconds.
Warning: Simulation tolerance relaxed to achieve convergence from 2.3813075569405226e-04 to 2.3813075569405326e-04 seconds.
Warning: Simulation tolerance relaxed to achieve convergence from 2.3813075569405426e-04 to 2.3813075569405526e-04 seconds.
Warning: Simulation tolerance relaxed to achieve convergence from 2.3813075569405727e-04 to 2.3813075569405827e-04 seconds.
Warning: Simulation tolerance relaxed to achieve convergence from 2.3813075569409538e-04 to 2.3813075569409638e-04 seconds.
Warning: Simulation tolerance relaxed to achieve convergence from 2.3813075569411042e-04 to 2.3813075569411143e-04 seconds.
Warning: Simulation tolerance relaxed to achieve convergence from 2.3813075569411644e-04 to 2.3813075569411744e-04 seconds.
Warning: Simulation tolerance relaxed to achieve convergence from 2.3813075569412246e-04 to 2.3813075569412346e-04 seconds.
Warning: Simulation tolerance relaxed to achieve convergence from 2.3813075569412847e-04 to 2.3813075569412948e-04 seconds.
Warning: Simulation tolerance relaxed to achieve convergence from 2.3813075569416057e-04 to 2.3813075569416157e-04 seconds.
Warning: Simulation tolerance relaxed to achieve convergence from 2.3813075569416558e-04 to 2.3813075569416658e-04 seconds.
Warning: Simulation tolerance relaxed to achieve convergence from 2.3813075569418163e-04 to 2.3813075569418263e-04 seconds.
Warning: Simulation tolerance relaxed to achieve convergence from 2.3813075569421071e-04 to 2.3813075569421171e-04 seconds.
Warning: Simulation tolerance relaxed to achieve convergence from 2.3813075569425785e-04 to 2.3813075569425885e-04 seconds.
Warning: Simulation tolerance relaxed to achieve convergence from 2.3813075569427088e-04 to 2.3813075569427189e-04 seconds.
Warning: Simulation tolerance relaxed to achieve convergence from 2.3813075569427590e-04 to 2.3813075569427690e-04 seconds.
Warning: Simulation tolerance relaxed to achieve convergence from 2.3813075569429195e-04 to 2.3813075569429295e-04 seconds.
Warning: Simulation tolerance relaxed to achieve convergence from 2.3813075569430298e-04 to 2.3813075569430398e-04 seconds.
Warning: Simulation tolerance relaxed to achieve convergence from 2.3813075569436917e-04 to 2.3813075569437017e-04 seconds.
Warning: Simulation tolerance relaxed to achieve convergence from 2.3813075569438521e-04 to 2.3813075569438622e-04 seconds.
Warning: Simulation tolerance relaxed to achieve convergence from 2.3813075569438722e-04 to 2.3813075569438822e-04 seconds.
Warning: Simulation tolerance relaxed to achieve convergence from 2.3813075569439925e-04 to 2.3813075569440026e-04 seconds.
Warning: Simulation tolerance relaxed to achieve convergence from 2.3813075569441229e-04 to 2.3813075569441329e-04 seconds.
Warning: Simulation tolerance relaxed to achieve convergence from 2.3813075569452161e-04 to 2.3813075569452261e-04 seconds.
Warning: Simulation tolerance relaxed to achieve convergence from 2.3813075569452361e-04 to 2.3813075569452461e-04 seconds.
Warning: Simulation tolerance relaxed to achieve convergence from 2.3813075569453565e-04 to 2.3813075569453665e-04 seconds.
Warning: Simulation tolerance relaxed to achieve convergence from 2.3813075569460685e-04 to 2.3813075569460785e-04 seconds.
Warning: Simulation tolerance relaxed to achieve convergence from 2.3813075569463293e-04 to 2.3813075569463393e-04 seconds.
Warning: Simulation tolerance relaxed to achieve convergence from 2.3813075569467705e-04 to 2.3813075569467806e-04 seconds.
Warning: Simulation tolerance relaxed to achieve convergence from 2.3813075569471115e-04 to 2.3813075569471215e-04 seconds.
Warning: Simulation tolerance relaxed to achieve convergence from 2.3813075569477534e-04 to 2.3813075569477634e-04 seconds.
Warning: Simulation tolerance relaxed to achieve convergence from 2.3813075569483150e-04 to 2.3813075569483250e-04 seconds.
Warning: Simulation tolerance relaxed to achieve convergence from 2.3813075569499296e-04 to 2.3813075569499397e-04 seconds.
Warning: Simulation tolerance relaxed to achieve convergence from 2.3813075569503308e-04 to 2.3813075569503408e-04 seconds.
Warning: Simulation tolerance relaxed to achieve convergence from 2.3813075569505715e-04 to 2.3813075569505815e-04 seconds.
Warning: Simulation tolerance relaxed to achieve convergence from 2.3813075569506617e-04 to 2.3813075569506718e-04 seconds.
Warning: Simulation tolerance relaxed to achieve convergence from 2.3813075569511331e-04 to 2.3813075569511431e-04 seconds.
Warning: Simulation tolerance relaxed to achieve convergence from 2.3813075569511532e-04 to 2.3813075569511632e-04 seconds.
Warning: Simulation tolerance relaxed to achieve convergence from 2.3813075569512434e-04 to 2.3813075569512534e-04 seconds.
Warning: Simulation tolerance relaxed to achieve convergence from 2.3813075569512936e-04 to 2.3813075569513036e-04 seconds.
Warning: Simulation tolerance relaxed to achieve convergence from 2.3813075569513136e-04 to 2.3813075569513236e-04 seconds.
Warning: Simulation tolerance relaxed to achieve convergence from 2.3813075569513437e-04 to 2.3813075569513537e-04 seconds.
Warning: Simulation tolerance relaxed to achieve convergence from 2.3813075569513638e-04 to 2.3813075569513738e-04 seconds.
Warning: Simulation tolerance relaxed to achieve convergence from 2.3813075569515042e-04 to 2.3813075569515142e-04 seconds.
Warning: Simulation tolerance relaxed to achieve convergence from 2.3813075569526374e-04 to 2.3813075569526475e-04 seconds.
Warning: Simulation tolerance relaxed to achieve convergence from 2.3813075569527377e-04 to 2.3813075569527477e-04 seconds.
Warning: Simulation tolerance relaxed to achieve convergence from 2.3813075569527578e-04 to 2.3813075569527678e-04 seconds.
Warning: Simulation tolerance relaxed to achieve convergence from 2.3813075569529182e-04 to 2.3813075569529283e-04 seconds.
Warning: Simulation tolerance relaxed to achieve convergence from 2.3813075569529383e-04 to 2.3813075569529483e-04 seconds.
Warning: Simulation tolerance relaxed to achieve convergence from 2.3813075569531489e-04 to 2.3813075569531589e-04 seconds.
Warning: Simulation tolerance relaxed to achieve convergence from 2.3813075569532492e-04 to 2.3813075569532592e-04 seconds.
Warning: Simulation tolerance relaxed to achieve convergence from 2.3813075569536002e-04 to 2.3813075569536102e-04 seconds.
Warning: Simulation tolerance relaxed to achieve convergence from 2.3813075569536203e-04 to 2.3813075569536303e-04 seconds.
Warning: Simulation tolerance relaxed to achieve convergence from 2.3813075569538208e-04 to 2.3813075569538309e-04 seconds.
Warning: Simulation tolerance relaxed to achieve convergence from 2.3813075569540916e-04 to 2.3813075569541016e-04 seconds.
Warning: Simulation tolerance relaxed to achieve convergence from 2.3813075569541117e-04 to 2.3813075569541217e-04 seconds.
Warning: Simulation tolerance relaxed to achieve convergence from 2.3813075569541618e-04 to 2.3813075569541718e-04 seconds.
Warning: Simulation tolerance relaxed to achieve convergence from 2.3813075569542120e-04 to 2.3813075569542220e-04 seconds.
Warning: Simulation tolerance relaxed to achieve convergence from 2.3813075569542420e-04 to 2.3813075569542521e-04 seconds.
Warning: Simulation tolerance relaxed to achieve convergence from 2.3813075569542922e-04 to 2.3813075569543022e-04 seconds.
Warning: Simulation tolerance relaxed to achieve convergence from 2.3813075569544226e-04 to 2.3813075569544326e-04 seconds.
Warning: Simulation tolerance relaxed to achieve convergence from 2.3813075569544928e-04 to 2.3813075569545028e-04 seconds.
Warning: Simulation tolerance relaxed to achieve convergence from 2.3813075569546733e-04 to 2.3813075569546833e-04 seconds.
Warning: Simulation tolerance relaxed to achieve convergence from 2.3813075569549340e-04 to 2.3813075569549441e-04 seconds.
Warning: Simulation tolerance relaxed to achieve convergence from 2.3813075569549942e-04 to 2.3813075569550042e-04 seconds.
Warning: Simulation tolerance relaxed to achieve convergence from 2.3813075569556461e-04 to 2.3813075569556561e-04 seconds.
Warning: Simulation tolerance relaxed to achieve convergence from 2.3813075569561074e-04 to 2.3813075569561174e-04 seconds.
Warning: Simulation tolerance relaxed to achieve convergence from 2.3813075569561475e-04 to 2.3813075569561576e-04 seconds.
Warning: Simulation tolerance relaxed to achieve convergence from 2.3813075569562779e-04 to 2.3813075569562879e-04 seconds.
Warning: Simulation tolerance relaxed to achieve convergence from 2.3813075569564083e-04 to 2.3813075569564183e-04 seconds.
Warning: Simulation tolerance relaxed to achieve convergence from 2.3813075569570401e-04 to 2.3813075569570501e-04 seconds.
Warning: Simulation tolerance relaxed to achieve convergence from 2.3813075569570602e-04 to 2.3813075569570702e-04 seconds.
Warning: Simulation tolerance relaxed to achieve convergence from 2.3813075569576920e-04 to 2.3813075569577020e-04 seconds.
Warning: Simulation tolerance relaxed to achieve convergence from 2.3813075569578023e-04 to 2.3813075569578123e-04 seconds.
Warning: Simulation tolerance relaxed to achieve convergence from 2.3813075569582235e-04 to 2.3813075569582335e-04 seconds.
Warning: Simulation tolerance relaxed to achieve convergence from 2.3813075569588854e-04 to 2.3813075569588954e-04 seconds.
Warning: Simulation tolerance relaxed to achieve convergence from 2.3813075569594671e-04 to 2.3813075569594771e-04 seconds.
Warning: Simulation tolerance relaxed to achieve convergence from 2.3813075569609514e-04 to 2.3813075569609614e-04 seconds.
Warning: Simulation tolerance relaxed to achieve convergence from 2.3813075569611018e-04 to 2.3813075569611118e-04 seconds.
Warning: Simulation tolerance relaxed to achieve convergence from 2.3813075569611921e-04 to 2.3813075569612021e-04 seconds.
Warning: Simulation tolerance relaxed to achieve convergence from 2.3813075569612121e-04 to 2.3813075569612221e-04 seconds.
Warning: Simulation tolerance relaxed to achieve convergence from 2.3813075569612322e-04 to 2.3813075569612422e-04 seconds.
Warning: Simulation tolerance relaxed to achieve convergence from 2.3813075569612923e-04 to 2.3813075569613024e-04 seconds.
Warning: Simulation tolerance relaxed to achieve convergence from 2.3813075569613425e-04 to 2.3813075569613525e-04 seconds.
Warning: Simulation tolerance relaxed to achieve convergence from 2.3813075569613726e-04 to 2.3813075569613826e-04 seconds.
Warning: Simulation tolerance relaxed to achieve convergence from 2.3813075569615431e-04 to 2.3813075569615531e-04 seconds.
Warning: Simulation tolerance relaxed to achieve convergence from 2.3813075569619442e-04 to 2.3813075569619542e-04 seconds.
Warning: Simulation tolerance relaxed to achieve convergence from 2.3813075569624356e-04 to 2.3813075569624457e-04 seconds.
Warning: Simulation tolerance relaxed to achieve convergence from 2.3813075569626763e-04 to 2.3813075569626864e-04 seconds.
Warning: Simulation tolerance relaxed to achieve convergence from 2.3813075569631276e-04 to 2.3813075569631377e-04 seconds.
Warning: Simulation tolerance relaxed to achieve convergence from 2.3813075569631477e-04 to 2.3813075569631577e-04 seconds.
Warning: Simulation tolerance relaxed to achieve convergence from 2.3813075569638798e-04 to 2.3813075569638898e-04 seconds.
Warning: Simulation tolerance relaxed to achieve convergence from 2.3813075569639299e-04 to 2.3813075569639400e-04 seconds.
Warning: Simulation tolerance relaxed to achieve convergence from 2.3813075569640202e-04 to 2.3813075569640302e-04 seconds.
Warning: Simulation tolerance relaxed to achieve convergence from 2.3813075569640703e-04 to 2.3813075569640804e-04 seconds.
Warning: Simulation tolerance relaxed to achieve convergence from 2.3813075569641305e-04 to 2.3813075569641405e-04 seconds.
Warning: Simulation tolerance relaxed to achieve convergence from 2.3813075569647623e-04 to 2.3813075569647724e-04 seconds.
Warning: Simulation tolerance relaxed to achieve convergence from 2.3813075569647824e-04 to 2.3813075569647924e-04 seconds.
Warning: Simulation tolerance relaxed to achieve convergence from 2.3813075569652036e-04 to 2.3813075569652136e-04 seconds.
Warning: Simulation tolerance relaxed to achieve convergence from 2.3813075569652638e-04 to 2.3813075569652738e-04 seconds.
Warning: Simulation tolerance relaxed to achieve convergence from 2.3813075569653540e-04 to 2.3813075569653641e-04 seconds.
Warning: Simulation tolerance relaxed to achieve convergence from 2.3813075569655546e-04 to 2.3813075569655646e-04 seconds.
Warning: Simulation tolerance relaxed to achieve convergence from 2.3813075569657251e-04 to 2.3813075569657351e-04 seconds.
Warning: Simulation tolerance relaxed to achieve convergence from 2.3813075569657752e-04 to 2.3813075569657853e-04 seconds.
Warning: Simulation tolerance relaxed to achieve convergence from 2.3813075569671893e-04 to 2.3813075569671993e-04 seconds.
Warning: Simulation tolerance relaxed to achieve convergence from 2.3813075569675905e-04 to 2.3813075569676005e-04 seconds.
Warning: Simulation tolerance relaxed to achieve convergence from 2.3813075569677208e-04 to 2.3813075569677309e-04 seconds.
Warning: Simulation tolerance relaxed to achieve convergence from 2.3813075569677409e-04 to 2.3813075569677509e-04 seconds.
Warning: Simulation tolerance relaxed to achieve convergence from 2.3813075569678211e-04 to 2.3813075569678312e-04 seconds.
Warning: Simulation tolerance relaxed to achieve convergence from 2.3813075569679415e-04 to 2.3813075569679515e-04 seconds.
Warning: Simulation tolerance relaxed to achieve convergence from 2.3813075569680919e-04 to 2.3813075569681019e-04 seconds.
Warning: Simulation tolerance relaxed to achieve convergence from 2.3813075569682123e-04 to 2.3813075569682223e-04 seconds.
Warning: Simulation tolerance relaxed to achieve convergence from 2.3813075569683125e-04 to 2.3813075569683226e-04 seconds.
Warning: Simulation tolerance relaxed to achieve convergence from 2.3813075569685031e-04 to 2.3813075569685131e-04 seconds.
Warning: Simulation tolerance relaxed to achieve convergence from 2.3813075569687137e-04 to 2.3813075569687237e-04 seconds.
Warning: Simulation tolerance relaxed to achieve convergence from 2.3813075569687438e-04 to 2.3813075569687538e-04 seconds.
Warning: Simulation tolerance relaxed to achieve convergence from 2.3813075569693255e-04 to 2.3813075569693355e-04 seconds.
Warning: Simulation tolerance relaxed to achieve convergence from 2.3813075569693455e-04 to 2.3813075569693556e-04 seconds.
Warning: Simulation tolerance relaxed to achieve convergence from 2.3813075569695461e-04 to 2.3813075569695561e-04 seconds.
Warning: Simulation tolerance relaxed to achieve convergence from 2.3813075569695962e-04 to 2.3813075569696063e-04 seconds.
Warning: Simulation tolerance relaxed to achieve convergence from 2.3813075569696163e-04 to 2.3813075569696263e-04 seconds.
Warning: Simulation tolerance relaxed to achieve convergence from 2.3813075569696364e-04 to 2.3813075569696464e-04 seconds.
Warning: Simulation tolerance relaxed to achieve convergence from 2.3813075569696865e-04 to 2.3813075569696965e-04 seconds.
Warning: Simulation tolerance relaxed to achieve convergence from 2.3813075569698670e-04 to 2.3813075569698771e-04 seconds.
Warning: Simulation tolerance relaxed to achieve convergence from 2.3813075569710203e-04 to 2.3813075569710304e-04 seconds.
Warning: Simulation tolerance relaxed to achieve convergence from 2.3813075569711206e-04 to 2.3813075569711307e-04 seconds.
Warning: Simulation tolerance relaxed to achieve convergence from 2.3813075569713714e-04 to 2.3813075569713814e-04 seconds.
Warning: Simulation tolerance relaxed to achieve convergence from 2.3813075569715017e-04 to 2.3813075569715118e-04 seconds.
Warning: Simulation tolerance relaxed to achieve convergence from 2.3813075569715318e-04 to 2.3813075569715418e-04 seconds.
Warning: Simulation tolerance relaxed to achieve convergence from 2.3813075569728155e-04 to 2.3813075569728255e-04 seconds.
Warning: Simulation tolerance relaxed to achieve convergence from 2.3813075569728356e-04 to 2.3813075569728456e-04 seconds.
Warning: Simulation tolerance relaxed to achieve convergence from 2.3813075569728556e-04 to 2.3813075569728657e-04 seconds.
Warning: Simulation tolerance relaxed to achieve convergence from 2.3813075569734473e-04 to 2.3813075569734574e-04 seconds.
Warning: Simulation tolerance relaxed to achieve convergence from 2.3813075569735376e-04 to 2.3813075569735476e-04 seconds.
Warning: Simulation tolerance relaxed to achieve convergence from 2.3813075569738786e-04 to 2.3813075569738886e-04 seconds.
Warning: Simulation tolerance relaxed to achieve convergence from 2.3813075569739688e-04 to 2.3813075569739789e-04 seconds.
Warning: Simulation tolerance relaxed to achieve convergence from 2.3813075569741494e-04 to 2.3813075569741594e-04 seconds.
Warning: Simulation tolerance relaxed to achieve convergence from 2.3813075569741694e-04 to 2.3813075569741794e-04 seconds.
Warning: Simulation tolerance relaxed to achieve convergence from 2.3813075569742396e-04 to 2.3813075569742496e-04 seconds.
Warning: Simulation tolerance relaxed to achieve convergence from 2.3813075569742597e-04 to 2.3813075569742697e-04 seconds.
Warning: Simulation tolerance relaxed to achieve convergence from 2.3813075569743198e-04 to 2.3813075569743299e-04 seconds.
Warning: Simulation tolerance relaxed to achieve convergence from 2.3813075569743800e-04 to 2.3813075569743900e-04 seconds.
Warning: Simulation tolerance relaxed to achieve convergence from 2.3813075569744001e-04 to 2.3813075569744101e-04 seconds.
Warning: Simulation tolerance relaxed to achieve convergence from 2.3813075569746709e-04 to 2.3813075569746809e-04 seconds.
Warning: Simulation tolerance relaxed to achieve convergence from 2.3813075569752425e-04 to 2.3813075569752525e-04 seconds.
Warning: Simulation tolerance relaxed to achieve convergence from 2.3813075569752626e-04 to 2.3813075569752726e-04 seconds.
Warning: Simulation tolerance relaxed to achieve convergence from 2.3813075569760047e-04 to 2.3813075569760147e-04 seconds.
Warning: Simulation tolerance relaxed to achieve convergence from 2.3813075569761652e-04 to 2.3813075569761752e-04 seconds.
Warning: Simulation tolerance relaxed to achieve convergence from 2.3813075569762554e-04 to 2.3813075569762654e-04 seconds.
Warning: Simulation tolerance relaxed to achieve convergence from 2.3813075569766666e-04 to 2.3813075569766766e-04 seconds.
Warning: Simulation tolerance relaxed to achieve convergence from 2.3813075569767869e-04 to 2.3813075569767970e-04 seconds.
Warning: Simulation tolerance relaxed to achieve convergence from 2.3813075569768070e-04 to 2.3813075569768170e-04 seconds.
Warning: Simulation tolerance relaxed to achieve convergence from 2.3813075569768271e-04 to 2.3813075569768371e-04 seconds.
Warning: Simulation tolerance relaxed to achieve convergence from 2.3813075569768772e-04 to 2.3813075569768872e-04 seconds.
Warning: Simulation tolerance relaxed to achieve convergence from 2.3813075569771179e-04 to 2.3813075569771279e-04 seconds.
Warning: Simulation tolerance relaxed to achieve convergence from 2.3813075569771480e-04 to 2.3813075569771580e-04 seconds.
Warning: Simulation tolerance relaxed to achieve convergence from 2.3813075569772683e-04 to 2.3813075569772784e-04 seconds.
Warning: Simulation tolerance relaxed to achieve convergence from 2.3813075569774388e-04 to 2.3813075569774489e-04 seconds.
Warning: Simulation tolerance relaxed to achieve convergence from 2.3813075569778099e-04 to 2.3813075569778199e-04 seconds.
Warning: Simulation tolerance relaxed to achieve convergence from 2.3813075569779001e-04 to 2.3813075569779102e-04 seconds.
Warning: Simulation tolerance relaxed to achieve convergence from 2.3813075569784116e-04 to 2.3813075569784217e-04 seconds.
Warning: Simulation tolerance relaxed to achieve convergence from 2.3813075569784718e-04 to 2.3813075569784818e-04 seconds.
Warning: Simulation tolerance relaxed to achieve convergence from 2.3813075569785921e-04 to 2.3813075569786022e-04 seconds.
Warning: Simulation tolerance relaxed to achieve convergence from 2.3813075569786924e-04 to 2.3813075569787025e-04 seconds.
Warning: Simulation tolerance relaxed to achieve convergence from 2.3813075569789331e-04 to 2.3813075569789432e-04 seconds.
Warning: Simulation tolerance relaxed to achieve convergence from 2.3813075569789532e-04 to 2.3813075569789632e-04 seconds.
Warning: Simulation tolerance relaxed to achieve convergence from 2.3813075569791838e-04 to 2.3813075569791939e-04 seconds.
Warning: Simulation tolerance relaxed to achieve convergence from 2.3813075569794546e-04 to 2.3813075569794647e-04 seconds.
Warning: Simulation tolerance relaxed to achieve convergence from 2.3813075569797455e-04 to 2.3813075569797555e-04 seconds.
Warning: Simulation tolerance relaxed to achieve convergence from 2.3813075569798157e-04 to 2.3813075569798257e-04 seconds.
Warning: Simulation tolerance relaxed to achieve convergence from 2.3813075569798357e-04 to 2.3813075569798458e-04 seconds.
Warning: Simulation tolerance relaxed to achieve convergence from 2.3813075569808787e-04 to 2.3813075569808888e-04 seconds.
Warning: Simulation tolerance relaxed to achieve convergence from 2.3813075569808988e-04 to 2.3813075569809088e-04 seconds.
Warning: Simulation tolerance relaxed to achieve convergence from 2.3813075569809489e-04 to 2.3813075569809590e-04 seconds.
Warning: Simulation tolerance relaxed to achieve convergence from 2.3813075569810091e-04 to 2.3813075569810191e-04 seconds.
Warning: Simulation tolerance relaxed to achieve convergence from 2.3813075569814103e-04 to 2.3813075569814203e-04 seconds.
Warning: Simulation tolerance relaxed to achieve convergence from 2.3813075569816008e-04 to 2.3813075569816108e-04 seconds.
Warning: Simulation tolerance relaxed to achieve convergence from 2.3813075569817211e-04 to 2.3813075569817312e-04 seconds.
Warning: Simulation tolerance relaxed to achieve convergence from 2.3813075569817512e-04 to 2.3813075569817613e-04 seconds.
Warning: Simulation tolerance relaxed to achieve convergence from 2.3813075569819217e-04 to 2.3813075569819318e-04 seconds.
Warning: Simulation tolerance relaxed to achieve convergence from 2.3813075569819819e-04 to 2.3813075569819919e-04 seconds.
Warning: Simulation tolerance relaxed to achieve convergence from 2.3813075569824533e-04 to 2.3813075569824633e-04 seconds.
Warning: Simulation tolerance relaxed to achieve convergence from 2.3813075569826538e-04 to 2.3813075569826639e-04 seconds.
Warning: Simulation tolerance relaxed to achieve convergence from 2.3813075569826839e-04 to 2.3813075569826939e-04 seconds.
Warning: Simulation tolerance relaxed to achieve convergence from 2.3813075569828143e-04 to 2.3813075569828243e-04 seconds.
Warning: Simulation tolerance relaxed to achieve convergence from 2.3813075569828845e-04 to 2.3813075569828945e-04 seconds.
Warning: Simulation tolerance relaxed to achieve convergence from 2.3813075569829046e-04 to 2.3813075569829146e-04 seconds.
Warning: Simulation tolerance relaxed to achieve convergence from 2.3813075569837670e-04 to 2.3813075569837771e-04 seconds.
Warning: Simulation tolerance relaxed to achieve convergence from 2.3813075569838372e-04 to 2.3813075569838473e-04 seconds.
Warning: Simulation tolerance relaxed to achieve convergence from 2.3813075569840077e-04 to 2.3813075569840178e-04 seconds.
Warning: Simulation tolerance relaxed to achieve convergence from 2.3813075569840378e-04 to 2.3813075569840478e-04 seconds.
Warning: Simulation tolerance relaxed to achieve convergence from 2.3813075569842284e-04 to 2.3813075569842384e-04 seconds.
Warning: Simulation tolerance relaxed to achieve convergence from 2.3813075569842585e-04 to 2.3813075569842685e-04 seconds.
Warning: Simulation tolerance relaxed to achieve convergence from 2.3813075569843587e-04 to 2.3813075569843688e-04 seconds.
Warning: Simulation tolerance relaxed to achieve convergence from 2.3813075569844089e-04 to 2.3813075569844189e-04 seconds.
Warning: Simulation tolerance relaxed to achieve convergence from 2.3813075569844390e-04 to 2.3813075569844490e-04 seconds.
Warning: Simulation tolerance relaxed to achieve convergence from 2.3813075569844891e-04 to 2.3813075569844991e-04 seconds.
Warning: Simulation tolerance relaxed to achieve convergence from 2.3813075569851209e-04 to 2.3813075569851310e-04 seconds.
Warning: Simulation tolerance relaxed to achieve convergence from 2.3813075569851410e-04 to 2.3813075569851510e-04 seconds.
Warning: Simulation tolerance relaxed to achieve convergence from 2.3813075569852012e-04 to 2.3813075569852112e-04 seconds.
Warning: Simulation tolerance relaxed to achieve convergence from 2.3813075569852212e-04 to 2.3813075569852313e-04 seconds.
Warning: Simulation tolerance relaxed to achieve convergence from 2.3813075569852513e-04 to 2.3813075569852613e-04 seconds.
Warning: Simulation tolerance relaxed to achieve convergence from 2.3813075569852714e-04 to 2.3813075569852814e-04 seconds.
Warning: Simulation tolerance relaxed to achieve convergence from 2.3813075569854719e-04 to 2.3813075569854820e-04 seconds.
Warning: Simulation tolerance relaxed to achieve convergence from 2.3813075569856324e-04 to 2.3813075569856424e-04 seconds.
Warning: Simulation tolerance relaxed to achieve convergence from 2.3813075569857026e-04 to 2.3813075569857126e-04 seconds.
Warning: Simulation tolerance relaxed to achieve convergence from 2.3813075569857728e-04 to 2.3813075569857828e-04 seconds.
Warning: Simulation tolerance relaxed to achieve convergence from 2.3813075569857929e-04 to 2.3813075569858029e-04 seconds.
Warning: Simulation tolerance relaxed to achieve convergence from 2.3813075569860636e-04 to 2.3813075569860737e-04 seconds.
Warning: Simulation tolerance relaxed to achieve convergence from 2.3813075569864347e-04 to 2.3813075569864447e-04 seconds.
Warning: Simulation tolerance relaxed to achieve convergence from 2.3813075569866654e-04 to 2.3813075569866754e-04 seconds.
Warning: Simulation tolerance relaxed to achieve convergence from 2.3813075569870665e-04 to 2.3813075569870766e-04 seconds.
Warning: Simulation tolerance relaxed to achieve convergence from 2.3813075569872872e-04 to 2.3813075569872972e-04 seconds.
Warning: Simulation tolerance relaxed to achieve convergence from 2.3813075569873473e-04 to 2.3813075569873574e-04 seconds.
Warning: Simulation tolerance relaxed to achieve convergence from 2.3813075569874476e-04 to 2.3813075569874577e-04 seconds.
Warning: Simulation tolerance relaxed to achieve convergence from 2.3813075569876482e-04 to 2.3813075569876582e-04 seconds.
Warning: Simulation tolerance relaxed to achieve convergence from 2.3813075569879591e-04 to 2.3813075569879691e-04 seconds.
Warning: Simulation tolerance relaxed to achieve convergence from 2.3813075569879792e-04 to 2.3813075569879892e-04 seconds.
Warning: Simulation tolerance relaxed to achieve convergence from 2.3813075569882499e-04 to 2.3813075569882600e-04 seconds.
Warning: Simulation tolerance relaxed to achieve convergence from 2.3813075569882700e-04 to 2.3813075569882800e-04 seconds.
Warning: Simulation tolerance relaxed to achieve convergence from 2.3813075569903761e-04 to 2.3813075569903861e-04 seconds.
Warning: Simulation tolerance relaxed to achieve convergence from 2.3813075569904362e-04 to 2.3813075569904463e-04 seconds.
Warning: Simulation tolerance relaxed to achieve convergence from 2.3813075569904563e-04 to 2.3813075569904663e-04 seconds.
Warning: Simulation tolerance relaxed to achieve convergence from 2.3813075569904764e-04 to 2.3813075569904864e-04 seconds.
Warning: Simulation tolerance relaxed to achieve convergence from 2.3813075569905466e-04 to 2.3813075569905566e-04 seconds.
Warning: Simulation tolerance relaxed to achieve convergence from 2.3813075569906067e-04 to 2.3813075569906168e-04 seconds.
Warning: Simulation tolerance relaxed to achieve convergence from 2.3813075569908374e-04 to 2.3813075569908474e-04 seconds.
Warning: Simulation tolerance relaxed to achieve convergence from 2.3813075569908976e-04 to 2.3813075569909076e-04 seconds.
Warning: Simulation tolerance relaxed to achieve convergence from 2.3813075569909477e-04 to 2.3813075569909577e-04 seconds.
Warning: Simulation tolerance relaxed to achieve convergence from 2.3813075569911483e-04 to 2.3813075569911583e-04 seconds.
Warning: Simulation tolerance relaxed to achieve convergence from 2.3813075569921311e-04 to 2.3813075569921411e-04 seconds.
Warning: Simulation tolerance relaxed to achieve convergence from 2.3813075569930337e-04 to 2.3813075569930437e-04 seconds.
Warning: Simulation tolerance relaxed to achieve convergence from 2.3813075569934549e-04 to 2.3813075569934650e-04 seconds.
Warning: Simulation tolerance relaxed to achieve convergence from 2.3813075569935853e-04 to 2.3813075569935953e-04 seconds.
Warning: Simulation tolerance relaxed to achieve convergence from 2.3813075569937257e-04 to 2.3813075569937357e-04 seconds.
Warning: Simulation tolerance relaxed to achieve convergence from 2.3813075569937458e-04 to 2.3813075569937558e-04 seconds.
Warning: Simulation tolerance relaxed to achieve convergence from 2.3813075569937658e-04 to 2.3813075569937759e-04 seconds.
Warning: Simulation tolerance relaxed to achieve convergence from 2.3813075569937959e-04 to 2.3813075569938059e-04 seconds.
Warning: Simulation tolerance relaxed to achieve convergence from 2.3813075569938160e-04 to 2.3813075569938260e-04 seconds.
Warning: Simulation tolerance relaxed to achieve convergence from 2.3813075569938360e-04 to 2.3813075569938461e-04 seconds.
Warning: Simulation tolerance relaxed to achieve convergence from 2.3813075569938862e-04 to 2.3813075569938962e-04 seconds.
Warning: Simulation tolerance relaxed to achieve convergence from 2.3813075569948891e-04 to 2.3813075569948991e-04 seconds.
Warning: Simulation tolerance relaxed to achieve convergence from 2.3813075569950094e-04 to 2.3813075569950194e-04 seconds.
Warning: Simulation tolerance relaxed to achieve convergence from 2.3813075569950595e-04 to 2.3813075569950696e-04 seconds.
Warning: Simulation tolerance relaxed to achieve convergence from 2.3813075569952702e-04 to 2.3813075569952802e-04 seconds.
Warning: Simulation tolerance relaxed to achieve convergence from 2.3813075569953905e-04 to 2.3813075569954005e-04 seconds.
Warning: Simulation tolerance relaxed to achieve convergence from 2.3813075569956212e-04 to 2.3813075569956312e-04 seconds.
Warning: Simulation tolerance relaxed to achieve convergence from 2.3813075569956914e-04 to 2.3813075569957014e-04 seconds.
Warning: Simulation tolerance relaxed to achieve convergence from 2.3813075569958819e-04 to 2.3813075569958919e-04 seconds.
Warning: Simulation tolerance relaxed to achieve convergence from 2.3813075569959421e-04 to 2.3813075569959521e-04 seconds.
Warning: Simulation tolerance relaxed to achieve convergence from 2.3813075569960023e-04 to 2.3813075569960123e-04 seconds.
Warning: Simulation tolerance relaxed to achieve convergence from 2.3813075569961226e-04 to 2.3813075569961326e-04 seconds.
Warning: Simulation tolerance relaxed to achieve convergence from 2.3813075569980682e-04 to 2.3813075569980782e-04 seconds.
Warning: Simulation tolerance relaxed to achieve convergence from 2.3813075569980883e-04 to 2.3813075569980983e-04 seconds.
Warning: Simulation tolerance relaxed to achieve convergence from 2.3813075569981083e-04 to 2.3813075569981184e-04 seconds.
Warning: Simulation tolerance relaxed to achieve convergence from 2.3813075569993018e-04 to 2.3813075569993118e-04 seconds.
Warning: Simulation tolerance relaxed to achieve convergence from 2.3813075569993619e-04 to 2.3813075569993720e-04 seconds.
Warning: Simulation tolerance relaxed to achieve convergence from 2.3813075570006757e-04 to 2.3813075570006857e-04 seconds.
Warning: Simulation tolerance relaxed to achieve convergence from 2.3813075570006958e-04 to 2.3813075570007058e-04 seconds.
Warning: Simulation tolerance relaxed to achieve convergence from 2.3813075570009365e-04 to 2.3813075570009465e-04 seconds.
Warning: Simulation tolerance relaxed to achieve convergence from 2.3813075570010969e-04 to 2.3813075570011070e-04 seconds.
Warning: Simulation tolerance relaxed to achieve convergence from 2.3813075570015081e-04 to 2.3813075570015181e-04 seconds.
Warning: Simulation tolerance relaxed to achieve convergence from 2.3813075570030927e-04 to 2.3813075570031027e-04 seconds.
Warning: Simulation tolerance relaxed to achieve convergence from 2.3813075570034036e-04 to 2.3813075570034136e-04 seconds.
Warning: Simulation tolerance relaxed to achieve convergence from 2.3813075570034537e-04 to 2.3813075570034637e-04 seconds.
Warning: Simulation tolerance relaxed to achieve convergence from 2.3813075570036944e-04 to 2.3813075570037044e-04 seconds.
Warning: Simulation tolerance relaxed to achieve convergence from 2.3813075570053492e-04 to 2.3813075570053592e-04 seconds.
Warning: Simulation tolerance relaxed to achieve convergence from 2.3813075570062618e-04 to 2.3813075570062718e-04 seconds.
Warning: Simulation tolerance relaxed to achieve convergence from 2.3813075570069337e-04 to 2.3813075570069438e-04 seconds.
Warning: Simulation tolerance relaxed to achieve convergence from 2.3813075570070541e-04 to 2.3813075570070641e-04 seconds.
Warning: Simulation tolerance relaxed to achieve convergence from 2.3813075570070741e-04 to 2.3813075570070842e-04 seconds.
Warning: Simulation tolerance relaxed to achieve convergence from 2.3813075570071845e-04 to 2.3813075570071945e-04 seconds.
Warning: Simulation tolerance relaxed to achieve convergence from 2.3813075570072145e-04 to 2.3813075570072246e-04 seconds.
Warning: Simulation tolerance relaxed to achieve convergence from 2.3813075570072346e-04 to 2.3813075570072446e-04 seconds.
Warning: Simulation tolerance relaxed to achieve convergence from 2.3813075570072547e-04 to 2.3813075570072647e-04 seconds.
Warning: Simulation tolerance relaxed to achieve convergence from 2.3813075570073249e-04 to 2.3813075570073349e-04 seconds.
Warning: Simulation tolerance relaxed to achieve convergence from 2.3813075570074151e-04 to 2.3813075570074251e-04 seconds.
Warning: Simulation tolerance relaxed to achieve convergence from 2.3813075570074753e-04 to 2.3813075570074853e-04 seconds.
Warning: Simulation tolerance relaxed to achieve convergence from 2.3813075570075756e-04 to 2.3813075570075856e-04 seconds.
Warning: Simulation tolerance relaxed to achieve convergence from 2.3813075570076357e-04 to 2.3813075570076458e-04 seconds.
Warning: Simulation tolerance relaxed to achieve convergence from 2.3813075570077360e-04 to 2.3813075570077461e-04 seconds.
Warning: Simulation tolerance relaxed to achieve convergence from 2.3813075570077661e-04 to 2.3813075570077762e-04 seconds.
Warning: Simulation tolerance relaxed to achieve convergence from 2.3813075570077862e-04 to 2.3813075570077962e-04 seconds.
Warning: Simulation tolerance relaxed to achieve convergence from 2.3813075570083779e-04 to 2.3813075570083879e-04 seconds.
Warning: Simulation tolerance relaxed to achieve convergence from 2.3813075570087891e-04 to 2.3813075570087991e-04 seconds.
Warning: Simulation tolerance relaxed to achieve convergence from 2.3813075570088392e-04 to 2.3813075570088492e-04 seconds.
Warning: Simulation tolerance relaxed to achieve convergence from 2.3813075570089295e-04 to 2.3813075570089395e-04 seconds.
Warning: Simulation tolerance relaxed to achieve convergence from 2.3813075570091200e-04 to 2.3813075570091301e-04 seconds.
Warning: Simulation tolerance relaxed to achieve convergence from 2.3813075570091702e-04 to 2.3813075570091802e-04 seconds.
Warning: Simulation tolerance relaxed to achieve convergence from 2.3813075570279041e-04 to 2.3813075570279141e-04 seconds.
Warning: Simulation tolerance relaxed to achieve convergence from 2.3813075570281548e-04 to 2.3813075570281648e-04 seconds.
Warning: Simulation tolerance relaxed to achieve convergence from 2.3813075570294084e-04 to 2.3813075570294185e-04 seconds.
Warning: Simulation tolerance relaxed to achieve convergence from 2.3813075570294686e-04 to 2.3813075570294786e-04 seconds.
Warning: Simulation tolerance relaxed to achieve convergence from 2.3813075570296692e-04 to 2.3813075570296792e-04 seconds.
Warning: Simulation tolerance relaxed to achieve convergence from 2.3813075570299299e-04 to 2.3813075570299400e-04 seconds.
Warning: Simulation tolerance relaxed to achieve convergence from 2.3813075570300102e-04 to 2.3813075570300202e-04 seconds.
Warning: Simulation tolerance relaxed to achieve convergence from 2.3813075570302308e-04 to 2.3813075570302408e-04 seconds.
Warning: Simulation tolerance relaxed to achieve convergence from 2.3813075570305216e-04 to 2.3813075570305317e-04 seconds.
Warning: Simulation tolerance relaxed to achieve convergence from 2.3813075570305417e-04 to 2.3813075570305517e-04 seconds.
Warning: Simulation tolerance relaxed to achieve convergence from 2.3813075570305617e-04 to 2.3813075570305718e-04 seconds.
Warning: Simulation tolerance relaxed to achieve convergence from 2.3813075570305818e-04 to 2.3813075570305918e-04 seconds.
Warning: Simulation tolerance relaxed to achieve convergence from 2.3813075570354257e-04 to 2.3813075570354358e-04 seconds.
Warning: Simulation tolerance relaxed to achieve convergence from 2.3813075570362983e-04 to 2.3813075570363083e-04 seconds.
Warning: Simulation tolerance relaxed to achieve convergence from 2.3813075570363283e-04 to 2.3813075570363384e-04 seconds.
Warning: Simulation tolerance relaxed to achieve convergence from 2.3813075570363484e-04 to 2.3813075570363584e-04 seconds.
Warning: Simulation tolerance relaxed to achieve convergence from 2.3813075570363685e-04 to 2.3813075570363785e-04 seconds.
Warning: Simulation tolerance relaxed to achieve convergence from 2.3813075570386450e-04 to 2.3813075570386550e-04 seconds.
Warning: Simulation tolerance relaxed to achieve convergence from 2.3813075570389659e-04 to 2.3813075570389760e-04 seconds.
Warning: Simulation tolerance relaxed to achieve convergence from 2.3813075570391465e-04 to 2.3813075570391565e-04 seconds.
Warning: Simulation tolerance relaxed to achieve convergence from 2.3813075570392367e-04 to 2.3813075570392467e-04 seconds.
Warning: Simulation tolerance relaxed to achieve convergence from 2.3813075570396579e-04 to 2.3813075570396680e-04 seconds.
Warning: Simulation tolerance relaxed to achieve convergence from 2.3813075570397482e-04 to 2.3813075570397582e-04 seconds.
Warning: Simulation tolerance relaxed to achieve convergence from 2.3813075570399688e-04 to 2.3813075570399789e-04 seconds.
Warning: Simulation tolerance relaxed to achieve convergence from 2.3813075570400190e-04 to 2.3813075570400290e-04 seconds.
Warning: Simulation tolerance relaxed to achieve convergence from 2.3813075570409517e-04 to 2.3813075570409617e-04 seconds.
Warning: Simulation tolerance relaxed to achieve convergence from 2.3813075570410419e-04 to 2.3813075570410519e-04 seconds.
Warning: Simulation tolerance relaxed to achieve convergence from 2.3813075570410620e-04 to 2.3813075570410720e-04 seconds.
Warning: Simulation tolerance relaxed to achieve convergence from 2.3813075570411322e-04 to 2.3813075570411422e-04 seconds.
Warning: Simulation tolerance relaxed to achieve convergence from 2.3813075570412926e-04 to 2.3813075570413027e-04 seconds.
Warning: Simulation tolerance relaxed to achieve convergence from 2.3813075570435190e-04 to 2.3813075570435291e-04 seconds.
Warning: Simulation tolerance relaxed to achieve convergence from 2.3813075570436394e-04 to 2.3813075570436494e-04 seconds.
Warning: Simulation tolerance relaxed to achieve convergence from 2.3813075570436595e-04 to 2.3813075570436695e-04 seconds.
Warning: Simulation tolerance relaxed to achieve convergence from 2.3813075570437597e-04 to 2.3813075570437698e-04 seconds.
Warning: Simulation tolerance relaxed to achieve convergence from 2.3813075570438500e-04 to 2.3813075570438600e-04 seconds.
Warning: Simulation tolerance relaxed to achieve convergence from 2.3813075570443514e-04 to 2.3813075570443615e-04 seconds.
Warning: Simulation tolerance relaxed to achieve convergence from 2.3813075570447426e-04 to 2.3813075570447526e-04 seconds.
Warning: Simulation tolerance relaxed to achieve convergence from 2.3813075570450635e-04 to 2.3813075570450735e-04 seconds.
Warning: Simulation tolerance relaxed to achieve convergence from 2.3813075570451337e-04 to 2.3813075570451437e-04 seconds.
Warning: Simulation tolerance relaxed to achieve convergence from 2.3813075570451538e-04 to 2.3813075570451638e-04 seconds.
Warning: Simulation tolerance relaxed to achieve convergence from 2.3813075570453443e-04 to 2.3813075570453543e-04 seconds.
Warning: Simulation tolerance relaxed to achieve convergence from 2.3813075570453644e-04 to 2.3813075570453744e-04 seconds.
Warning: Simulation tolerance relaxed to achieve convergence from 2.3813075570455649e-04 to 2.3813075570455750e-04 seconds.
Warning: Simulation tolerance relaxed to achieve convergence from 2.3813075570455850e-04 to 2.3813075570455950e-04 seconds.
Warning: Simulation tolerance relaxed to achieve convergence from 2.3813075570456051e-04 to 2.3813075570456151e-04 seconds.
Warning: Simulation tolerance relaxed to achieve convergence from 2.3813075570470693e-04 to 2.3813075570470793e-04 seconds.
Warning: Simulation tolerance relaxed to achieve convergence from 2.3813075570476309e-04 to 2.3813075570476409e-04 seconds.
Warning: Simulation tolerance relaxed to achieve convergence from 2.3813075570476509e-04 to 2.3813075570476610e-04 seconds.
Warning: Simulation tolerance relaxed to achieve convergence from 2.3813075570476710e-04 to 2.3813075570476810e-04 seconds.
Warning: Simulation tolerance relaxed to achieve convergence from 2.3813075570478916e-04 to 2.3813075570479017e-04 seconds.
Warning: Simulation tolerance relaxed to achieve convergence from 2.3813075570479518e-04 to 2.3813075570479618e-04 seconds.
Warning: Simulation tolerance relaxed to achieve convergence from 2.3813075570480722e-04 to 2.3813075570480822e-04 seconds.
Warning: Simulation tolerance relaxed to achieve convergence from 2.3813075570481925e-04 to 2.3813075570482025e-04 seconds.
Warning: Simulation tolerance relaxed to achieve convergence from 2.3813075570483229e-04 to 2.3813075570483329e-04 seconds.
Warning: Simulation tolerance relaxed to achieve convergence from 2.3813075570483830e-04 to 2.3813075570483931e-04 seconds.
Warning: Simulation tolerance relaxed to achieve convergence from 2.3813075570494963e-04 to 2.3813075570495063e-04 seconds.
Warning: Simulation tolerance relaxed to achieve convergence from 2.3813075570506997e-04 to 2.3813075570507097e-04 seconds.
Warning: Simulation tolerance relaxed to achieve convergence from 2.3813075570507900e-04 to 2.3813075570508000e-04 seconds.
Warning: Simulation tolerance relaxed to achieve convergence from 2.3813075570510407e-04 to 2.3813075570510507e-04 seconds.
Warning: Simulation tolerance relaxed to achieve convergence from 2.3813075570510608e-04 to 2.3813075570510708e-04 seconds.
Warning: Simulation tolerance relaxed to achieve convergence from 2.3813075570514118e-04 to 2.3813075570514218e-04 seconds.
Warning: Simulation tolerance relaxed to achieve convergence from 2.3813075570514820e-04 to 2.3813075570514920e-04 seconds.
Warning: Simulation tolerance relaxed to achieve convergence from 2.3813075570515121e-04 to 2.3813075570515221e-04 seconds.
Warning: Simulation tolerance relaxed to achieve convergence from 2.3813075570523545e-04 to 2.3813075570523645e-04 seconds.
Warning: Simulation tolerance relaxed to achieve convergence from 2.3813075570523846e-04 to 2.3813075570523946e-04 seconds.
Warning: Simulation tolerance relaxed to achieve convergence from 2.3813075570524748e-04 to 2.3813075570524849e-04 seconds.
Warning: Simulation tolerance relaxed to achieve convergence from 2.3813075570525450e-04 to 2.3813075570525551e-04 seconds.
Warning: Simulation tolerance relaxed to achieve convergence from 2.3813075570526253e-04 to 2.3813075570526353e-04 seconds.
Warning: Simulation tolerance relaxed to achieve convergence from 2.3813075570529562e-04 to 2.3813075570529662e-04 seconds.
Warning: Simulation tolerance relaxed to achieve convergence from 2.3813075570534877e-04 to 2.3813075570534978e-04 seconds.
Warning: Simulation tolerance relaxed to achieve convergence from 2.3813075570535880e-04 to 2.3813075570535981e-04 seconds.
Warning: Simulation tolerance relaxed to achieve convergence from 2.3813075570541396e-04 to 2.3813075570541496e-04 seconds.
Warning: Simulation tolerance relaxed to achieve convergence from 2.3813075570541998e-04 to 2.3813075570542098e-04 seconds.
Warning: Simulation tolerance relaxed to achieve convergence from 2.3813075570542199e-04 to 2.3813075570542299e-04 seconds.
Warning: Simulation tolerance relaxed to achieve convergence from 2.3813075570551826e-04 to 2.3813075570551927e-04 seconds.
Warning: Simulation tolerance relaxed to achieve convergence from 2.3813075570556038e-04 to 2.3813075570556139e-04 seconds.
Warning: Simulation tolerance relaxed to achieve convergence from 2.3813075570556440e-04 to 2.3813075570556540e-04 seconds.
Warning: Simulation tolerance relaxed to achieve convergence from 2.3813075570558746e-04 to 2.3813075570558846e-04 seconds.
Warning: Simulation tolerance relaxed to achieve convergence from 2.3813075570560050e-04 to 2.3813075570560150e-04 seconds.
Warning: Simulation tolerance relaxed to achieve convergence from 2.3813075570561053e-04 to 2.3813075570561153e-04 seconds.
Warning: Simulation tolerance relaxed to achieve convergence from 2.3813075570562958e-04 to 2.3813075570563059e-04 seconds.
Warning: Simulation tolerance relaxed to achieve convergence from 2.3813075570566168e-04 to 2.3813075570566268e-04 seconds.
Warning: Simulation tolerance relaxed to achieve convergence from 2.3813075570572085e-04 to 2.3813075570572185e-04 seconds.
Warning: Simulation tolerance relaxed to achieve convergence from 2.3813075570572285e-04 to 2.3813075570572385e-04 seconds.
Warning: Simulation tolerance relaxed to achieve convergence from 2.3813075570577400e-04 to 2.3813075570577500e-04 seconds.
Warning: Simulation tolerance relaxed to achieve convergence from 2.3813075570578603e-04 to 2.3813075570578704e-04 seconds.
Warning: Simulation tolerance relaxed to achieve convergence from 2.3813075570582815e-04 to 2.3813075570582916e-04 seconds.
Warning: Simulation tolerance relaxed to achieve convergence from 2.3813075570583116e-04 to 2.3813075570583217e-04 seconds.
Warning: Simulation tolerance relaxed to achieve convergence from 2.3813075570584019e-04 to 2.3813075570584119e-04 seconds.
Warning: Simulation tolerance relaxed to achieve convergence from 2.3813075570587830e-04 to 2.3813075570587930e-04 seconds.
Warning: Simulation tolerance relaxed to achieve convergence from 2.3813075570588030e-04 to 2.3813075570588131e-04 seconds.
Warning: Simulation tolerance relaxed to achieve convergence from 2.3813075570588532e-04 to 2.3813075570588632e-04 seconds.
Warning: Simulation tolerance relaxed to achieve convergence from 2.3813075570589535e-04 to 2.3813075570589635e-04 seconds.
Warning: Simulation tolerance relaxed to achieve convergence from 2.3813075570590437e-04 to 2.3813075570590538e-04 seconds.
Warning: Simulation tolerance relaxed to achieve convergence from 2.3813075570591741e-04 to 2.3813075570591841e-04 seconds.
Warning: Simulation tolerance relaxed to achieve convergence from 2.3813075570592343e-04 to 2.3813075570592443e-04 seconds.
Warning: Simulation tolerance relaxed to achieve convergence from 2.3813075570592844e-04 to 2.3813075570592945e-04 seconds.
Warning: Simulation tolerance relaxed to achieve convergence from 2.3813075570594549e-04 to 2.3813075570594649e-04 seconds.
Warning: Simulation tolerance relaxed to achieve convergence from 2.3813075570595552e-04 to 2.3813075570595652e-04 seconds.
Warning: Simulation tolerance relaxed to achieve convergence from 2.3813075570598059e-04 to 2.3813075570598160e-04 seconds.
Warning: Simulation tolerance relaxed to achieve convergence from 2.3813075570598360e-04 to 2.3813075570598460e-04 seconds.
Warning: Simulation tolerance relaxed to achieve convergence from 2.3813075570600366e-04 to 2.3813075570600466e-04 seconds.
Warning: Simulation tolerance relaxed to achieve convergence from 2.3813075570601068e-04 to 2.3813075570601168e-04 seconds.
Warning: Simulation tolerance relaxed to achieve convergence from 2.3813075570601269e-04 to 2.3813075570601369e-04 seconds.
Warning: Simulation tolerance relaxed to achieve convergence from 2.3813075570602171e-04 to 2.3813075570602271e-04 seconds.
Warning: Simulation tolerance relaxed to achieve convergence from 2.3813075570602372e-04 to 2.3813075570602472e-04 seconds.
Warning: Simulation tolerance relaxed to achieve convergence from 2.3813075570603174e-04 to 2.3813075570603274e-04 seconds.
Warning: Simulation tolerance relaxed to achieve convergence from 2.3813075570604378e-04 to 2.3813075570604478e-04 seconds.
Warning: Simulation tolerance relaxed to achieve convergence from 2.3813075570610194e-04 to 2.3813075570610295e-04 seconds.
Warning: Simulation tolerance relaxed to achieve convergence from 2.3813075570610896e-04 to 2.3813075570610997e-04 seconds.
Warning: Simulation tolerance relaxed to achieve convergence from 2.3813075570619922e-04 to 2.3813075570620023e-04 seconds.
Warning: Simulation tolerance relaxed to achieve convergence from 2.3813075570624335e-04 to 2.3813075570624435e-04 seconds.
Warning: Simulation tolerance relaxed to achieve convergence from 2.3813075570626240e-04 to 2.3813075570626341e-04 seconds.
Warning: Simulation tolerance relaxed to achieve convergence from 2.3813075570636169e-04 to 2.3813075570636269e-04 seconds.
Warning: Simulation tolerance relaxed to achieve convergence from 2.3813075570641484e-04 to 2.3813075570641585e-04 seconds.
Warning: Simulation tolerance relaxed to achieve convergence from 2.3813075570642788e-04 to 2.3813075570642888e-04 seconds.
Warning: Simulation tolerance relaxed to achieve convergence from 2.3813075570643691e-04 to 2.3813075570643791e-04 seconds.
Warning: Simulation tolerance relaxed to achieve convergence from 2.3813075570643891e-04 to 2.3813075570643992e-04 seconds.
Warning: Simulation tolerance relaxed to achieve convergence from 2.3813075570647602e-04 to 2.3813075570647702e-04 seconds.
Warning: Simulation tolerance relaxed to achieve convergence from 2.3813075570648805e-04 to 2.3813075570648906e-04 seconds.
Warning: Simulation tolerance relaxed to achieve convergence from 2.3813075570650611e-04 to 2.3813075570650711e-04 seconds.
Warning: Simulation tolerance relaxed to achieve convergence from 2.3813075570651914e-04 to 2.3813075570652015e-04 seconds.
Warning: Simulation tolerance relaxed to achieve convergence from 2.3813075570656427e-04 to 2.3813075570656528e-04 seconds.
Warning: Simulation tolerance relaxed to achieve convergence from 2.3813075570657129e-04 to 2.3813075570657230e-04 seconds.
Warning: Simulation tolerance relaxed to achieve convergence from 2.3813075570662846e-04 to 2.3813075570662946e-04 seconds.
Warning: Simulation tolerance relaxed to achieve convergence from 2.3813075570663448e-04 to 2.3813075570663548e-04 seconds.
Warning: Simulation tolerance relaxed to achieve convergence from 2.3813075570666657e-04 to 2.3813075570666757e-04 seconds.
Warning: Simulation tolerance relaxed to achieve convergence from 2.3813075570667860e-04 to 2.3813075570667961e-04 seconds.
Warning: Simulation tolerance relaxed to achieve convergence from 2.3813075570668462e-04 to 2.3813075570668562e-04 seconds.
Warning: Simulation tolerance relaxed to achieve convergence from 2.3813075570668963e-04 to 2.3813075570669064e-04 seconds.
Warning: Simulation tolerance relaxed to achieve convergence from 2.3813075570669264e-04 to 2.3813075570669365e-04 seconds.
Warning: Simulation tolerance relaxed to achieve convergence from 2.3813075570670468e-04 to 2.3813075570670568e-04 seconds.
Warning: Simulation tolerance relaxed to achieve convergence from 2.3813075570671370e-04 to 2.3813075570671471e-04 seconds.
Warning: Simulation tolerance relaxed to achieve convergence from 2.3813075570671972e-04 to 2.3813075570672072e-04 seconds.
Warning: Simulation tolerance relaxed to achieve convergence from 2.3813075570674580e-04 to 2.3813075570674680e-04 seconds.
Warning: Simulation tolerance relaxed to achieve convergence from 2.3813075570675984e-04 to 2.3813075570676084e-04 seconds.
Warning: Simulation tolerance relaxed to achieve convergence from 2.3813075570676184e-04 to 2.3813075570676285e-04 seconds.
Warning: Simulation tolerance relaxed to achieve convergence from 2.3813075570677087e-04 to 2.3813075570677187e-04 seconds.
Warning: Simulation tolerance relaxed to achieve convergence from 2.3813075570680497e-04 to 2.3813075570680597e-04 seconds.
Warning: Simulation tolerance relaxed to achieve convergence from 2.3813075570686013e-04 to 2.3813075570686113e-04 seconds.
Warning: Simulation tolerance relaxed to achieve convergence from 2.3813075570687818e-04 to 2.3813075570687918e-04 seconds.
Warning: Simulation tolerance relaxed to achieve convergence from 2.3813075570688018e-04 to 2.3813075570688119e-04 seconds.
Warning: Simulation tolerance relaxed to achieve convergence from 2.3813075570692531e-04 to 2.3813075570692632e-04 seconds.
Warning: Simulation tolerance relaxed to achieve convergence from 2.3813075570693735e-04 to 2.3813075570693835e-04 seconds.
Warning: Simulation tolerance relaxed to achieve convergence from 2.3813075570694336e-04 to 2.3813075570694437e-04 seconds.
Warning: Simulation tolerance relaxed to achieve convergence from 2.3813075570696443e-04 to 2.3813075570696543e-04 seconds.
Warning: Simulation tolerance relaxed to achieve convergence from 2.3813075570697947e-04 to 2.3813075570698047e-04 seconds.
Warning: Simulation tolerance relaxed to achieve convergence from 2.3813075570707575e-04 to 2.3813075570707675e-04 seconds.
Warning: Simulation tolerance relaxed to achieve convergence from 2.3813075570708277e-04 to 2.3813075570708377e-04 seconds.
Warning: Simulation tolerance relaxed to achieve convergence from 2.3813075570709580e-04 to 2.3813075570709681e-04 seconds.
Warning: Simulation tolerance relaxed to achieve convergence from 2.3813075570710784e-04 to 2.3813075570710884e-04 seconds.
Warning: Simulation tolerance relaxed to achieve convergence from 2.3813075570710984e-04 to 2.3813075570711085e-04 seconds.
Warning: Simulation tolerance relaxed to achieve convergence from 2.3813075570714093e-04 to 2.3813075570714194e-04 seconds.
Warning: Simulation tolerance relaxed to achieve convergence from 2.3813075570723922e-04 to 2.3813075570724022e-04 seconds.
Warning: Simulation tolerance relaxed to achieve convergence from 2.3813075570734552e-04 to 2.3813075570734653e-04 seconds.
Warning: Simulation tolerance relaxed to achieve convergence from 2.3813075570736157e-04 to 2.3813075570736257e-04 seconds.
Warning: Simulation tolerance relaxed to achieve convergence from 2.3813075570736859e-04 to 2.3813075570736959e-04 seconds.
Warning: Simulation tolerance relaxed to achieve convergence from 2.3813075570738664e-04 to 2.3813075570738764e-04 seconds.
Warning: Simulation tolerance relaxed to achieve convergence from 2.3813075570739166e-04 to 2.3813075570739266e-04 seconds.
Warning: Simulation tolerance relaxed to achieve convergence from 2.3813075570739366e-04 to 2.3813075570739466e-04 seconds.
Warning: Simulation tolerance relaxed to achieve convergence from 2.3813075570739868e-04 to 2.3813075570739968e-04 seconds.
Warning: Simulation tolerance relaxed to achieve convergence from 2.3813075570740570e-04 to 2.3813075570740670e-04 seconds.
Warning: Simulation tolerance relaxed to achieve convergence from 2.3813075570745283e-04 to 2.3813075570745383e-04 seconds.
Warning: Simulation tolerance relaxed to achieve convergence from 2.3813075570746687e-04 to 2.3813075570746787e-04 seconds.
Warning: Simulation tolerance relaxed to achieve convergence from 2.3813075570746888e-04 to 2.3813075570746988e-04 seconds.
Warning: Simulation tolerance relaxed to achieve convergence from 2.3813075570755111e-04 to 2.3813075570755212e-04 seconds.
Warning: Simulation tolerance relaxed to achieve convergence from 2.3813075570758622e-04 to 2.3813075570758722e-04 seconds.
Warning: Simulation tolerance relaxed to achieve convergence from 2.3813075570759123e-04 to 2.3813075570759223e-04 seconds.
Warning: Simulation tolerance relaxed to achieve convergence from 2.3813075570762533e-04 to 2.3813075570762633e-04 seconds.
Warning: Simulation tolerance relaxed to achieve convergence from 2.3813075570762834e-04 to 2.3813075570762934e-04 seconds.
Warning: Simulation tolerance relaxed to achieve convergence from 2.3813075570765541e-04 to 2.3813075570765642e-04 seconds.
Warning: Simulation tolerance relaxed to achieve convergence from 2.3813075570765742e-04 to 2.3813075570765842e-04 seconds.
Warning: Simulation tolerance relaxed to achieve convergence from 2.3813075570765943e-04 to 2.3813075570766043e-04 seconds.
Warning: Simulation tolerance relaxed to achieve convergence from 2.3813075570770255e-04 to 2.3813075570770355e-04 seconds.
Warning: Simulation tolerance relaxed to achieve convergence from 2.3813075570772461e-04 to 2.3813075570772562e-04 seconds.
Warning: Simulation tolerance relaxed to achieve convergence from 2.3813075570772963e-04 to 2.3813075570773063e-04 seconds.
Warning: Simulation tolerance relaxed to achieve convergence from 2.3813075570777376e-04 to 2.3813075570777476e-04 seconds.
Warning: Simulation tolerance relaxed to achieve convergence from 2.3813075570779782e-04 to 2.3813075570779883e-04 seconds.
Warning: Simulation tolerance relaxed to achieve convergence from 2.3813075570782891e-04 to 2.3813075570782992e-04 seconds.
Warning: Simulation tolerance relaxed to achieve convergence from 2.3813075570783092e-04 to 2.3813075570783192e-04 seconds.
Warning: Simulation tolerance relaxed to achieve convergence from 2.3813075570783393e-04 to 2.3813075570783493e-04 seconds.
Warning: Simulation tolerance relaxed to achieve convergence from 2.3813075570787104e-04 to 2.3813075570787204e-04 seconds.
Warning: Simulation tolerance relaxed to achieve convergence from 2.3813075570787304e-04 to 2.3813075570787404e-04 seconds.
Warning: Simulation tolerance relaxed to achieve convergence from 2.3813075570792820e-04 to 2.3813075570792920e-04 seconds.
Warning: Simulation tolerance relaxed to achieve convergence from 2.3813075570793321e-04 to 2.3813075570793422e-04 seconds.
Warning: Simulation tolerance relaxed to achieve convergence from 2.3813075570794926e-04 to 2.3813075570795026e-04 seconds.
Warning: Simulation tolerance relaxed to achieve convergence from 2.3813075570797233e-04 to 2.3813075570797333e-04 seconds.
Warning: Simulation tolerance relaxed to achieve convergence from 2.3813075570798135e-04 to 2.3813075570798236e-04 seconds.
Warning: Simulation tolerance relaxed to achieve convergence from 2.3813075570798637e-04 to 2.3813075570798737e-04 seconds.
Warning: Simulation tolerance relaxed to achieve convergence from 2.3813075570807863e-04 to 2.3813075570807964e-04 seconds.
Warning: Simulation tolerance relaxed to achieve convergence from 2.3813075570808064e-04 to 2.3813075570808164e-04 seconds.
Warning: Simulation tolerance relaxed to achieve convergence from 2.3813075570813479e-04 to 2.3813075570813580e-04 seconds.
Warning: Simulation tolerance relaxed to achieve convergence from 2.3813075570813780e-04 to 2.3813075570813881e-04 seconds.
Warning: Simulation tolerance relaxed to achieve convergence from 2.3813075570817391e-04 to 2.3813075570817491e-04 seconds.
Warning: Simulation tolerance relaxed to achieve convergence from 2.3813075570817992e-04 to 2.3813075570818093e-04 seconds.
Warning: Simulation tolerance relaxed to achieve convergence from 2.3813075570822104e-04 to 2.3813075570822205e-04 seconds.
Warning: Simulation tolerance relaxed to achieve convergence from 2.3813075570822405e-04 to 2.3813075570822505e-04 seconds.
Warning: Simulation tolerance relaxed to achieve convergence from 2.3813075570824411e-04 to 2.3813075570824511e-04 seconds.
Warning: Simulation tolerance relaxed to achieve convergence from 2.3813075570824712e-04 to 2.3813075570824812e-04 seconds.
Warning: Simulation tolerance relaxed to achieve convergence from 2.3813075570824912e-04 to 2.3813075570825013e-04 seconds.
Warning: Simulation tolerance relaxed to achieve convergence from 2.3813075570826517e-04 to 2.3813075570826617e-04 seconds.
Warning: Simulation tolerance relaxed to achieve convergence from 2.3813075570827921e-04 to 2.3813075570828021e-04 seconds.
Warning: Simulation tolerance relaxed to achieve convergence from 2.3813075570828623e-04 to 2.3813075570828723e-04 seconds.
Warning: Simulation tolerance relaxed to achieve convergence from 2.3813075570829626e-04 to 2.3813075570829726e-04 seconds.
Warning: Simulation tolerance relaxed to achieve convergence from 2.3813075570830529e-04 to 2.3813075570830629e-04 seconds.
Warning: Simulation tolerance relaxed to achieve convergence from 2.3813075570834440e-04 to 2.3813075570834540e-04 seconds.
Warning: Simulation tolerance relaxed to achieve convergence from 2.3813075570834640e-04 to 2.3813075570834741e-04 seconds.
Warning: Simulation tolerance relaxed to achieve convergence from 2.3813075570837148e-04 to 2.3813075570837248e-04 seconds.
Warning: Simulation tolerance relaxed to achieve convergence from 2.3813075570840658e-04 to 2.3813075570840758e-04 seconds.
Warning: Simulation tolerance relaxed to achieve convergence from 2.3813075570841259e-04 to 2.3813075570841360e-04 seconds.
Warning: Simulation tolerance relaxed to achieve convergence from 2.3813075570842563e-04 to 2.3813075570842663e-04 seconds.
Warning: Simulation tolerance relaxed to achieve convergence from 2.3813075570843967e-04 to 2.3813075570844067e-04 seconds.
Warning: Simulation tolerance relaxed to achieve convergence from 2.3813075570845171e-04 to 2.3813075570845271e-04 seconds.
Warning: Simulation tolerance relaxed to achieve convergence from 2.3813075570847979e-04 to 2.3813075570848079e-04 seconds.
Warning: Simulation tolerance relaxed to achieve convergence from 2.3813075570848781e-04 to 2.3813075570848881e-04 seconds.
Warning: Simulation tolerance relaxed to achieve convergence from 2.3813075570848982e-04 to 2.3813075570849082e-04 seconds.
Warning: Simulation tolerance relaxed to achieve convergence from 2.3813075570850085e-04 to 2.3813075570850185e-04 seconds.
Warning: Simulation tolerance relaxed to achieve convergence from 2.3813075570851890e-04 to 2.3813075570851990e-04 seconds.
Warning: Simulation tolerance relaxed to achieve convergence from 2.3813075570852091e-04 to 2.3813075570852191e-04 seconds.
Warning: Simulation tolerance relaxed to achieve convergence from 2.3813075570852592e-04 to 2.3813075570852692e-04 seconds.
Warning: Simulation tolerance relaxed to achieve convergence from 2.3813075570853394e-04 to 2.3813075570853495e-04 seconds.
Warning: Simulation tolerance relaxed to achieve convergence from 2.3813075570853896e-04 to 2.3813075570853996e-04 seconds.
Warning: Simulation tolerance relaxed to achieve convergence from 2.3813075570854498e-04 to 2.3813075570854598e-04 seconds.
Warning: Simulation tolerance relaxed to achieve convergence from 2.3813075570857406e-04 to 2.3813075570857506e-04 seconds.
Warning: Simulation tolerance relaxed to achieve convergence from 2.3813075570858308e-04 to 2.3813075570858409e-04 seconds.
Warning: Simulation tolerance relaxed to achieve convergence from 2.3813075570869441e-04 to 2.3813075570869541e-04 seconds.
Warning: Simulation tolerance relaxed to achieve convergence from 2.3813075570885587e-04 to 2.3813075570885687e-04 seconds.
Warning: Simulation tolerance relaxed to achieve convergence from 2.3813075570897221e-04 to 2.3813075570897321e-04 seconds.
Warning: Simulation tolerance relaxed to achieve convergence from 2.3813075570900831e-04 to 2.3813075570900931e-04 seconds.
Warning: Simulation tolerance relaxed to achieve convergence from 2.3813075570902235e-04 to 2.3813075570902335e-04 seconds.
Warning: Simulation tolerance relaxed to achieve convergence from 2.3813075570905645e-04 to 2.3813075570905745e-04 seconds.
Warning: Simulation tolerance relaxed to achieve convergence from 2.3813075570906949e-04 to 2.3813075570907049e-04 seconds.
Warning: Simulation tolerance relaxed to achieve convergence from 2.3813075570907149e-04 to 2.3813075570907249e-04 seconds.
Warning: Simulation tolerance relaxed to achieve convergence from 2.3813075570908152e-04 to 2.3813075570908252e-04 seconds.
Warning: Simulation tolerance relaxed to achieve convergence from 2.3813075570909656e-04 to 2.3813075570909757e-04 seconds.
Warning: Simulation tolerance relaxed to achieve convergence from 2.3813075570910258e-04 to 2.3813075570910358e-04 seconds.
Warning: Simulation tolerance relaxed to achieve convergence from 2.3813075570916476e-04 to 2.3813075570916576e-04 seconds.
Warning: Simulation tolerance relaxed to achieve convergence from 2.3813075570917178e-04 to 2.3813075570917278e-04 seconds.
Warning: Simulation tolerance relaxed to achieve convergence from 2.3813075570917379e-04 to 2.3813075570917479e-04 seconds.
Warning: Simulation tolerance relaxed to achieve convergence from 2.3813075570921190e-04 to 2.3813075570921290e-04 seconds.
Warning: Simulation tolerance relaxed to achieve convergence from 2.3813075570923496e-04 to 2.3813075570923596e-04 seconds.
Warning: Simulation tolerance relaxed to achieve convergence from 2.3813075570924098e-04 to 2.3813075570924198e-04 seconds.
Warning: Simulation tolerance relaxed to achieve convergence from 2.3813075570926405e-04 to 2.3813075570926505e-04 seconds.
Warning: Simulation tolerance relaxed to achieve convergence from 2.3813075570926906e-04 to 2.3813075570927006e-04 seconds.
Warning: Simulation tolerance relaxed to achieve convergence from 2.3813075570936534e-04 to 2.3813075570936634e-04 seconds.
Warning: Simulation tolerance relaxed to achieve convergence from 2.3813075570938941e-04 to 2.3813075570939041e-04 seconds.
Warning: Simulation tolerance relaxed to achieve convergence from 2.3813075570940545e-04 to 2.3813075570940646e-04 seconds.
Warning: Simulation tolerance relaxed to achieve convergence from 2.3813075570941348e-04 to 2.3813075570941448e-04 seconds.
Warning: Simulation tolerance relaxed to achieve convergence from 2.3813075570944858e-04 to 2.3813075570944958e-04 seconds.
Warning: Simulation tolerance relaxed to achieve convergence from 2.3813075570946462e-04 to 2.3813075570946563e-04 seconds.
Warning: Simulation tolerance relaxed to achieve convergence from 2.3813075570948568e-04 to 2.3813075570948669e-04 seconds.
Warning: Simulation tolerance relaxed to achieve convergence from 2.3813075570952078e-04 to 2.3813075570952179e-04 seconds.
Warning: Simulation tolerance relaxed to achieve convergence from 2.3813075570953783e-04 to 2.3813075570953884e-04 seconds.
Warning: Simulation tolerance relaxed to achieve convergence from 2.3813075570953984e-04 to 2.3813075570954084e-04 seconds.
Warning: Simulation tolerance relaxed to achieve convergence from 2.3813075570954184e-04 to 2.3813075570954285e-04 seconds.
Warning: Simulation tolerance relaxed to achieve convergence from 2.3813075570954686e-04 to 2.3813075570954786e-04 seconds.
Warning: Simulation tolerance relaxed to achieve convergence from 2.3813075570954887e-04 to 2.3813075570954987e-04 seconds.
Warning: Simulation tolerance relaxed to achieve convergence from 2.3813075570955187e-04 to 2.3813075570955288e-04 seconds.
Warning: Simulation tolerance relaxed to achieve convergence from 2.3813075570955388e-04 to 2.3813075570955488e-04 seconds.
Warning: Simulation tolerance relaxed to achieve convergence from 2.3813075570955889e-04 to 2.3813075570955990e-04 seconds.
Warning: Simulation tolerance relaxed to achieve convergence from 2.3813075570963612e-04 to 2.3813075570963712e-04 seconds.
Warning: Simulation tolerance relaxed to achieve convergence from 2.3813075570966620e-04 to 2.3813075570966721e-04 seconds.
Warning: Simulation tolerance relaxed to achieve convergence from 2.3813075570972136e-04 to 2.3813075570972236e-04 seconds.
Warning: Simulation tolerance relaxed to achieve convergence from 2.3813075570974543e-04 to 2.3813075570974643e-04 seconds.
Warning: Simulation tolerance relaxed to achieve convergence from 2.3813075570981262e-04 to 2.3813075570981363e-04 seconds.
Warning: Simulation tolerance relaxed to achieve convergence from 2.3813075570989586e-04 to 2.3813075570989687e-04 seconds.
Warning: Simulation tolerance relaxed to achieve convergence from 2.3813075570992595e-04 to 2.3813075570992695e-04 seconds.
Warning: Simulation tolerance relaxed to achieve convergence from 2.3813075570993297e-04 to 2.3813075570993397e-04 seconds.
Warning: Simulation tolerance relaxed to achieve convergence from 2.3813075570993799e-04 to 2.3813075570993899e-04 seconds.
Warning: Simulation tolerance relaxed to achieve convergence from 2.3813075570998512e-04 to 2.3813075570998612e-04 seconds.
Warning: Simulation tolerance relaxed to achieve convergence from 2.3813075570998713e-04 to 2.3813075570998813e-04 seconds.
Warning: Simulation tolerance relaxed to achieve convergence from 2.3813075570999214e-04 to 2.3813075570999314e-04 seconds.
Warning: Simulation tolerance relaxed to achieve convergence from 2.3813075571008240e-04 to 2.3813075571008340e-04 seconds.
Warning: Simulation tolerance relaxed to achieve convergence from 2.3813075571010146e-04 to 2.3813075571010246e-04 seconds.
Warning: Simulation tolerance relaxed to achieve convergence from 2.3813075571010747e-04 to 2.3813075571010848e-04 seconds.
Warning: Simulation tolerance relaxed to achieve convergence from 2.3813075571010948e-04 to 2.3813075571011048e-04 seconds.
Warning: Simulation tolerance relaxed to achieve convergence from 2.3813075571013656e-04 to 2.3813075571013756e-04 seconds.
Warning: Simulation tolerance relaxed to achieve convergence from 2.3813075571014558e-04 to 2.3813075571014659e-04 seconds.
Warning: Simulation tolerance relaxed to achieve convergence from 2.3813075571021779e-04 to 2.3813075571021879e-04 seconds.
Warning: Simulation tolerance relaxed to achieve convergence from 2.3813075571021980e-04 to 2.3813075571022080e-04 seconds.
Warning: Simulation tolerance relaxed to achieve convergence from 2.3813075571028498e-04 to 2.3813075571028599e-04 seconds.
Warning: Simulation tolerance relaxed to achieve convergence from 2.3813075571028699e-04 to 2.3813075571028799e-04 seconds.
Warning: Simulation tolerance relaxed to achieve convergence from 2.3813075571034115e-04 to 2.3813075571034215e-04 seconds.
Warning: Simulation tolerance relaxed to achieve convergence from 2.3813075571044845e-04 to 2.3813075571044946e-04 seconds.
Warning: Simulation tolerance relaxed to achieve convergence from 2.3813075571045046e-04 to 2.3813075571045146e-04 seconds.
Warning: Simulation tolerance relaxed to achieve convergence from 2.3813075571058184e-04 to 2.3813075571058284e-04 seconds.
Warning: Simulation tolerance relaxed to achieve convergence from 2.3813075571058384e-04 to 2.3813075571058485e-04 seconds.
Warning: Simulation tolerance relaxed to achieve convergence from 2.3813075571058585e-04 to 2.3813075571058685e-04 seconds.
Warning: Simulation tolerance relaxed to achieve convergence from 2.3813075571059387e-04 to 2.3813075571059488e-04 seconds.
Warning: Simulation tolerance relaxed to achieve convergence from 2.3813075571059588e-04 to 2.3813075571059688e-04 seconds.
Warning: Simulation tolerance relaxed to achieve convergence from 2.3813075571063399e-04 to 2.3813075571063499e-04 seconds.
Warning: Simulation tolerance relaxed to achieve convergence from 2.3813075571063900e-04 to 2.3813075571064001e-04 seconds.
Warning: Simulation tolerance relaxed to achieve convergence from 2.3813075571065204e-04 to 2.3813075571065304e-04 seconds.
Warning: Simulation tolerance relaxed to achieve convergence from 2.3813075571066708e-04 to 2.3813075571066809e-04 seconds.
Warning: Simulation tolerance relaxed to achieve convergence from 2.3813075571067310e-04 to 2.3813075571067410e-04 seconds.
Warning: Simulation tolerance relaxed to achieve convergence from 2.3813075571068614e-04 to 2.3813075571068714e-04 seconds.
Warning: Simulation tolerance relaxed to achieve convergence from 2.3813075571069316e-04 to 2.3813075571069416e-04 seconds.
Warning: Simulation tolerance relaxed to achieve convergence from 2.3813075571069516e-04 to 2.3813075571069617e-04 seconds.
Warning: Simulation tolerance relaxed to achieve convergence from 2.3813075571073027e-04 to 2.3813075571073127e-04 seconds.
Warning: Simulation tolerance relaxed to achieve convergence from 2.3813075571074130e-04 to 2.3813075571074230e-04 seconds.
Warning: Simulation tolerance relaxed to achieve convergence from 2.3813075571074330e-04 to 2.3813075571074431e-04 seconds.
Warning: Simulation tolerance relaxed to achieve convergence from 2.3813075571074932e-04 to 2.3813075571075032e-04 seconds.
Warning: Simulation tolerance relaxed to achieve convergence from 2.3813075571089775e-04 to 2.3813075571089875e-04 seconds.
Warning: Simulation tolerance relaxed to achieve convergence from 2.3813075571097898e-04 to 2.3813075571097998e-04 seconds.
Warning: Simulation tolerance relaxed to achieve convergence from 2.3813075571098801e-04 to 2.3813075571098901e-04 seconds.
Warning: Simulation tolerance relaxed to achieve convergence from 2.3813075571099102e-04 to 2.3813075571099202e-04 seconds.
Warning: Simulation tolerance relaxed to achieve convergence from 2.3813075571102511e-04 to 2.3813075571102612e-04 seconds.
Warning: Simulation tolerance relaxed to achieve convergence from 2.3813075571102712e-04 to 2.3813075571102812e-04 seconds.
Warning: Simulation tolerance relaxed to achieve convergence from 2.3813075571103214e-04 to 2.3813075571103314e-04 seconds.
Warning: Simulation tolerance relaxed to achieve convergence from 2.3813075571105921e-04 to 2.3813075571106022e-04 seconds.
Warning: Simulation tolerance relaxed to achieve convergence from 2.3813075571106222e-04 to 2.3813075571106322e-04 seconds.
Warning: Simulation tolerance relaxed to achieve convergence from 2.3813075571108128e-04 to 2.3813075571108228e-04 seconds.
Warning: Simulation tolerance relaxed to achieve convergence from 2.3813075571109030e-04 to 2.3813075571109131e-04 seconds.
Warning: Simulation tolerance relaxed to achieve convergence from 2.3813075571110936e-04 to 2.3813075571111036e-04 seconds.
Warning: Simulation tolerance relaxed to achieve convergence from 2.3813075571113242e-04 to 2.3813075571113343e-04 seconds.
Warning: Simulation tolerance relaxed to achieve convergence from 2.3813075571114546e-04 to 2.3813075571114646e-04 seconds.
Warning: Simulation tolerance relaxed to achieve convergence from 2.3813075571118257e-04 to 2.3813075571118357e-04 seconds.
Warning: Simulation tolerance relaxed to achieve convergence from 2.3813075571121767e-04 to 2.3813075571121867e-04 seconds.
Warning: Simulation tolerance relaxed to achieve convergence from 2.3813075571125778e-04 to 2.3813075571125879e-04 seconds.
Warning: Simulation tolerance relaxed to achieve convergence from 2.3813075571127082e-04 to 2.3813075571127183e-04 seconds.
Warning: Simulation tolerance relaxed to achieve convergence from 2.3813075571132698e-04 to 2.3813075571132799e-04 seconds.
Warning: Simulation tolerance relaxed to achieve convergence from 2.3813075571133902e-04 to 2.3813075571134002e-04 seconds.
Warning: Simulation tolerance relaxed to achieve convergence from 2.3813075571135908e-04 to 2.3813075571136008e-04 seconds.
Warning: Simulation tolerance relaxed to achieve convergence from 2.3813075571136108e-04 to 2.3813075571136208e-04 seconds.
Warning: Simulation tolerance relaxed to achieve convergence from 2.3813075571137011e-04 to 2.3813075571137111e-04 seconds.
Warning: Simulation tolerance relaxed to achieve convergence from 2.3813075571140521e-04 to 2.3813075571140621e-04 seconds.
Warning: Simulation tolerance relaxed to achieve convergence from 2.3813075571141825e-04 to 2.3813075571141925e-04 seconds.
Warning: Simulation tolerance relaxed to achieve convergence from 2.3813075571143429e-04 to 2.3813075571143530e-04 seconds.
Warning: Simulation tolerance relaxed to achieve convergence from 2.3813075571144633e-04 to 2.3813075571144733e-04 seconds.
Warning: Simulation tolerance relaxed to achieve convergence from 2.3813075571144833e-04 to 2.3813075571144934e-04 seconds.
Warning: Simulation tolerance relaxed to achieve convergence from 2.3813075571147541e-04 to 2.3813075571147641e-04 seconds.
Warning: Simulation tolerance relaxed to achieve convergence from 2.3813075571147742e-04 to 2.3813075571147842e-04 seconds.
Warning: Simulation tolerance relaxed to achieve convergence from 2.3813075571148644e-04 to 2.3813075571148745e-04 seconds.
Warning: Simulation tolerance relaxed to achieve convergence from 2.3813075571149547e-04 to 2.3813075571149647e-04 seconds.
Warning: Simulation tolerance relaxed to achieve convergence from 2.3813075571150449e-04 to 2.3813075571150550e-04 seconds.
Warning: Simulation tolerance relaxed to achieve convergence from 2.3813075571154260e-04 to 2.3813075571154361e-04 seconds.
Warning: Simulation tolerance relaxed to achieve convergence from 2.3813075571155865e-04 to 2.3813075571155965e-04 seconds.
Warning: Simulation tolerance relaxed to achieve convergence from 2.3813075571156467e-04 to 2.3813075571156567e-04 seconds.
Warning: Simulation tolerance relaxed to achieve convergence from 2.3813075571158071e-04 to 2.3813075571158172e-04 seconds.
Warning: Simulation tolerance relaxed to achieve convergence from 2.3813075571160779e-04 to 2.3813075571160880e-04 seconds.
Warning: Simulation tolerance relaxed to achieve convergence from 2.3813075571161983e-04 to 2.3813075571162083e-04 seconds.
Warning: Simulation tolerance relaxed to achieve convergence from 2.3813075571165693e-04 to 2.3813075571165794e-04 seconds.
Warning: Simulation tolerance relaxed to achieve convergence from 2.3813075571169203e-04 to 2.3813075571169304e-04 seconds.
Warning: Simulation tolerance relaxed to achieve convergence from 2.3813075571171310e-04 to 2.3813075571171410e-04 seconds.
Warning: Simulation tolerance relaxed to achieve convergence from 2.3813075571171911e-04 to 2.3813075571172012e-04 seconds.
Warning: Simulation tolerance relaxed to achieve convergence from 2.3813075571174118e-04 to 2.3813075571174218e-04 seconds.
Warning: Simulation tolerance relaxed to achieve convergence from 2.3813075571179032e-04 to 2.3813075571179132e-04 seconds.
Warning: Simulation tolerance relaxed to achieve convergence from 2.3813075571179734e-04 to 2.3813075571179834e-04 seconds.
Warning: Simulation tolerance relaxed to achieve convergence from 2.3813075571180035e-04 to 2.3813075571180135e-04 seconds.
Warning: Simulation tolerance relaxed to achieve convergence from 2.3813075571181338e-04 to 2.3813075571181439e-04 seconds.
Warning: Simulation tolerance relaxed to achieve convergence from 2.3813075571181539e-04 to 2.3813075571181639e-04 seconds.
Warning: Simulation tolerance relaxed to achieve convergence from 2.3813075571182742e-04 to 2.3813075571182843e-04 seconds.
Warning: Simulation tolerance relaxed to achieve convergence from 2.3813075571182943e-04 to 2.3813075571183043e-04 seconds.
Warning: Simulation tolerance relaxed to achieve convergence from 2.3813075571186453e-04 to 2.3813075571186553e-04 seconds.
Warning: Simulation tolerance relaxed to achieve convergence from 2.3813075571187055e-04 to 2.3813075571187155e-04 seconds.
Warning: Simulation tolerance relaxed to achieve convergence from 2.3813075571187255e-04 to 2.3813075571187356e-04 seconds.
Warning: Simulation tolerance relaxed to achieve convergence from 2.3813075571189963e-04 to 2.3813075571190064e-04 seconds.
Warning: Simulation tolerance relaxed to achieve convergence from 2.3813075571194877e-04 to 2.3813075571194978e-04 seconds.
Warning: Simulation tolerance relaxed to achieve convergence from 2.3813075571195078e-04 to 2.3813075571195178e-04 seconds.
Warning: Simulation tolerance relaxed to achieve convergence from 2.3813075571195981e-04 to 2.3813075571196081e-04 seconds.
Warning: Simulation tolerance relaxed to achieve convergence from 2.3813075571196883e-04 to 2.3813075571196983e-04 seconds.
Warning: Simulation tolerance relaxed to achieve convergence from 2.3813075571197485e-04 to 2.3813075571197585e-04 seconds.
Warning: Simulation tolerance relaxed to achieve convergence from 2.3813075571200293e-04 to 2.3813075571200393e-04 seconds.
Warning: Simulation tolerance relaxed to achieve convergence from 2.3813075571201697e-04 to 2.3813075571201797e-04 seconds.
Warning: Simulation tolerance relaxed to achieve convergence from 2.3813075571203001e-04 to 2.3813075571203101e-04 seconds.
Warning: Simulation tolerance relaxed to achieve convergence from 2.3813075571204605e-04 to 2.3813075571204706e-04 seconds.
Warning: Simulation tolerance relaxed to achieve convergence from 2.3813075571204906e-04 to 2.3813075571205007e-04 seconds.
Warning: Simulation tolerance relaxed to achieve convergence from 2.3813075571206210e-04 to 2.3813075571206310e-04 seconds.
Warning: Simulation tolerance relaxed to achieve convergence from 2.3813075571207413e-04 to 2.3813075571207514e-04 seconds.
Warning: Simulation tolerance relaxed to achieve convergence from 2.3813075571209219e-04 to 2.3813075571209319e-04 seconds.
Warning: Simulation tolerance relaxed to achieve convergence from 2.3813075571215537e-04 to 2.3813075571215637e-04 seconds.
Warning: Simulation tolerance relaxed to achieve convergence from 2.3813075571217543e-04 to 2.3813075571217643e-04 seconds.
Warning: Simulation tolerance relaxed to achieve convergence from 2.3813075571220952e-04 to 2.3813075571221053e-04 seconds.
Warning: Simulation tolerance relaxed to achieve convergence from 2.3813075571222356e-04 to 2.3813075571222457e-04 seconds.
Warning: Simulation tolerance relaxed to achieve convergence from 2.3813075571222557e-04 to 2.3813075571222657e-04 seconds.
Warning: Simulation tolerance relaxed to achieve convergence from 2.3813075571223059e-04 to 2.3813075571223159e-04 seconds.
Warning: Simulation tolerance relaxed to achieve convergence from 2.3813075571223259e-04 to 2.3813075571223359e-04 seconds.
Warning: Simulation tolerance relaxed to achieve convergence from 2.3813075571227973e-04 to 2.3813075571228073e-04 seconds.
Warning: Simulation tolerance relaxed to achieve convergence from 2.3813075571229878e-04 to 2.3813075571229978e-04 seconds.
Warning: Simulation tolerance relaxed to achieve convergence from 2.3813075571232285e-04 to 2.3813075571232385e-04 seconds.
Warning: Simulation tolerance relaxed to achieve convergence from 2.3813075571232486e-04 to 2.3813075571232586e-04 seconds.
Warning: Simulation tolerance relaxed to achieve convergence from 2.3813075571232987e-04 to 2.3813075571233087e-04 seconds.
Warning: Simulation tolerance relaxed to achieve convergence from 2.3813075571233890e-04 to 2.3813075571233990e-04 seconds.
Warning: Simulation tolerance relaxed to achieve convergence from 2.3813075571237801e-04 to 2.3813075571237901e-04 seconds.
Warning: Simulation tolerance relaxed to achieve convergence from 2.3813075571239205e-04 to 2.3813075571239305e-04 seconds.
Warning: Simulation tolerance relaxed to achieve convergence from 2.3813075571241211e-04 to 2.3813075571241311e-04 seconds.
Warning: Simulation tolerance relaxed to achieve convergence from 2.3813075571242113e-04 to 2.3813075571242214e-04 seconds.
Warning: Simulation tolerance relaxed to achieve convergence from 2.3813075571243517e-04 to 2.3813075571243618e-04 seconds.
Warning: Simulation tolerance relaxed to achieve convergence from 2.3813075571245323e-04 to 2.3813075571245423e-04 seconds.
Warning: Simulation tolerance relaxed to achieve convergence from 2.3813075571247027e-04 to 2.3813075571247128e-04 seconds.
Warning: Simulation tolerance relaxed to achieve convergence from 2.3813075571247228e-04 to 2.3813075571247328e-04 seconds.
Warning: Simulation tolerance relaxed to achieve convergence from 2.3813075571250838e-04 to 2.3813075571250939e-04 seconds.
Warning: Simulation tolerance relaxed to achieve convergence from 2.3813075571253245e-04 to 2.3813075571253346e-04 seconds.
Warning: Simulation tolerance relaxed to achieve convergence from 2.3813075571253446e-04 to 2.3813075571253546e-04 seconds.
Warning: Simulation tolerance relaxed to achieve convergence from 2.3813075571256254e-04 to 2.3813075571256354e-04 seconds.
Warning: Simulation tolerance relaxed to achieve convergence from 2.3813075571257658e-04 to 2.3813075571257758e-04 seconds.
Warning: Simulation tolerance relaxed to achieve convergence from 2.3813075571258661e-04 to 2.3813075571258761e-04 seconds.
Warning: Simulation tolerance relaxed to achieve convergence from 2.3813075571259564e-04 to 2.3813075571259664e-04 seconds.
Warning: Simulation tolerance relaxed to achieve convergence from 2.3813075571260165e-04 to 2.3813075571260266e-04 seconds.
Warning: Simulation tolerance relaxed to achieve convergence from 2.3813075571263876e-04 to 2.3813075571263976e-04 seconds.
Warning: Simulation tolerance relaxed to achieve convergence from 2.3813075571267186e-04 to 2.3813075571267286e-04 seconds.
Warning: Simulation tolerance relaxed to achieve convergence from 2.3813075571271799e-04 to 2.3813075571271899e-04 seconds.
Warning: Simulation tolerance relaxed to achieve convergence from 2.3813075571277014e-04 to 2.3813075571277114e-04 seconds.
Warning: Simulation tolerance relaxed to achieve convergence from 2.3813075571281126e-04 to 2.3813075571281226e-04 seconds.
Warning: Simulation tolerance relaxed to achieve convergence from 2.3813075571286742e-04 to 2.3813075571286842e-04 seconds.
Warning: Simulation tolerance relaxed to achieve convergence from 2.3813075571293261e-04 to 2.3813075571293361e-04 seconds.
Warning: Simulation tolerance relaxed to achieve convergence from 2.3813075571294865e-04 to 2.3813075571294965e-04 seconds.
Warning: Simulation tolerance relaxed to achieve convergence from 2.3813075571297874e-04 to 2.3813075571297974e-04 seconds.
Warning: Simulation tolerance relaxed to achieve convergence from 2.3813075571298074e-04 to 2.3813075571298175e-04 seconds.
Warning: Simulation tolerance relaxed to achieve convergence from 2.3813075571299980e-04 to 2.3813075571300080e-04 seconds.
Warning: Simulation tolerance relaxed to achieve convergence from 2.3813075571301986e-04 to 2.3813075571302086e-04 seconds.
Warning: Simulation tolerance relaxed to achieve convergence from 2.3813075571304593e-04 to 2.3813075571304694e-04 seconds.
Warning: Simulation tolerance relaxed to achieve convergence from 2.3813075571305496e-04 to 2.3813075571305596e-04 seconds.
Warning: Simulation tolerance relaxed to achieve convergence from 2.3813075571307100e-04 to 2.3813075571307201e-04 seconds.
Warning: Simulation tolerance relaxed to achieve convergence from 2.3813075571309808e-04 to 2.3813075571309909e-04 seconds.
Warning: Simulation tolerance relaxed to achieve convergence from 2.3813075571310009e-04 to 2.3813075571310109e-04 seconds.
Warning: Simulation tolerance relaxed to achieve convergence from 2.3813075571311413e-04 to 2.3813075571311513e-04 seconds.
Warning: Simulation tolerance relaxed to achieve convergence from 2.3813075571313719e-04 to 2.3813075571313820e-04 seconds.
Warning: Simulation tolerance relaxed to achieve convergence from 2.3813075571314923e-04 to 2.3813075571315023e-04 seconds.
Warning: Simulation tolerance relaxed to achieve convergence from 2.3813075571319536e-04 to 2.3813075571319637e-04 seconds.
Warning: Simulation tolerance relaxed to achieve convergence from 2.3813075571320439e-04 to 2.3813075571320539e-04 seconds.
Warning: Simulation tolerance relaxed to achieve convergence from 2.3813075571320840e-04 to 2.3813075571320940e-04 seconds.
Warning: Simulation tolerance relaxed to achieve convergence from 2.3813075571323648e-04 to 2.3813075571323748e-04 seconds.
Warning: Simulation tolerance relaxed to achieve convergence from 2.3813075571326155e-04 to 2.3813075571326256e-04 seconds.
Warning: Simulation tolerance relaxed to achieve convergence from 2.3813075571329264e-04 to 2.3813075571329365e-04 seconds.
Warning: Simulation tolerance relaxed to achieve convergence from 2.3813075571329465e-04 to 2.3813075571329565e-04 seconds.
Warning: Simulation tolerance relaxed to achieve convergence from 2.3813075571330067e-04 to 2.3813075571330167e-04 seconds.
Warning: Simulation tolerance relaxed to achieve convergence from 2.3813075571330769e-04 to 2.3813075571330869e-04 seconds.
Warning: Simulation tolerance relaxed to achieve convergence from 2.3813075571332473e-04 to 2.3813075571332574e-04 seconds.
Warning: Simulation tolerance relaxed to achieve convergence from 2.3813075571334078e-04 to 2.3813075571334178e-04 seconds.
Warning: Simulation tolerance relaxed to achieve convergence from 2.3813075571334981e-04 to 2.3813075571335081e-04 seconds.
Warning: Simulation tolerance relaxed to achieve convergence from 2.3813075571335582e-04 to 2.3813075571335683e-04 seconds.
Warning: Simulation tolerance relaxed to achieve convergence from 2.3813075571336786e-04 to 2.3813075571336886e-04 seconds.
Warning: Simulation tolerance relaxed to achieve convergence from 2.3813075571338391e-04 to 2.3813075571338491e-04 seconds.
Warning: Simulation tolerance relaxed to achieve convergence from 2.3813075571338591e-04 to 2.3813075571338691e-04 seconds.
Warning: Simulation tolerance relaxed to achieve convergence from 2.3813075571339795e-04 to 2.3813075571339895e-04 seconds.
Warning: Simulation tolerance relaxed to achieve convergence from 2.3813075571340697e-04 to 2.3813075571340797e-04 seconds.
Warning: Simulation tolerance relaxed to achieve convergence from 2.3813075571341600e-04 to 2.3813075571341700e-04 seconds.
Warning: Simulation tolerance relaxed to achieve convergence from 2.3813075571342903e-04 to 2.3813075571343004e-04 seconds.
Warning: Simulation tolerance relaxed to achieve convergence from 2.3813075571344308e-04 to 2.3813075571344408e-04 seconds.
Warning: Simulation tolerance relaxed to achieve convergence from 2.3813075571344909e-04 to 2.3813075571345010e-04 seconds.
Warning: Simulation tolerance relaxed to achieve convergence from 2.3813075571345511e-04 to 2.3813075571345611e-04 seconds.
Warning: Simulation tolerance relaxed to achieve convergence from 2.3813075571346414e-04 to 2.3813075571346514e-04 seconds.
Warning: Simulation tolerance relaxed to achieve convergence from 2.3813075571349523e-04 to 2.3813075571349623e-04 seconds.
Warning: Simulation tolerance relaxed to achieve convergence from 2.3813075571350425e-04 to 2.3813075571350525e-04 seconds.
Warning: Simulation tolerance relaxed to achieve convergence from 2.3813075571351127e-04 to 2.3813075571351227e-04 seconds.
Warning: Simulation tolerance relaxed to achieve convergence from 2.3813075571352030e-04 to 2.3813075571352130e-04 seconds.
Warning: Simulation tolerance relaxed to achieve convergence from 2.3813075571354437e-04 to 2.3813075571354537e-04 seconds.
Warning: Simulation tolerance relaxed to achieve convergence from 2.3813075571355640e-04 to 2.3813075571355740e-04 seconds.
Warning: Simulation tolerance relaxed to achieve convergence from 2.3813075571358749e-04 to 2.3813075571358849e-04 seconds.
Warning: Simulation tolerance relaxed to achieve convergence from 2.3813075571364265e-04 to 2.3813075571364365e-04 seconds.
Warning: Simulation tolerance relaxed to achieve convergence from 2.3813075571365870e-04 to 2.3813075571365970e-04 seconds.
Warning: Simulation tolerance relaxed to achieve convergence from 2.3813075571367173e-04 to 2.3813075571367274e-04 seconds.
Warning: Simulation tolerance relaxed to achieve convergence from 2.3813075571367374e-04 to 2.3813075571367474e-04 seconds.
Warning: Simulation tolerance relaxed to achieve convergence from 2.3813075571368477e-04 to 2.3813075571368577e-04 seconds.
Warning: Simulation tolerance relaxed to achieve convergence from 2.3813075571376300e-04 to 2.3813075571376400e-04 seconds.
Warning: Simulation tolerance relaxed to achieve convergence from 2.3813075571377904e-04 to 2.3813075571378005e-04 seconds.
Warning: Simulation tolerance relaxed to achieve convergence from 2.3813075571379609e-04 to 2.3813075571379709e-04 seconds.
Warning: Simulation tolerance relaxed to achieve convergence from 2.3813075571385225e-04 to 2.3813075571385326e-04 seconds.
Warning: Simulation tolerance relaxed to achieve convergence from 2.3813075571386930e-04 to 2.3813075571387031e-04 seconds.
Warning: Simulation tolerance relaxed to achieve convergence from 2.3813075571388735e-04 to 2.3813075571388836e-04 seconds.
Warning: Simulation tolerance relaxed to achieve convergence from 2.3813075571391443e-04 to 2.3813075571391544e-04 seconds.
Warning: Simulation tolerance relaxed to achieve convergence from 2.3813075571391644e-04 to 2.3813075571391744e-04 seconds.
Warning: Simulation tolerance relaxed to achieve convergence from 2.3813075571392246e-04 to 2.3813075571392346e-04 seconds.
Warning: Simulation tolerance relaxed to achieve convergence from 2.3813075571393148e-04 to 2.3813075571393248e-04 seconds.
Warning: Simulation tolerance relaxed to achieve convergence from 2.3813075571395455e-04 to 2.3813075571395555e-04 seconds.
Warning: Simulation tolerance relaxed to achieve convergence from 2.3813075571398062e-04 to 2.3813075571398163e-04 seconds.
Warning: Simulation tolerance relaxed to achieve convergence from 2.3813075571400570e-04 to 2.3813075571400670e-04 seconds.
Warning: Simulation tolerance relaxed to achieve convergence from 2.3813075571402174e-04 to 2.3813075571402274e-04 seconds.
Warning: Simulation tolerance relaxed to achieve convergence from 2.3813075571405283e-04 to 2.3813075571405383e-04 seconds.
Warning: Simulation tolerance relaxed to achieve convergence from 2.3813075571412103e-04 to 2.3813075571412203e-04 seconds.
Warning: Simulation tolerance relaxed to achieve convergence from 2.3813075571412303e-04 to 2.3813075571412404e-04 seconds.
Warning: Simulation tolerance relaxed to achieve convergence from 2.3813075571413507e-04 to 2.3813075571413607e-04 seconds.
Warning: Simulation tolerance relaxed to achieve convergence from 2.3813075571413707e-04 to 2.3813075571413808e-04 seconds.
Warning: Simulation tolerance relaxed to achieve convergence from 2.3813075571414309e-04 to 2.3813075571414409e-04 seconds.
Warning: Simulation tolerance relaxed to achieve convergence from 2.3813075571414510e-04 to 2.3813075571414610e-04 seconds.
Warning: Simulation tolerance relaxed to achieve convergence from 2.3813075571420928e-04 to 2.3813075571421028e-04 seconds.
Warning: Simulation tolerance relaxed to achieve convergence from 2.3813075571427547e-04 to 2.3813075571427647e-04 seconds.
Warning: Simulation tolerance relaxed to achieve convergence from 2.3813075571431659e-04 to 2.3813075571431759e-04 seconds.
Warning: Simulation tolerance relaxed to achieve convergence from 2.3813075571431860e-04 to 2.3813075571431960e-04 seconds.
Warning: Simulation tolerance relaxed to achieve convergence from 2.3813075571436874e-04 to 2.3813075571436974e-04 seconds.
Warning: Simulation tolerance relaxed to achieve convergence from 2.3813075571438178e-04 to 2.3813075571438278e-04 seconds.
Warning: Simulation tolerance relaxed to achieve convergence from 2.3813075571439482e-04 to 2.3813075571439582e-04 seconds.
Warning: Simulation tolerance relaxed to achieve convergence from 2.3813075571440083e-04 to 2.3813075571440184e-04 seconds.
Warning: Simulation tolerance relaxed to achieve convergence from 2.3813075571441688e-04 to 2.3813075571441788e-04 seconds.
Warning: Simulation tolerance relaxed to achieve convergence from 2.3813075571444396e-04 to 2.3813075571444496e-04 seconds.
Warning: Simulation tolerance relaxed to achieve convergence from 2.3813075571448507e-04 to 2.3813075571448608e-04 seconds.
Warning: Simulation tolerance relaxed to achieve convergence from 2.3813075571451115e-04 to 2.3813075571451215e-04 seconds.
Warning: Simulation tolerance relaxed to achieve convergence from 2.3813075571454625e-04 to 2.3813075571454725e-04 seconds.
Warning: Simulation tolerance relaxed to achieve convergence from 2.3813075571456731e-04 to 2.3813075571456831e-04 seconds.
Warning: Simulation tolerance relaxed to achieve convergence from 2.3813075571458737e-04 to 2.3813075571458837e-04 seconds.
Warning: Simulation tolerance relaxed to achieve convergence from 2.3813075571459640e-04 to 2.3813075571459740e-04 seconds.
Warning: Simulation tolerance relaxed to achieve convergence from 2.3813075571463651e-04 to 2.3813075571463751e-04 seconds.
Warning: Simulation tolerance relaxed to achieve convergence from 2.3813075571465256e-04 to 2.3813075571465356e-04 seconds.
Warning: Simulation tolerance relaxed to achieve convergence from 2.3813075571466459e-04 to 2.3813075571466559e-04 seconds.
Warning: Simulation tolerance relaxed to achieve convergence from 2.3813075571474081e-04 to 2.3813075571474181e-04 seconds.
Warning: Simulation tolerance relaxed to achieve convergence from 2.3813075571474282e-04 to 2.3813075571474382e-04 seconds.
Warning: Simulation tolerance relaxed to achieve convergence from 2.3813075571475184e-04 to 2.3813075571475285e-04 seconds.
Warning: Simulation tolerance relaxed to achieve convergence from 2.3813075571475385e-04 to 2.3813075571475485e-04 seconds.
Warning: Simulation tolerance relaxed to achieve convergence from 2.3813075571482004e-04 to 2.3813075571482104e-04 seconds.
Warning: Simulation tolerance relaxed to achieve convergence from 2.3813075571482706e-04 to 2.3813075571482806e-04 seconds.
Warning: Simulation tolerance relaxed to achieve convergence from 2.3813075571484411e-04 to 2.3813075571484511e-04 seconds.
Warning: Simulation tolerance relaxed to achieve convergence from 2.3813075571484611e-04 to 2.3813075571484712e-04 seconds.
Warning: Simulation tolerance relaxed to achieve convergence from 2.3813075571484812e-04 to 2.3813075571484912e-04 seconds.
Warning: Simulation tolerance relaxed to achieve convergence from 2.3813075571485013e-04 to 2.3813075571485113e-04 seconds.
Warning: Simulation tolerance relaxed to achieve convergence from 2.3813075571486015e-04 to 2.3813075571486116e-04 seconds.
Warning: Simulation tolerance relaxed to achieve convergence from 2.3813075571488623e-04 to 2.3813075571488723e-04 seconds.
Warning: Simulation tolerance relaxed to achieve convergence from 2.3813075571488824e-04 to 2.3813075571488924e-04 seconds.
Warning: Simulation tolerance relaxed to achieve convergence from 2.3813075571490328e-04 to 2.3813075571490428e-04 seconds.
Warning: Simulation tolerance relaxed to achieve convergence from 2.3813075571491732e-04 to 2.3813075571491832e-04 seconds.
Warning: Simulation tolerance relaxed to achieve convergence from 2.3813075571493036e-04 to 2.3813075571493136e-04 seconds.
Warning: Simulation tolerance relaxed to achieve convergence from 2.3813075571495142e-04 to 2.3813075571495242e-04 seconds.
Warning: Simulation tolerance relaxed to achieve convergence from 2.3813075571495342e-04 to 2.3813075571495443e-04 seconds.
Warning: Simulation tolerance relaxed to achieve convergence from 2.3813075571496546e-04 to 2.3813075571496646e-04 seconds.
Warning: Simulation tolerance relaxed to achieve convergence from 2.3813075571497649e-04 to 2.3813075571497749e-04 seconds.
Warning: Simulation tolerance relaxed to achieve convergence from 2.3813075571500256e-04 to 2.3813075571500357e-04 seconds.
Warning: Simulation tolerance relaxed to achieve convergence from 2.3813075571505873e-04 to 2.3813075571505973e-04 seconds.
Warning: Simulation tolerance relaxed to achieve convergence from 2.3813075571506675e-04 to 2.3813075571506775e-04 seconds.
Warning: Simulation tolerance relaxed to achieve convergence from 2.3813075571507979e-04 to 2.3813075571508079e-04 seconds.
Warning: Simulation tolerance relaxed to achieve convergence from 2.3813075571508681e-04 to 2.3813075571508781e-04 seconds.
Warning: Simulation tolerance relaxed to achieve convergence from 2.3813075571508881e-04 to 2.3813075571508982e-04 seconds.
Warning: Simulation tolerance relaxed to achieve convergence from 2.3813075571513194e-04 to 2.3813075571513294e-04 seconds.
Warning: Simulation tolerance relaxed to achieve convergence from 2.3813075571513896e-04 to 2.3813075571513996e-04 seconds.
Warning: Simulation tolerance relaxed to achieve convergence from 2.3813075571528036e-04 to 2.3813075571528137e-04 seconds.
Warning: Simulation tolerance relaxed to achieve convergence from 2.3813075571529240e-04 to 2.3813075571529340e-04 seconds.
Warning: Simulation tolerance relaxed to achieve convergence from 2.3813075571534254e-04 to 2.3813075571534355e-04 seconds.
Warning: Simulation tolerance relaxed to achieve convergence from 2.3813075571534555e-04 to 2.3813075571534655e-04 seconds.
Warning: Simulation tolerance relaxed to achieve convergence from 2.3813075571535157e-04 to 2.3813075571535257e-04 seconds.
Warning: Simulation tolerance relaxed to achieve convergence from 2.3813075571537865e-04 to 2.3813075571537965e-04 seconds.
Warning: Simulation tolerance relaxed to achieve convergence from 2.3813075571539871e-04 to 2.3813075571539971e-04 seconds.
Warning: Simulation tolerance relaxed to achieve convergence from 2.3813075571542679e-04 to 2.3813075571542779e-04 seconds.
Warning: Simulation tolerance relaxed to achieve convergence from 2.3813075571542879e-04 to 2.3813075571542979e-04 seconds.
Warning: Simulation tolerance relaxed to achieve convergence from 2.3813075571544484e-04 to 2.3813075571544584e-04 seconds.
Warning: Simulation tolerance relaxed to achieve convergence from 2.3813075571548395e-04 to 2.3813075571548495e-04 seconds.
Warning: Simulation tolerance relaxed to achieve convergence from 2.3813075571549799e-04 to 2.3813075571549899e-04 seconds.
Warning: Simulation tolerance relaxed to achieve convergence from 2.3813075571550000e-04 to 2.3813075571550100e-04 seconds.
Warning: Simulation tolerance relaxed to achieve convergence from 2.3813075571550702e-04 to 2.3813075571550802e-04 seconds.
Warning: Simulation tolerance relaxed to achieve convergence from 2.3813075571551003e-04 to 2.3813075571551103e-04 seconds.
Warning: Simulation tolerance relaxed to achieve convergence from 2.3813075571551504e-04 to 2.3813075571551604e-04 seconds.
Warning: Simulation tolerance relaxed to achieve convergence from 2.3813075571553309e-04 to 2.3813075571553409e-04 seconds.
Warning: Simulation tolerance relaxed to achieve convergence from 2.3813075571553710e-04 to 2.3813075571553811e-04 seconds.
Warning: Simulation tolerance relaxed to achieve convergence from 2.3813075571557521e-04 to 2.3813075571557622e-04 seconds.
Warning: Simulation tolerance relaxed to achieve convergence from 2.3813075571558223e-04 to 2.3813075571558324e-04 seconds.
Warning: Simulation tolerance relaxed to achieve convergence from 2.3813075571558424e-04 to 2.3813075571558524e-04 seconds.
Warning: Simulation tolerance relaxed to achieve convergence from 2.3813075571560831e-04 to 2.3813075571560931e-04 seconds.
Warning: Simulation tolerance relaxed to achieve convergence from 2.3813075571561132e-04 to 2.3813075571561232e-04 seconds.
Warning: Simulation tolerance relaxed to achieve convergence from 2.3813075571562335e-04 to 2.3813075571562435e-04 seconds.
Warning: Simulation tolerance relaxed to achieve convergence from 2.3813075571569255e-04 to 2.3813075571569355e-04 seconds.
Warning: Simulation tolerance relaxed to achieve convergence from 2.3813075571570358e-04 to 2.3813075571570459e-04 seconds.
Warning: Simulation tolerance relaxed to achieve convergence from 2.3813075571570559e-04 to 2.3813075571570659e-04 seconds.
Warning: Simulation tolerance relaxed to achieve convergence from 2.3813075571572865e-04 to 2.3813075571572966e-04 seconds.
Warning: Simulation tolerance relaxed to achieve convergence from 2.3813075571573868e-04 to 2.3813075571573969e-04 seconds.
Warning: Simulation tolerance relaxed to achieve convergence from 2.3813075571574871e-04 to 2.3813075571574972e-04 seconds.
Warning: Simulation tolerance relaxed to achieve convergence from 2.3813075571575473e-04 to 2.3813075571575573e-04 seconds.
Warning: Simulation tolerance relaxed to achieve convergence from 2.3813075571584198e-04 to 2.3813075571584298e-04 seconds.
Warning: Simulation tolerance relaxed to achieve convergence from 2.3813075571584800e-04 to 2.3813075571584900e-04 seconds.
Warning: Simulation tolerance relaxed to achieve convergence from 2.3813075571594127e-04 to 2.3813075571594227e-04 seconds.
Warning: Simulation tolerance relaxed to achieve convergence from 2.3813075571597236e-04 to 2.3813075571597336e-04 seconds.
Warning: Simulation tolerance relaxed to achieve convergence from 2.3813075571599041e-04 to 2.3813075571599141e-04 seconds.
Warning: Simulation tolerance relaxed to achieve convergence from 2.3813075571599643e-04 to 2.3813075571599743e-04 seconds.
Warning: Simulation tolerance relaxed to achieve convergence from 2.3813075571600946e-04 to 2.3813075571601047e-04 seconds.
Warning: Simulation tolerance relaxed to achieve convergence from 2.3813075571602451e-04 to 2.3813075571602551e-04 seconds.
Warning: Simulation tolerance relaxed to achieve convergence from 2.3813075571602651e-04 to 2.3813075571602752e-04 seconds.
Warning: Simulation tolerance relaxed to achieve convergence from 2.3813075571603554e-04 to 2.3813075571603654e-04 seconds.
Warning: Simulation tolerance relaxed to achieve convergence from 2.3813075571605660e-04 to 2.3813075571605760e-04 seconds.
Warning: Simulation tolerance relaxed to achieve convergence from 2.3813075571606061e-04 to 2.3813075571606161e-04 seconds.
Warning: Simulation tolerance relaxed to achieve convergence from 2.3813075571606964e-04 to 2.3813075571607064e-04 seconds.
Warning: Simulation tolerance relaxed to achieve convergence from 2.3813075571607164e-04 to 2.3813075571607265e-04 seconds.
Warning: Simulation tolerance relaxed to achieve convergence from 2.3813075571607365e-04 to 2.3813075571607465e-04 seconds.
Warning: Simulation tolerance relaxed to achieve convergence from 2.3813075571608969e-04 to 2.3813075571609070e-04 seconds.
Warning: Simulation tolerance relaxed to achieve convergence from 2.3813075571609571e-04 to 2.3813075571609671e-04 seconds.
Warning: Simulation tolerance relaxed to achieve convergence from 2.3813075571610474e-04 to 2.3813075571610574e-04 seconds.
Warning: Simulation tolerance relaxed to achieve convergence from 2.3813075571610674e-04 to 2.3813075571610775e-04 seconds.
Warning: Simulation tolerance relaxed to achieve convergence from 2.3813075571618697e-04 to 2.3813075571618798e-04 seconds.
Warning: Simulation tolerance relaxed to achieve convergence from 2.3813075571618998e-04 to 2.3813075571619099e-04 seconds.
Warning: Simulation tolerance relaxed to achieve convergence from 2.3813075571623511e-04 to 2.3813075571623612e-04 seconds.
Warning: Simulation tolerance relaxed to achieve convergence from 2.3813075571650188e-04 to 2.3813075571650288e-04 seconds.
Warning: Simulation tolerance relaxed to achieve convergence from 2.3813075571657108e-04 to 2.3813075571657208e-04 seconds.
Warning: Simulation tolerance relaxed to achieve convergence from 2.3813075571660518e-04 to 2.3813075571660618e-04 seconds.
Warning: Simulation tolerance relaxed to achieve convergence from 2.3813075571662423e-04 to 2.3813075571662524e-04 seconds.
Warning: Simulation tolerance relaxed to achieve convergence from 2.3813075571663526e-04 to 2.3813075571663627e-04 seconds.
Warning: Simulation tolerance relaxed to achieve convergence from 2.3813075571664028e-04 to 2.3813075571664128e-04 seconds.
Warning: Simulation tolerance relaxed to achieve convergence from 2.3813075571664630e-04 to 2.3813075571664730e-04 seconds.
Warning: Simulation tolerance relaxed to achieve convergence from 2.3813075571665231e-04 to 2.3813075571665332e-04 seconds.
Warning: Simulation tolerance relaxed to achieve convergence from 2.3813075571665833e-04 to 2.3813075571665933e-04 seconds.
Warning: Simulation tolerance relaxed to achieve convergence from 2.3813075571667037e-04 to 2.3813075571667137e-04 seconds.
Warning: Simulation tolerance relaxed to achieve convergence from 2.3813075571667237e-04 to 2.3813075571667337e-04 seconds.
Warning: Simulation tolerance relaxed to achieve convergence from 2.3813075571667538e-04 to 2.3813075571667638e-04 seconds.
Warning: Simulation tolerance relaxed to achieve convergence from 2.3813075571668340e-04 to 2.3813075571668441e-04 seconds.
Warning: Simulation tolerance relaxed to achieve convergence from 2.3813075571669143e-04 to 2.3813075571669243e-04 seconds.
Warning: Simulation tolerance relaxed to achieve convergence from 2.3813075571670045e-04 to 2.3813075571670146e-04 seconds.
Warning: Simulation tolerance relaxed to achieve convergence from 2.3813075571670246e-04 to 2.3813075571670346e-04 seconds.
Warning: Simulation tolerance relaxed to achieve convergence from 2.3813075571671249e-04 to 2.3813075571671349e-04 seconds.
Warning: Simulation tolerance relaxed to achieve convergence from 2.3813075571672954e-04 to 2.3813075571673054e-04 seconds.
Warning: Simulation tolerance relaxed to achieve convergence from 2.3813075571673856e-04 to 2.3813075571673956e-04 seconds.
Warning: Simulation tolerance relaxed to achieve convergence from 2.3813075571677065e-04 to 2.3813075571677166e-04 seconds.
Warning: Simulation tolerance relaxed to achieve convergence from 2.3813075571680375e-04 to 2.3813075571680475e-04 seconds.
Warning: Simulation tolerance relaxed to achieve convergence from 2.3813075571684788e-04 to 2.3813075571684888e-04 seconds.
Warning: Simulation tolerance relaxed to achieve convergence from 2.3813075571693112e-04 to 2.3813075571693212e-04 seconds.
Warning: Simulation tolerance relaxed to achieve convergence from 2.3813075571694115e-04 to 2.3813075571694215e-04 seconds.
Warning: Simulation tolerance relaxed to achieve convergence from 2.3813075571695819e-04 to 2.3813075571695920e-04 seconds.
Warning: Simulation tolerance relaxed to achieve convergence from 2.3813075571696321e-04 to 2.3813075571696421e-04 seconds.
Warning: Simulation tolerance relaxed to achieve convergence from 2.3813075571700332e-04 to 2.3813075571700433e-04 seconds.
Warning: Simulation tolerance relaxed to achieve convergence from 2.3813075571700633e-04 to 2.3813075571700734e-04 seconds.
Warning: Simulation tolerance relaxed to achieve convergence from 2.3813075571700934e-04 to 2.3813075571701034e-04 seconds.
Warning: Simulation tolerance relaxed to achieve convergence from 2.3813075571705247e-04 to 2.3813075571705347e-04 seconds.
Warning: Simulation tolerance relaxed to achieve convergence from 2.3813075571706550e-04 to 2.3813075571706651e-04 seconds.
Warning: Simulation tolerance relaxed to achieve convergence from 2.3813075571711966e-04 to 2.3813075571712066e-04 seconds.
Warning: Simulation tolerance relaxed to achieve convergence from 2.3813075571714172e-04 to 2.3813075571714273e-04 seconds.
Warning: Simulation tolerance relaxed to achieve convergence from 2.3813075571715877e-04 to 2.3813075571715977e-04 seconds.
Warning: Simulation tolerance relaxed to achieve convergence from 2.3813075571716880e-04 to 2.3813075571716980e-04 seconds.
Warning: Simulation tolerance relaxed to achieve convergence from 2.3813075571717181e-04 to 2.3813075571717281e-04 seconds.
Warning: Simulation tolerance relaxed to achieve convergence from 2.3813075571717582e-04 to 2.3813075571717682e-04 seconds.
Warning: Simulation tolerance relaxed to achieve convergence from 2.3813075571718585e-04 to 2.3813075571718685e-04 seconds.
Warning: Simulation tolerance relaxed to achieve convergence from 2.3813075571720691e-04 to 2.3813075571720791e-04 seconds.
Warning: Simulation tolerance relaxed to achieve convergence from 2.3813075571727009e-04 to 2.3813075571727110e-04 seconds.
Warning: Simulation tolerance relaxed to achieve convergence from 2.3813075571728814e-04 to 2.3813075571728915e-04 seconds.
Warning: Simulation tolerance relaxed to achieve convergence from 2.3813075571738843e-04 to 2.3813075571738944e-04 seconds.
Warning: Simulation tolerance relaxed to achieve convergence from 2.3813075571739445e-04 to 2.3813075571739545e-04 seconds.
Warning: Simulation tolerance relaxed to achieve convergence from 2.3813075571739646e-04 to 2.3813075571739746e-04 seconds.
Warning: Simulation tolerance relaxed to achieve convergence from 2.3813075571741651e-04 to 2.3813075571741752e-04 seconds.
Warning: Simulation tolerance relaxed to achieve convergence from 2.3813075571742955e-04 to 2.3813075571743055e-04 seconds.
Warning: Simulation tolerance relaxed to achieve convergence from 2.3813075571743156e-04 to 2.3813075571743256e-04 seconds.
Warning: Simulation tolerance relaxed to achieve convergence from 2.3813075571744359e-04 to 2.3813075571744459e-04 seconds.
Warning: Simulation tolerance relaxed to achieve convergence from 2.3813075571748772e-04 to 2.3813075571748872e-04 seconds.
Warning: Simulation tolerance relaxed to achieve convergence from 2.3813075571753686e-04 to 2.3813075571753786e-04 seconds.
Warning: Simulation tolerance relaxed to achieve convergence from 2.3813075571753887e-04 to 2.3813075571753987e-04 seconds.
Warning: Simulation tolerance relaxed to achieve convergence from 2.3813075571758801e-04 to 2.3813075571758901e-04 seconds.
Warning: Simulation tolerance relaxed to achieve convergence from 2.3813075571759402e-04 to 2.3813075571759503e-04 seconds.
Warning: Simulation tolerance relaxed to achieve convergence from 2.3813075571759603e-04 to 2.3813075571759703e-04 seconds.
Warning: Simulation tolerance relaxed to achieve convergence from 2.3813075571762110e-04 to 2.3813075571762211e-04 seconds.
Warning: Simulation tolerance relaxed to achieve convergence from 2.3813075571763414e-04 to 2.3813075571763514e-04 seconds.
Warning: Simulation tolerance relaxed to achieve convergence from 2.3813075571763615e-04 to 2.3813075571763715e-04 seconds.
Warning: Simulation tolerance relaxed to achieve convergence from 2.3813075571770334e-04 to 2.3813075571770434e-04 seconds.
Warning: Simulation tolerance relaxed to achieve convergence from 2.3813075571770535e-04 to 2.3813075571770635e-04 seconds.
Warning: Simulation tolerance relaxed to achieve convergence from 2.3813075571770735e-04 to 2.3813075571770835e-04 seconds.
Warning: Simulation tolerance relaxed to achieve convergence from 2.3813075571771838e-04 to 2.3813075571771939e-04 seconds.
Warning: Simulation tolerance relaxed to achieve convergence from 2.3813075571772039e-04 to 2.3813075571772139e-04 seconds.
Warning: Simulation tolerance relaxed to achieve convergence from 2.3813075571773643e-04 to 2.3813075571773744e-04 seconds.
Warning: Simulation tolerance relaxed to achieve convergence from 2.3813075571785678e-04 to 2.3813075571785778e-04 seconds.
Warning: Simulation tolerance relaxed to achieve convergence from 2.3813075571815664e-04 to 2.3813075571815765e-04 seconds.
Warning: Simulation tolerance relaxed to achieve convergence from 2.3813075571815865e-04 to 2.3813075571815965e-04 seconds.
Warning: Simulation tolerance relaxed to achieve convergence from 2.3813075571820879e-04 to 2.3813075571820980e-04 seconds.
Warning: Simulation tolerance relaxed to achieve convergence from 2.3813075571825994e-04 to 2.3813075571826094e-04 seconds.
Warning: Simulation tolerance relaxed to achieve convergence from 2.3813075571827398e-04 to 2.3813075571827499e-04 seconds.
Warning: Simulation tolerance relaxed to achieve convergence from 2.3813075571827900e-04 to 2.3813075571828000e-04 seconds.
Warning: Simulation tolerance relaxed to achieve convergence from 2.3813075571830607e-04 to 2.3813075571830708e-04 seconds.
Warning: Simulation tolerance relaxed to achieve convergence from 2.3813075571833416e-04 to 2.3813075571833516e-04 seconds.
Warning: Simulation tolerance relaxed to achieve convergence from 2.3813075571836424e-04 to 2.3813075571836524e-04 seconds.
Warning: Simulation tolerance relaxed to achieve convergence from 2.3813075571838430e-04 to 2.3813075571838530e-04 seconds.
Warning: Simulation tolerance relaxed to achieve convergence from 2.3813075571839633e-04 to 2.3813075571839734e-04 seconds.
Warning: Simulation tolerance relaxed to achieve convergence from 2.3813075571840235e-04 to 2.3813075571840335e-04 seconds.
Warning: Simulation tolerance relaxed to achieve convergence from 2.3813075571841840e-04 to 2.3813075571841940e-04 seconds.
Warning: Simulation tolerance relaxed to achieve convergence from 2.3813075571844146e-04 to 2.3813075571844247e-04 seconds.
Warning: Simulation tolerance relaxed to achieve convergence from 2.3813075571856181e-04 to 2.3813075571856281e-04 seconds.
Warning: Simulation tolerance relaxed to achieve convergence from 2.3813075571860594e-04 to 2.3813075571860694e-04 seconds.
Warning: Simulation tolerance relaxed to achieve convergence from 2.3813075571861998e-04 to 2.3813075571862098e-04 seconds.
Warning: Simulation tolerance relaxed to achieve convergence from 2.3813075571865107e-04 to 2.3813075571865207e-04 seconds.
Warning: Simulation tolerance relaxed to achieve convergence from 2.3813075571867413e-04 to 2.3813075571867514e-04 seconds.
Warning: Simulation tolerance relaxed to achieve convergence from 2.3813075571868918e-04 to 2.3813075571869018e-04 seconds.
Warning: Simulation tolerance relaxed to achieve convergence from 2.3813075571873631e-04 to 2.3813075571873732e-04 seconds.
Warning: Simulation tolerance relaxed to achieve convergence from 2.3813075571875938e-04 to 2.3813075571876038e-04 seconds.
Warning: Simulation tolerance relaxed to achieve convergence from 2.3813075571876439e-04 to 2.3813075571876540e-04 seconds.
Warning: Simulation tolerance relaxed to achieve convergence from 2.3813075571894291e-04 to 2.3813075571894391e-04 seconds.
Warning: Simulation tolerance relaxed to achieve convergence from 2.3813075571896196e-04 to 2.3813075571896297e-04 seconds.
Warning: Simulation tolerance relaxed to achieve convergence from 2.3813075571901612e-04 to 2.3813075571901712e-04 seconds.
Warning: Simulation tolerance relaxed to achieve convergence from 2.3813075571902214e-04 to 2.3813075571902314e-04 seconds.
Warning: Simulation tolerance relaxed to achieve convergence from 2.3813075571902916e-04 to 2.3813075571903016e-04 seconds.
Warning: Simulation tolerance relaxed to achieve convergence from 2.3813075571905022e-04 to 2.3813075571905122e-04 seconds.
Warning: Simulation tolerance relaxed to achieve convergence from 2.3813075571907228e-04 to 2.3813075571907328e-04 seconds.
Warning: Simulation tolerance relaxed to achieve convergence from 2.3813075571907429e-04 to 2.3813075571907529e-04 seconds.
Warning: Simulation tolerance relaxed to achieve convergence from 2.3813075571912242e-04 to 2.3813075571912343e-04 seconds.
Warning: Simulation tolerance relaxed to achieve convergence from 2.3813075571915351e-04 to 2.3813075571915452e-04 seconds.
Warning: Simulation tolerance relaxed to achieve convergence from 2.3813075571916956e-04 to 2.3813075571917056e-04 seconds.
Warning: Simulation tolerance relaxed to achieve convergence from 2.3813075571917959e-04 to 2.3813075571918059e-04 seconds.
Warning: Simulation tolerance relaxed to achieve convergence from 2.3813075571918260e-04 to 2.3813075571918360e-04 seconds.
Warning: Simulation tolerance relaxed to achieve convergence from 2.3813075571918460e-04 to 2.3813075571918561e-04 seconds.
Warning: Simulation tolerance relaxed to achieve convergence from 2.3813075571918761e-04 to 2.3813075571918862e-04 seconds.
Warning: Simulation tolerance relaxed to achieve convergence from 2.3813075571921068e-04 to 2.3813075571921168e-04 seconds.
Warning: Simulation tolerance relaxed to achieve convergence from 2.3813075571922572e-04 to 2.3813075571922672e-04 seconds.
Warning: Simulation tolerance relaxed to achieve convergence from 2.3813075571922873e-04 to 2.3813075571922973e-04 seconds.
Warning: Simulation tolerance relaxed to achieve convergence from 2.3813075571925681e-04 to 2.3813075571925781e-04 seconds.
Warning: Simulation tolerance relaxed to achieve convergence from 2.3813075571925882e-04 to 2.3813075571925982e-04 seconds.
Warning: Simulation tolerance relaxed to achieve convergence from 2.3813075571926183e-04 to 2.3813075571926283e-04 seconds.
Warning: Simulation tolerance relaxed to achieve convergence from 2.3813075571929292e-04 to 2.3813075571929392e-04 seconds.
Warning: Simulation tolerance relaxed to achieve convergence from 2.3813075571930194e-04 to 2.3813075571930294e-04 seconds.
Warning: Simulation tolerance relaxed to achieve convergence from 2.3813075571931097e-04 to 2.3813075571931197e-04 seconds.
Warning: Simulation tolerance relaxed to achieve convergence from 2.3813075571931297e-04 to 2.3813075571931398e-04 seconds.
Warning: Simulation tolerance relaxed to achieve convergence from 2.3813075571932501e-04 to 2.3813075571932601e-04 seconds.
Warning: Simulation tolerance relaxed to achieve convergence from 2.3813075571932701e-04 to 2.3813075571932802e-04 seconds.
Warning: Simulation tolerance relaxed to achieve convergence from 2.3813075571933303e-04 to 2.3813075571933403e-04 seconds.
Warning: Simulation tolerance relaxed to achieve convergence from 2.3813075571933504e-04 to 2.3813075571933604e-04 seconds.
Warning: Simulation tolerance relaxed to achieve convergence from 2.3813075571934707e-04 to 2.3813075571934807e-04 seconds.
Warning: Simulation tolerance relaxed to achieve convergence from 2.3813075571934908e-04 to 2.3813075571935008e-04 seconds.
Warning: Simulation tolerance relaxed to achieve convergence from 2.3813075571936211e-04 to 2.3813075571936312e-04 seconds.
Warning: Simulation tolerance relaxed to achieve convergence from 2.3813075571936813e-04 to 2.3813075571936913e-04 seconds.
Warning: Simulation tolerance relaxed to achieve convergence from 2.3813075571938017e-04 to 2.3813075571938117e-04 seconds.
Warning: Simulation tolerance relaxed to achieve convergence from 2.3813075571938217e-04 to 2.3813075571938318e-04 seconds.
Warning: Simulation tolerance relaxed to achieve convergence from 2.3813075571938418e-04 to 2.3813075571938518e-04 seconds.
Warning: Simulation tolerance relaxed to achieve convergence from 2.3813075571950854e-04 to 2.3813075571950954e-04 seconds.
Warning: Simulation tolerance relaxed to achieve convergence from 2.3813075571951154e-04 to 2.3813075571951255e-04 seconds.
Warning: Simulation tolerance relaxed to achieve convergence from 2.3813075571951756e-04 to 2.3813075571951856e-04 seconds.
Warning: Simulation tolerance relaxed to achieve convergence from 2.3813075571953261e-04 to 2.3813075571953361e-04 seconds.
Warning: Simulation tolerance relaxed to achieve convergence from 2.3813075571954665e-04 to 2.3813075571954765e-04 seconds.
Warning: Simulation tolerance relaxed to achieve convergence from 2.3813075571954865e-04 to 2.3813075571954965e-04 seconds.
Warning: Simulation tolerance relaxed to achieve convergence from 2.3813075571956771e-04 to 2.3813075571956871e-04 seconds.
Warning: Simulation tolerance relaxed to achieve convergence from 2.3813075571958877e-04 to 2.3813075571958977e-04 seconds.
Warning: Simulation tolerance relaxed to achieve convergence from 2.3813075571959478e-04 to 2.3813075571959579e-04 seconds.
Warning: Simulation tolerance relaxed to achieve convergence from 2.3813075571960381e-04 to 2.3813075571960481e-04 seconds.
Warning: Simulation tolerance relaxed to achieve convergence from 2.3813075571962387e-04 to 2.3813075571962487e-04 seconds.
Warning: Simulation tolerance relaxed to achieve convergence from 2.3813075571962587e-04 to 2.3813075571962688e-04 seconds.
Warning: Simulation tolerance relaxed to achieve convergence from 2.3813075571962788e-04 to 2.3813075571962888e-04 seconds.
Warning: Simulation tolerance relaxed to achieve convergence from 2.3813075571964493e-04 to 2.3813075571964593e-04 seconds.
Warning: Simulation tolerance relaxed to achieve convergence from 2.3813075571965395e-04 to 2.3813075571965496e-04 seconds.
Warning: Simulation tolerance relaxed to achieve convergence from 2.3813075571966298e-04 to 2.3813075571966398e-04 seconds.
Warning: Simulation tolerance relaxed to achieve convergence from 2.3813075571967301e-04 to 2.3813075571967401e-04 seconds.
Warning: Simulation tolerance relaxed to achieve convergence from 2.3813075571969507e-04 to 2.3813075571969608e-04 seconds.
Warning: Simulation tolerance relaxed to achieve convergence from 2.3813075571973519e-04 to 2.3813075571973619e-04 seconds.
Warning: Simulation tolerance relaxed to achieve convergence from 2.3813075571974221e-04 to 2.3813075571974321e-04 seconds.
Warning: Simulation tolerance relaxed to achieve convergence from 2.3813075571975123e-04 to 2.3813075571975224e-04 seconds.
Warning: Simulation tolerance relaxed to achieve convergence from 2.3813075571975324e-04 to 2.3813075571975424e-04 seconds.
Warning: Simulation tolerance relaxed to achieve convergence from 2.3813075571976126e-04 to 2.3813075571976227e-04 seconds.
Warning: Simulation tolerance relaxed to achieve convergence from 2.3813075571977430e-04 to 2.3813075571977530e-04 seconds.
Warning: Simulation tolerance relaxed to achieve convergence from 2.3813075571978433e-04 to 2.3813075571978533e-04 seconds.
Warning: Simulation tolerance relaxed to achieve convergence from 2.3813075571982043e-04 to 2.3813075571982144e-04 seconds.
Warning: Simulation tolerance relaxed to achieve convergence from 2.3813075571982545e-04 to 2.3813075571982645e-04 seconds.
Warning: Simulation tolerance relaxed to achieve convergence from 2.3813075571983548e-04 to 2.3813075571983648e-04 seconds.
Warning: Simulation tolerance relaxed to achieve convergence from 2.3813075571983849e-04 to 2.3813075571983949e-04 seconds.
Warning: Simulation tolerance relaxed to achieve convergence from 2.3813075571984149e-04 to 2.3813075571984250e-04 seconds.
Warning: Simulation tolerance relaxed to achieve convergence from 2.3813075571984751e-04 to 2.3813075571984851e-04 seconds.
Warning: Simulation tolerance relaxed to achieve convergence from 2.3813075571985955e-04 to 2.3813075571986055e-04 seconds.
Warning: Simulation tolerance relaxed to achieve convergence from 2.3813075571986456e-04 to 2.3813075571986556e-04 seconds.
Warning: Simulation tolerance relaxed to achieve convergence from 2.3813075571986657e-04 to 2.3813075571986757e-04 seconds.
Warning: Simulation tolerance relaxed to achieve convergence from 2.3813075571986857e-04 to 2.3813075571986958e-04 seconds.
Warning: Simulation tolerance relaxed to achieve convergence from 2.3813075571987860e-04 to 2.3813075571987960e-04 seconds.
Warning: Simulation tolerance relaxed to achieve convergence from 2.3813075571991872e-04 to 2.3813075571991972e-04 seconds.
Warning: Simulation tolerance relaxed to achieve convergence from 2.3813075571992473e-04 to 2.3813075571992574e-04 seconds.
Warning: Simulation tolerance relaxed to achieve convergence from 2.3813075571994078e-04 to 2.3813075571994178e-04 seconds.
Warning: Simulation tolerance relaxed to achieve convergence from 2.3813075571994379e-04 to 2.3813075571994479e-04 seconds.
Warning: Simulation tolerance relaxed to achieve convergence from 2.3813075571994579e-04 to 2.3813075571994680e-04 seconds.
Warning: Simulation tolerance relaxed to achieve convergence from 2.3813075571995081e-04 to 2.3813075571995181e-04 seconds.
Warning: Simulation tolerance relaxed to achieve convergence from 2.3813075572013634e-04 to 2.3813075572013735e-04 seconds.
Warning: Simulation tolerance relaxed to achieve convergence from 2.3813075572014537e-04 to 2.3813075572014637e-04 seconds.
Warning: Simulation tolerance relaxed to achieve convergence from 2.3813075572017144e-04 to 2.3813075572017245e-04 seconds.
Warning: Simulation tolerance relaxed to achieve convergence from 2.3813075572025268e-04 to 2.3813075572025368e-04 seconds.
Warning: Simulation tolerance relaxed to achieve convergence from 2.3813075572026672e-04 to 2.3813075572026772e-04 seconds.
Warning: Simulation tolerance relaxed to achieve convergence from 2.3813075572030583e-04 to 2.3813075572030683e-04 seconds.
Warning: Simulation tolerance relaxed to achieve convergence from 2.3813075572036901e-04 to 2.3813075572037002e-04 seconds.
Warning: Simulation tolerance relaxed to achieve convergence from 2.3813075572062074e-04 to 2.3813075572062174e-04 seconds.
Warning: Simulation tolerance relaxed to achieve convergence from 2.3813075572067590e-04 to 2.3813075572067690e-04 seconds.
Warning: Simulation tolerance relaxed to achieve convergence from 2.3813075572069194e-04 to 2.3813075572069295e-04 seconds.
Warning: Simulation tolerance relaxed to achieve convergence from 2.3813075572080326e-04 to 2.3813075572080427e-04 seconds.
Warning: Simulation tolerance relaxed to achieve convergence from 2.3813075572080627e-04 to 2.3813075572080727e-04 seconds.
Warning: Simulation tolerance relaxed to achieve convergence from 2.3813075572080828e-04 to 2.3813075572080928e-04 seconds.
Warning: Simulation tolerance relaxed to achieve convergence from 2.3813075572081530e-04 to 2.3813075572081630e-04 seconds.
Warning: Simulation tolerance relaxed to achieve convergence from 2.3813075572082132e-04 to 2.3813075572082232e-04 seconds.
Warning: Simulation tolerance relaxed to achieve convergence from 2.3813075572082332e-04 to 2.3813075572082432e-04 seconds.
Warning: Simulation tolerance relaxed to achieve convergence from 2.3813075572100183e-04 to 2.3813075572100284e-04 seconds.
Warning: Simulation tolerance relaxed to achieve convergence from 2.3813075572103694e-04 to 2.3813075572103794e-04 seconds.
Warning: Simulation tolerance relaxed to achieve convergence from 2.3813075572104396e-04 to 2.3813075572104496e-04 seconds.
Warning: Simulation tolerance relaxed to achieve convergence from 2.3813075572109109e-04 to 2.3813075572109209e-04 seconds.
Warning: Simulation tolerance relaxed to achieve convergence from 2.3813075572109911e-04 to 2.3813075572110012e-04 seconds.
Warning: Simulation tolerance relaxed to achieve convergence from 2.3813075572113321e-04 to 2.3813075572113422e-04 seconds.
Warning: Simulation tolerance relaxed to achieve convergence from 2.3813075572135786e-04 to 2.3813075572135886e-04 seconds.
Warning: Simulation tolerance relaxed to achieve convergence from 2.3813075572141402e-04 to 2.3813075572141502e-04 seconds.
Warning: Simulation tolerance relaxed to achieve convergence from 2.3813075572142305e-04 to 2.3813075572142405e-04 seconds.
Warning: Simulation tolerance relaxed to achieve convergence from 2.3813075572143909e-04 to 2.3813075572144010e-04 seconds.
Warning: Simulation tolerance relaxed to achieve convergence from 2.3813075572144411e-04 to 2.3813075572144511e-04 seconds.
Warning: Simulation tolerance relaxed to achieve convergence from 2.3813075572145213e-04 to 2.3813075572145313e-04 seconds.
Warning: Simulation tolerance relaxed to achieve convergence from 2.3813075572146617e-04 to 2.3813075572146717e-04 seconds.
Warning: Simulation tolerance relaxed to achieve convergence from 2.3813075572150629e-04 to 2.3813075572150729e-04 seconds.
Warning: Simulation tolerance relaxed to achieve convergence from 2.3813075572153336e-04 to 2.3813075572153437e-04 seconds.
Warning: Simulation tolerance relaxed to achieve convergence from 2.3813075572156445e-04 to 2.3813075572156546e-04 seconds.
Warning: Simulation tolerance relaxed to achieve convergence from 2.3813075572161460e-04 to 2.3813075572161560e-04 seconds.
Warning: Simulation tolerance relaxed to achieve convergence from 2.3813075572162062e-04 to 2.3813075572162162e-04 seconds.
Warning: Simulation tolerance relaxed to achieve convergence from 2.3813075572162663e-04 to 2.3813075572162764e-04 seconds.
Warning: Simulation tolerance relaxed to achieve convergence from 2.3813075572165772e-04 to 2.3813075572165873e-04 seconds.
Warning: Simulation tolerance relaxed to achieve convergence from 2.3813075572170486e-04 to 2.3813075572170586e-04 seconds.
Warning: Simulation tolerance relaxed to achieve convergence from 2.3813075572170686e-04 to 2.3813075572170787e-04 seconds.
Warning: Simulation tolerance relaxed to achieve convergence from 2.3813075572170887e-04 to 2.3813075572170987e-04 seconds.
Warning: Simulation tolerance relaxed to achieve convergence from 2.3813075572171088e-04 to 2.3813075572171188e-04 seconds.
Warning: Simulation tolerance relaxed to achieve convergence from 2.3813075572174598e-04 to 2.3813075572174698e-04 seconds.
Warning: Simulation tolerance relaxed to achieve convergence from 2.3813075572176202e-04 to 2.3813075572176303e-04 seconds.
Warning: Simulation tolerance relaxed to achieve convergence from 2.3813075572188036e-04 to 2.3813075572188137e-04 seconds.
Warning: Simulation tolerance relaxed to achieve convergence from 2.3813075572190343e-04 to 2.3813075572190443e-04 seconds.
Warning: Simulation tolerance relaxed to achieve convergence from 2.3813075572218725e-04 to 2.3813075572218825e-04 seconds.
Warning: Simulation tolerance relaxed to achieve convergence from 2.3813075572219126e-04 to 2.3813075572219226e-04 seconds.
Warning: Simulation tolerance relaxed to achieve convergence from 2.3813075572223539e-04 to 2.3813075572223639e-04 seconds.
Warning: Simulation tolerance relaxed to achieve convergence from 2.3813075572236676e-04 to 2.3813075572236777e-04 seconds.
Warning: Simulation tolerance relaxed to achieve convergence from 2.3813075572238381e-04 to 2.3813075572238482e-04 seconds.
Warning: Simulation tolerance relaxed to achieve convergence from 2.3813075572241791e-04 to 2.3813075572241891e-04 seconds.
Warning: Simulation tolerance relaxed to achieve convergence from 2.3813075572247909e-04 to 2.3813075572248009e-04 seconds.
Warning: Simulation tolerance relaxed to achieve convergence from 2.3813075572268067e-04 to 2.3813075572268167e-04 seconds.
Warning: Simulation tolerance relaxed to achieve convergence from 2.3813075572268668e-04 to 2.3813075572268769e-04 seconds.
Warning: Simulation tolerance relaxed to achieve convergence from 2.3813075572268869e-04 to 2.3813075572268969e-04 seconds.
Warning: Simulation tolerance relaxed to achieve convergence from 2.3813075572271477e-04 to 2.3813075572271577e-04 seconds.
Warning: Simulation tolerance relaxed to achieve convergence from 2.3813075572274184e-04 to 2.3813075572274285e-04 seconds.
Warning: Simulation tolerance relaxed to achieve convergence from 2.3813075572277193e-04 to 2.3813075572277293e-04 seconds.
Warning: Simulation tolerance relaxed to achieve convergence from 2.3813075572278096e-04 to 2.3813075572278196e-04 seconds.
Warning: Simulation tolerance relaxed to achieve convergence from 2.3813075572321922e-04 to 2.3813075572322022e-04 seconds.
Warning: Simulation tolerance relaxed to achieve convergence from 2.3813075572347195e-04 to 2.3813075572347295e-04 seconds.
Warning: Simulation tolerance relaxed to achieve convergence from 2.3813075572348599e-04 to 2.3813075572348699e-04 seconds.
Warning: Simulation tolerance relaxed to achieve convergence from 2.3813075572349200e-04 to 2.3813075572349301e-04 seconds.
Warning: Simulation tolerance relaxed to achieve convergence from 2.3813075572350103e-04 to 2.3813075572350203e-04 seconds.
Warning: Simulation tolerance relaxed to achieve convergence from 2.3813075572352309e-04 to 2.3813075572352410e-04 seconds.
Warning: Simulation tolerance relaxed to achieve convergence from 2.3813075572353412e-04 to 2.3813075572353513e-04 seconds.
Warning: Simulation tolerance relaxed to achieve convergence from 2.3813075572353613e-04 to 2.3813075572353713e-04 seconds.
Warning: Simulation tolerance relaxed to achieve convergence from 2.3813075572353814e-04 to 2.3813075572353914e-04 seconds.
Warning: Simulation tolerance relaxed to achieve convergence from 2.3813075572354315e-04 to 2.3813075572354415e-04 seconds.
Warning: Simulation tolerance relaxed to achieve convergence from 2.3813075572361335e-04 to 2.3813075572361436e-04 seconds.
Warning: Simulation tolerance relaxed to achieve convergence from 2.3813075572361536e-04 to 2.3813075572361636e-04 seconds.
Warning: Simulation tolerance relaxed to achieve convergence from 2.3813075572361736e-04 to 2.3813075572361837e-04 seconds.
Warning: Simulation tolerance relaxed to achieve convergence from 2.3813075572361937e-04 to 2.3813075572362037e-04 seconds.
Warning: Simulation tolerance relaxed to achieve convergence from 2.3813075572362539e-04 to 2.3813075572362639e-04 seconds.
Warning: Simulation tolerance relaxed to achieve convergence from 2.3813075572362840e-04 to 2.3813075572362940e-04 seconds.
Warning: Simulation tolerance relaxed to achieve convergence from 2.3813075572363842e-04 to 2.3813075572363943e-04 seconds.
Warning: Simulation tolerance relaxed to achieve convergence from 2.3813075572364444e-04 to 2.3813075572364544e-04 seconds.
Warning: Simulation tolerance relaxed to achieve convergence from 2.3813075572364745e-04 to 2.3813075572364845e-04 seconds.
Warning: Simulation tolerance relaxed to achieve convergence from 2.3813075572365247e-04 to 2.3813075572365347e-04 seconds.
Warning: Simulation tolerance relaxed to achieve convergence from 2.3813075572365547e-04 to 2.3813075572365648e-04 seconds.
Warning: Simulation tolerance relaxed to achieve convergence from 2.3813075572365848e-04 to 2.3813075572365949e-04 seconds.
Warning: Simulation tolerance relaxed to achieve convergence from 2.3813075572366450e-04 to 2.3813075572366550e-04 seconds.
Warning: Simulation tolerance relaxed to achieve convergence from 2.3813075572366651e-04 to 2.3813075572366751e-04 seconds.
Warning: Simulation tolerance relaxed to achieve convergence from 2.3813075572367954e-04 to 2.3813075572368055e-04 seconds.
Warning: Simulation tolerance relaxed to achieve convergence from 2.3813075572368155e-04 to 2.3813075572368255e-04 seconds.
Warning: Simulation tolerance relaxed to achieve convergence from 2.3813075572368456e-04 to 2.3813075572368556e-04 seconds.
Warning: Simulation tolerance relaxed to achieve convergence from 2.3813075572370762e-04 to 2.3813075572370863e-04 seconds.
Warning: Simulation tolerance relaxed to achieve convergence from 2.3813075572372166e-04 to 2.3813075572372267e-04 seconds.
Warning: Simulation tolerance relaxed to achieve convergence from 2.3813075572372768e-04 to 2.3813075572372868e-04 seconds.
Warning: Simulation tolerance relaxed to achieve convergence from 2.3813075572372969e-04 to 2.3813075572373069e-04 seconds.
Warning: Simulation tolerance relaxed to achieve convergence from 2.3813075572374473e-04 to 2.3813075572374573e-04 seconds.
Warning: Simulation tolerance relaxed to achieve convergence from 2.3813075572374674e-04 to 2.3813075572374774e-04 seconds.
Warning: Simulation tolerance relaxed to achieve convergence from 2.3813075572375175e-04 to 2.3813075572375275e-04 seconds.
Warning: Simulation tolerance relaxed to achieve convergence from 2.3813075572378886e-04 to 2.3813075572378986e-04 seconds.
Warning: Simulation tolerance relaxed to achieve convergence from 2.3813075572379989e-04 to 2.3813075572380089e-04 seconds.
Warning: Simulation tolerance relaxed to achieve convergence from 2.3813075572380190e-04 to 2.3813075572380290e-04 seconds.
Warning: Simulation tolerance relaxed to achieve convergence from 2.3813075572380791e-04 to 2.3813075572380892e-04 seconds.
Warning: Simulation tolerance relaxed to achieve convergence from 2.3813075572381794e-04 to 2.3813075572381894e-04 seconds.
Warning: Simulation tolerance relaxed to achieve convergence from 2.3813075572381995e-04 to 2.3813075572382095e-04 seconds.
Warning: Simulation tolerance relaxed to achieve convergence from 2.3813075572391422e-04 to 2.3813075572391522e-04 seconds.
Warning: Simulation tolerance relaxed to achieve convergence from 2.3813075572393127e-04 to 2.3813075572393227e-04 seconds.
Warning: Simulation tolerance relaxed to achieve convergence from 2.3813075572393628e-04 to 2.3813075572393729e-04 seconds.
Warning: Simulation tolerance relaxed to achieve convergence from 2.3813075572402454e-04 to 2.3813075572402554e-04 seconds.
Warning: Simulation tolerance relaxed to achieve convergence from 2.3813075572404660e-04 to 2.3813075572404760e-04 seconds.
Warning: Simulation tolerance relaxed to achieve convergence from 2.3813075572406766e-04 to 2.3813075572406866e-04 seconds.
Warning: Simulation tolerance relaxed to achieve convergence from 2.3813075572415291e-04 to 2.3813075572415391e-04 seconds.
Warning: Simulation tolerance relaxed to achieve convergence from 2.3813075572416995e-04 to 2.3813075572417096e-04 seconds.
Warning: Simulation tolerance relaxed to achieve convergence from 2.3813075572420606e-04 to 2.3813075572420706e-04 seconds.
Warning: Simulation tolerance relaxed to achieve convergence from 2.3813075572420806e-04 to 2.3813075572420907e-04 seconds.
Warning: Simulation tolerance relaxed to achieve convergence from 2.3813075572421007e-04 to 2.3813075572421107e-04 seconds.
Warning: Simulation tolerance relaxed to achieve convergence from 2.3813075572422210e-04 to 2.3813075572422311e-04 seconds.
Warning: Simulation tolerance relaxed to achieve convergence from 2.3813075572423414e-04 to 2.3813075572423514e-04 seconds.
Warning: Simulation tolerance relaxed to achieve convergence from 2.3813075572423615e-04 to 2.3813075572423715e-04 seconds.
Warning: Simulation tolerance relaxed to achieve convergence from 2.3813075572424116e-04 to 2.3813075572424216e-04 seconds.
Warning: Simulation tolerance relaxed to achieve convergence from 2.3813075572424617e-04 to 2.3813075572424718e-04 seconds.
Warning: Simulation tolerance relaxed to achieve convergence from 2.3813075572425119e-04 to 2.3813075572425219e-04 seconds.
Warning: Simulation tolerance relaxed to achieve convergence from 2.3813075572430835e-04 to 2.3813075572430936e-04 seconds.
Warning: Simulation tolerance relaxed to achieve convergence from 2.3813075572431036e-04 to 2.3813075572431136e-04 seconds.
Warning: Simulation tolerance relaxed to achieve convergence from 2.3813075572431236e-04 to 2.3813075572431337e-04 seconds.
Warning: Simulation tolerance relaxed to achieve convergence from 2.3813075572435549e-04 to 2.3813075572435649e-04 seconds.
Warning: Simulation tolerance relaxed to achieve convergence from 2.3813075572439460e-04 to 2.3813075572439560e-04 seconds.
Warning: Simulation tolerance relaxed to achieve convergence from 2.3813075572440062e-04 to 2.3813075572440162e-04 seconds.
Warning: Simulation tolerance relaxed to achieve convergence from 2.3813075572440262e-04 to 2.3813075572440363e-04 seconds.
Warning: Simulation tolerance relaxed to achieve convergence from 2.3813075572444374e-04 to 2.3813075572444475e-04 seconds.
Warning: Simulation tolerance relaxed to achieve convergence from 2.3813075572445578e-04 to 2.3813075572445678e-04 seconds.
Warning: Simulation tolerance relaxed to achieve convergence from 2.3813075572446179e-04 to 2.3813075572446280e-04 seconds.
Warning: Simulation tolerance relaxed to achieve convergence from 2.3813075572446380e-04 to 2.3813075572446480e-04 seconds.
Warning: Simulation tolerance relaxed to achieve convergence from 2.3813075572446581e-04 to 2.3813075572446681e-04 seconds.
Warning: Simulation tolerance relaxed to achieve convergence from 2.3813075572450692e-04 to 2.3813075572450793e-04 seconds.
Warning: Simulation tolerance relaxed to achieve convergence from 2.3813075572451194e-04 to 2.3813075572451294e-04 seconds.
Warning: Simulation tolerance relaxed to achieve convergence from 2.3813075572451395e-04 to 2.3813075572451495e-04 seconds.
Warning: Simulation tolerance relaxed to achieve convergence from 2.3813075572453400e-04 to 2.3813075572453501e-04 seconds.
Warning: Simulation tolerance relaxed to achieve convergence from 2.3813075572454905e-04 to 2.3813075572455005e-04 seconds.
Warning: Simulation tolerance relaxed to achieve convergence from 2.3813075572461524e-04 to 2.3813075572461624e-04 seconds.
Warning: Simulation tolerance relaxed to achieve convergence from 2.3813075572461825e-04 to 2.3813075572461925e-04 seconds.
Warning: Simulation tolerance relaxed to achieve convergence from 2.3813075572462025e-04 to 2.3813075572462125e-04 seconds.
Warning: Simulation tolerance relaxed to achieve convergence from 2.3813075572463630e-04 to 2.3813075572463730e-04 seconds.
Warning: Simulation tolerance relaxed to achieve convergence from 2.3813075572464131e-04 to 2.3813075572464231e-04 seconds.
Warning: Simulation tolerance relaxed to achieve convergence from 2.3813075572464432e-04 to 2.3813075572464532e-04 seconds.
Warning: Simulation tolerance relaxed to achieve convergence from 2.3813075572467240e-04 to 2.3813075572467340e-04 seconds.
Warning: Simulation tolerance relaxed to achieve convergence from 2.3813075572473959e-04 to 2.3813075572474060e-04 seconds.
Warning: Simulation tolerance relaxed to achieve convergence from 2.3813075572476968e-04 to 2.3813075572477068e-04 seconds.
Warning: Simulation tolerance relaxed to achieve convergence from 2.3813075572481080e-04 to 2.3813075572481180e-04 seconds.
Warning: Simulation tolerance relaxed to achieve convergence from 2.3813075572486796e-04 to 2.3813075572486897e-04 seconds.
Warning: Simulation tolerance relaxed to achieve convergence from 2.3813075572488000e-04 to 2.3813075572488100e-04 seconds.
Warning: Simulation tolerance relaxed to achieve convergence from 2.3813075572488501e-04 to 2.3813075572488602e-04 seconds.
Warning: Simulation tolerance relaxed to achieve convergence from 2.3813075572488702e-04 to 2.3813075572488802e-04 seconds.
Warning: Simulation tolerance relaxed to achieve convergence from 2.3813075572491009e-04 to 2.3813075572491109e-04 seconds.
Warning: Simulation tolerance relaxed to achieve convergence from 2.3813075572507556e-04 to 2.3813075572507656e-04 seconds.
Warning: Simulation tolerance relaxed to achieve convergence from 2.3813075572508760e-04 to 2.3813075572508860e-04 seconds.
Warning: Simulation tolerance relaxed to achieve convergence from 2.3813075572510765e-04 to 2.3813075572510866e-04 seconds.
Warning: Simulation tolerance relaxed to achieve convergence from 2.3813075572512370e-04 to 2.3813075572512470e-04 seconds.
Warning: Simulation tolerance relaxed to achieve convergence from 2.3813075572513975e-04 to 2.3813075572514075e-04 seconds.
Warning: Simulation tolerance relaxed to achieve convergence from 2.3813075572514877e-04 to 2.3813075572514978e-04 seconds.
Warning: Simulation tolerance relaxed to achieve convergence from 2.3813075572517384e-04 to 2.3813075572517485e-04 seconds.
Warning: Simulation tolerance relaxed to achieve convergence from 2.3813075572519992e-04 to 2.3813075572520092e-04 seconds.
Warning: Simulation tolerance relaxed to achieve convergence from 2.3813075572526812e-04 to 2.3813075572526912e-04 seconds.
Warning: Simulation tolerance relaxed to achieve convergence from 2.3813075572532327e-04 to 2.3813075572532428e-04 seconds.
Warning: Simulation tolerance relaxed to achieve convergence from 2.3813075572533230e-04 to 2.3813075572533330e-04 seconds.
Warning: Simulation tolerance relaxed to achieve convergence from 2.3813075572538545e-04 to 2.3813075572538646e-04 seconds.
Warning: Simulation tolerance relaxed to achieve convergence from 2.3813075572538746e-04 to 2.3813075572538846e-04 seconds.
Warning: Simulation tolerance relaxed to achieve convergence from 2.3813075572538947e-04 to 2.3813075572539047e-04 seconds.
Warning: Simulation tolerance relaxed to achieve convergence from 2.3813075572543961e-04 to 2.3813075572544061e-04 seconds.
Warning: Simulation tolerance relaxed to achieve convergence from 2.3813075572544162e-04 to 2.3813075572544262e-04 seconds.
Warning: Simulation tolerance relaxed to achieve convergence from 2.3813075572548173e-04 to 2.3813075572548273e-04 seconds.
Warning: Simulation tolerance relaxed to achieve convergence from 2.3813075572548474e-04 to 2.3813075572548574e-04 seconds.
Warning: Simulation tolerance relaxed to achieve convergence from 2.3813075572552185e-04 to 2.3813075572552285e-04 seconds.
Warning: Simulation tolerance relaxed to achieve convergence from 2.3813075572558904e-04 to 2.3813075572559004e-04 seconds.
Warning: Simulation tolerance relaxed to achieve convergence from 2.3813075572560208e-04 to 2.3813075572560308e-04 seconds.
Warning: Simulation tolerance relaxed to achieve convergence from 2.3813075572562113e-04 to 2.3813075572562214e-04 seconds.
Warning: Simulation tolerance relaxed to achieve convergence from 2.3813075572563718e-04 to 2.3813075572563818e-04 seconds.
Warning: Simulation tolerance relaxed to achieve convergence from 2.3813075572563918e-04 to 2.3813075572564019e-04 seconds.
Warning: Simulation tolerance relaxed to achieve convergence from 2.3813075572564119e-04 to 2.3813075572564219e-04 seconds.
Warning: Simulation tolerance relaxed to achieve convergence from 2.3813075572564320e-04 to 2.3813075572564420e-04 seconds.
Warning: Simulation tolerance relaxed to achieve convergence from 2.3813075572564520e-04 to 2.3813075572564620e-04 seconds.
Warning: Simulation tolerance relaxed to achieve convergence from 2.3813075572566024e-04 to 2.3813075572566125e-04 seconds.
Warning: Simulation tolerance relaxed to achieve convergence from 2.3813075572566225e-04 to 2.3813075572566325e-04 seconds.
Warning: Simulation tolerance relaxed to achieve convergence from 2.3813075572568833e-04 to 2.3813075572568933e-04 seconds.
Warning: Simulation tolerance relaxed to achieve convergence from 2.3813075572571340e-04 to 2.3813075572571440e-04 seconds.
Warning: Simulation tolerance relaxed to achieve convergence from 2.3813075572571741e-04 to 2.3813075572571841e-04 seconds.
Warning: Simulation tolerance relaxed to achieve convergence from 2.3813075572572844e-04 to 2.3813075572572944e-04 seconds.
Warning: Simulation tolerance relaxed to achieve convergence from 2.3813075572575752e-04 to 2.3813075572575853e-04 seconds.
Warning: Simulation tolerance relaxed to achieve convergence from 2.3813075572580767e-04 to 2.3813075572580867e-04 seconds.
Warning: Simulation tolerance relaxed to achieve convergence from 2.3813075572582472e-04 to 2.3813075572582572e-04 seconds.
Warning: Simulation tolerance relaxed to achieve convergence from 2.3813075572582672e-04 to 2.3813075572582773e-04 seconds.
Warning: Simulation tolerance relaxed to achieve convergence from 2.3813075572582873e-04 to 2.3813075572582973e-04 seconds.
Warning: Simulation tolerance relaxed to achieve convergence from 2.3813075572583174e-04 to 2.3813075572583274e-04 seconds.
Warning: Simulation tolerance relaxed to achieve convergence from 2.3813075572583374e-04 to 2.3813075572583475e-04 seconds.
Warning: Simulation tolerance relaxed to achieve convergence from 2.3813075572594707e-04 to 2.3813075572594807e-04 seconds.
Warning: Simulation tolerance relaxed to achieve convergence from 2.3813075572595108e-04 to 2.3813075572595209e-04 seconds.
Warning: Simulation tolerance relaxed to achieve convergence from 2.3813075572599320e-04 to 2.3813075572599421e-04 seconds.
Warning: Simulation tolerance relaxed to achieve convergence from 2.3813075572601025e-04 to 2.3813075572601126e-04 seconds.
Warning: Simulation tolerance relaxed to achieve convergence from 2.3813075572603232e-04 to 2.3813075572603332e-04 seconds.
Warning: Simulation tolerance relaxed to achieve convergence from 2.3813075572603432e-04 to 2.3813075572603532e-04 seconds.
Warning: Simulation tolerance relaxed to achieve convergence from 2.3813075572603934e-04 to 2.3813075572604034e-04 seconds.
Warning: Simulation tolerance relaxed to achieve convergence from 2.3813075572604134e-04 to 2.3813075572604234e-04 seconds.
Warning: Simulation tolerance relaxed to achieve convergence from 2.3813075572605037e-04 to 2.3813075572605137e-04 seconds.
Warning: Simulation tolerance relaxed to achieve convergence from 2.3813075572605438e-04 to 2.3813075572605538e-04 seconds.
Warning: Simulation tolerance relaxed to achieve convergence from 2.3813075572605639e-04 to 2.3813075572605739e-04 seconds.
Warning: Simulation tolerance relaxed to achieve convergence from 2.3813075572606240e-04 to 2.3813075572606341e-04 seconds.
Warning: Simulation tolerance relaxed to achieve convergence from 2.3813075572607043e-04 to 2.3813075572607143e-04 seconds.
Warning: Simulation tolerance relaxed to achieve convergence from 2.3813075572607243e-04 to 2.3813075572607343e-04 seconds.
Warning: Simulation tolerance relaxed to achieve convergence from 2.3813075572609650e-04 to 2.3813075572609750e-04 seconds.
Warning: Simulation tolerance relaxed to achieve convergence from 2.3813075572610553e-04 to 2.3813075572610653e-04 seconds.
Warning: Simulation tolerance relaxed to achieve convergence from 2.3813075572611556e-04 to 2.3813075572611656e-04 seconds.
Warning: Simulation tolerance relaxed to achieve convergence from 2.3813075572611756e-04 to 2.3813075572611856e-04 seconds.
Warning: Simulation tolerance relaxed to achieve convergence from 2.3813075572612358e-04 to 2.3813075572612458e-04 seconds.
Warning: Simulation tolerance relaxed to achieve convergence from 2.3813075572613260e-04 to 2.3813075572613361e-04 seconds.
Warning: Simulation tolerance relaxed to achieve convergence from 2.3813075572614364e-04 to 2.3813075572614464e-04 seconds.
Warning: Simulation tolerance relaxed to achieve convergence from 2.3813075572614564e-04 to 2.3813075572614665e-04 seconds.
Warning: Simulation tolerance relaxed to achieve convergence from 2.3813075572615467e-04 to 2.3813075572615567e-04 seconds.
Warning: Simulation tolerance relaxed to achieve convergence from 2.3813075572617773e-04 to 2.3813075572617874e-04 seconds.
Warning: Simulation tolerance relaxed to achieve convergence from 2.3813075572618676e-04 to 2.3813075572618776e-04 seconds.
Warning: Simulation tolerance relaxed to achieve convergence from 2.3813075572619679e-04 to 2.3813075572619779e-04 seconds.
Warning: Simulation tolerance relaxed to achieve convergence from 2.3813075572620682e-04 to 2.3813075572620782e-04 seconds.
Warning: Simulation tolerance relaxed to achieve convergence from 2.3813075572621584e-04 to 2.3813075572621685e-04 seconds.
Warning: Simulation tolerance relaxed to achieve convergence from 2.3813075572622286e-04 to 2.3813075572622387e-04 seconds.
Warning: Simulation tolerance relaxed to achieve convergence from 2.3813075572623390e-04 to 2.3813075572623490e-04 seconds.
Warning: Simulation tolerance relaxed to achieve convergence from 2.3813075572625997e-04 to 2.3813075572626097e-04 seconds.
Warning: Simulation tolerance relaxed to achieve convergence from 2.3813075572627100e-04 to 2.3813075572627201e-04 seconds.
Warning: Simulation tolerance relaxed to achieve convergence from 2.3813075572628404e-04 to 2.3813075572628504e-04 seconds.
Warning: Simulation tolerance relaxed to achieve convergence from 2.3813075572629507e-04 to 2.3813075572629608e-04 seconds.
Warning: Simulation tolerance relaxed to achieve convergence from 2.3813075572629708e-04 to 2.3813075572629808e-04 seconds.
Warning: Simulation tolerance relaxed to achieve convergence from 2.3813075572630911e-04 to 2.3813075572631012e-04 seconds.
Warning: Simulation tolerance relaxed to achieve convergence from 2.3813075572633519e-04 to 2.3813075572633619e-04 seconds.
Warning: Simulation tolerance relaxed to achieve convergence from 2.3813075572634421e-04 to 2.3813075572634522e-04 seconds.
Warning: Simulation tolerance relaxed to achieve convergence from 2.3813075572638132e-04 to 2.3813075572638232e-04 seconds.
Warning: Simulation tolerance relaxed to achieve convergence from 2.3813075572639135e-04 to 2.3813075572639235e-04 seconds.
Warning: Simulation tolerance relaxed to achieve convergence from 2.3813075572640940e-04 to 2.3813075572641040e-04 seconds.
Warning: Simulation tolerance relaxed to achieve convergence from 2.3813075572641943e-04 to 2.3813075572642043e-04 seconds.
Warning: Simulation tolerance relaxed to achieve convergence from 2.3813075572642545e-04 to 2.3813075572642645e-04 seconds.
Warning: Simulation tolerance relaxed to achieve convergence from 2.3813075572646055e-04 to 2.3813075572646155e-04 seconds.
Warning: Simulation tolerance relaxed to achieve convergence from 2.3813075572648261e-04 to 2.3813075572648362e-04 seconds.
Warning: Simulation tolerance relaxed to achieve convergence from 2.3813075572649866e-04 to 2.3813075572649966e-04 seconds.
Warning: Simulation tolerance relaxed to achieve convergence from 2.3813075572650167e-04 to 2.3813075572650267e-04 seconds.
Warning: Simulation tolerance relaxed to achieve convergence from 2.3813075572651671e-04 to 2.3813075572651771e-04 seconds.
Warning: Simulation tolerance relaxed to achieve convergence from 2.3813075572652273e-04 to 2.3813075572652373e-04 seconds.
Warning: Simulation tolerance relaxed to achieve convergence from 2.3813075572652674e-04 to 2.3813075572652774e-04 seconds.
Warning: Simulation tolerance relaxed to achieve convergence from 2.3813075572652875e-04 to 2.3813075572652975e-04 seconds.
Warning: Simulation tolerance relaxed to achieve convergence from 2.3813075572655181e-04 to 2.3813075572655281e-04 seconds.
Warning: Simulation tolerance relaxed to achieve convergence from 2.3813075572657488e-04 to 2.3813075572657588e-04 seconds.
Warning: Simulation tolerance relaxed to achieve convergence from 2.3813075572660296e-04 to 2.3813075572660396e-04 seconds.
Warning: Simulation tolerance relaxed to achieve convergence from 2.3813075572662402e-04 to 2.3813075572662502e-04 seconds.
Warning: Simulation tolerance relaxed to achieve convergence from 2.3813075572662603e-04 to 2.3813075572662703e-04 seconds.
Warning: Simulation tolerance relaxed to achieve convergence from 2.3813075572663806e-04 to 2.3813075572663906e-04 seconds.
Warning: Simulation tolerance relaxed to achieve convergence from 2.3813075572664809e-04 to 2.3813075572664909e-04 seconds.
Warning: Simulation tolerance relaxed to achieve convergence from 2.3813075572666815e-04 to 2.3813075572666915e-04 seconds.
Warning: Simulation tolerance relaxed to achieve convergence from 2.3813075572667015e-04 to 2.3813075572667116e-04 seconds.
Warning: Simulation tolerance relaxed to achieve convergence from 2.3813075572670024e-04 to 2.3813075572670124e-04 seconds.
Warning: Simulation tolerance relaxed to achieve convergence from 2.3813075572670525e-04 to 2.3813075572670626e-04 seconds.
Warning: Simulation tolerance relaxed to achieve convergence from 2.3813075572672030e-04 to 2.3813075572672130e-04 seconds.
Warning: Simulation tolerance relaxed to achieve convergence from 2.3813075572673634e-04 to 2.3813075572673735e-04 seconds.
Warning: Simulation tolerance relaxed to achieve convergence from 2.3813075572677947e-04 to 2.3813075572678047e-04 seconds.
Warning: Simulation tolerance relaxed to achieve convergence from 2.3813075572678147e-04 to 2.3813075572678248e-04 seconds.
Warning: Simulation tolerance relaxed to achieve convergence from 2.3813075572680454e-04 to 2.3813075572680554e-04 seconds.
Warning: Simulation tolerance relaxed to achieve convergence from 2.3813075572680755e-04 to 2.3813075572680855e-04 seconds.
Warning: Simulation tolerance relaxed to achieve convergence from 2.3813075572681457e-04 to 2.3813075572681557e-04 seconds.
Warning: Simulation tolerance relaxed to achieve convergence from 2.3813075572682761e-04 to 2.3813075572682861e-04 seconds.
Warning: Simulation tolerance relaxed to achieve convergence from 2.3813075572684867e-04 to 2.3813075572684967e-04 seconds.
Warning: Simulation tolerance relaxed to achieve convergence from 2.3813075572685067e-04 to 2.3813075572685167e-04 seconds.
Warning: Simulation tolerance relaxed to achieve convergence from 2.3813075572688176e-04 to 2.3813075572688276e-04 seconds.
Warning: Simulation tolerance relaxed to achieve convergence from 2.3813075572689079e-04 to 2.3813075572689179e-04 seconds.
Warning: Simulation tolerance relaxed to achieve convergence from 2.3813075572689279e-04 to 2.3813075572689380e-04 seconds.
Warning: Simulation tolerance relaxed to achieve convergence from 2.3813075572689480e-04 to 2.3813075572689580e-04 seconds.
Warning: Simulation tolerance relaxed to achieve convergence from 2.3813075572689680e-04 to 2.3813075572689781e-04 seconds.
Warning: Simulation tolerance relaxed to achieve convergence from 2.3813075572690984e-04 to 2.3813075572691085e-04 seconds.
Warning: Simulation tolerance relaxed to achieve convergence from 2.3813075572692288e-04 to 2.3813075572692388e-04 seconds.
Warning: Simulation tolerance relaxed to achieve convergence from 2.3813075572695297e-04 to 2.3813075572695397e-04 seconds.
Warning: Simulation tolerance relaxed to achieve convergence from 2.3813075572695497e-04 to 2.3813075572695597e-04 seconds.
Warning: Simulation tolerance relaxed to achieve convergence from 2.3813075572696701e-04 to 2.3813075572696801e-04 seconds.
Warning: Simulation tolerance relaxed to achieve convergence from 2.3813075572697002e-04 to 2.3813075572697102e-04 seconds.
Warning: Simulation tolerance relaxed to achieve convergence from 2.3813075572697202e-04 to 2.3813075572697302e-04 seconds.
Warning: Simulation tolerance relaxed to achieve convergence from 2.3813075572697403e-04 to 2.3813075572697503e-04 seconds.
Warning: Simulation tolerance relaxed to achieve convergence from 2.3813075572698305e-04 to 2.3813075572698406e-04 seconds.
Warning: Simulation tolerance relaxed to achieve convergence from 2.3813075572700712e-04 to 2.3813075572700813e-04 seconds.
Warning: Simulation tolerance relaxed to achieve convergence from 2.3813075572703119e-04 to 2.3813075572703219e-04 seconds.
Warning: Simulation tolerance relaxed to achieve convergence from 2.3813075572705626e-04 to 2.3813075572705727e-04 seconds.
Warning: Simulation tolerance relaxed to achieve convergence from 2.3813075572707231e-04 to 2.3813075572707331e-04 seconds.
Warning: Simulation tolerance relaxed to achieve convergence from 2.3813075572707432e-04 to 2.3813075572707532e-04 seconds.
Warning: Simulation tolerance relaxed to achieve convergence from 2.3813075572708334e-04 to 2.3813075572708434e-04 seconds.
Warning: Simulation tolerance relaxed to achieve convergence from 2.3813075572716056e-04 to 2.3813075572716157e-04 seconds.
Warning: Simulation tolerance relaxed to achieve convergence from 2.3813075572725484e-04 to 2.3813075572725584e-04 seconds.
Warning: Simulation tolerance relaxed to achieve convergence from 2.3813075572726386e-04 to 2.3813075572726486e-04 seconds.
Warning: Simulation tolerance relaxed to achieve convergence from 2.3813075572742533e-04 to 2.3813075572742633e-04 seconds.
Warning: Simulation tolerance relaxed to achieve convergence from 2.3813075572743636e-04 to 2.3813075572743736e-04 seconds.
Warning: Simulation tolerance relaxed to achieve convergence from 2.3813075572744238e-04 to 2.3813075572744338e-04 seconds.
Warning: Simulation tolerance relaxed to achieve convergence from 2.3813075572750355e-04 to 2.3813075572750455e-04 seconds.
Warning: Simulation tolerance relaxed to achieve convergence from 2.3813075572753464e-04 to 2.3813075572753564e-04 seconds.
Warning: Simulation tolerance relaxed to achieve convergence from 2.3813075572755370e-04 to 2.3813075572755470e-04 seconds.
Warning: Simulation tolerance relaxed to achieve convergence from 2.3813075572756072e-04 to 2.3813075572756172e-04 seconds.
Warning: Simulation tolerance relaxed to achieve convergence from 2.3813075572756372e-04 to 2.3813075572756473e-04 seconds.
Warning: Simulation tolerance relaxed to achieve convergence from 2.3813075572757676e-04 to 2.3813075572757776e-04 seconds.
Warning: Simulation tolerance relaxed to achieve convergence from 2.3813075572757877e-04 to 2.3813075572757977e-04 seconds.
Warning: Simulation tolerance relaxed to achieve convergence from 2.3813075572759381e-04 to 2.3813075572759481e-04 seconds.
Warning: Simulation tolerance relaxed to achieve convergence from 2.3813075572760183e-04 to 2.3813075572760284e-04 seconds.
Warning: Simulation tolerance relaxed to achieve convergence from 2.3813075572760785e-04 to 2.3813075572760885e-04 seconds.
Warning: Simulation tolerance relaxed to achieve convergence from 2.3813075572760986e-04 to 2.3813075572761086e-04 seconds.
Warning: Simulation tolerance relaxed to achieve convergence from 2.3813075572761186e-04 to 2.3813075572761287e-04 seconds.
Warning: Simulation tolerance relaxed to achieve convergence from 2.3813075572761387e-04 to 2.3813075572761487e-04 seconds.
Warning: Simulation tolerance relaxed to achieve convergence from 2.3813075572761989e-04 to 2.3813075572762089e-04 seconds.
Warning: Simulation tolerance relaxed to achieve convergence from 2.3813075572762590e-04 to 2.3813075572762691e-04 seconds.
Warning: Simulation tolerance relaxed to achieve convergence from 2.3813075572773321e-04 to 2.3813075572773422e-04 seconds.
Warning: Simulation tolerance relaxed to achieve convergence from 2.3813075572774926e-04 to 2.3813075572775026e-04 seconds.
Warning: Simulation tolerance relaxed to achieve convergence from 2.3813075572778235e-04 to 2.3813075572778336e-04 seconds.
Warning: Simulation tolerance relaxed to achieve convergence from 2.3813075572778436e-04 to 2.3813075572778536e-04 seconds.
Warning: Simulation tolerance relaxed to achieve convergence from 2.3813075572786760e-04 to 2.3813075572786860e-04 seconds.
Warning: Simulation tolerance relaxed to achieve convergence from 2.3813075572786961e-04 to 2.3813075572787061e-04 seconds.
Warning: Simulation tolerance relaxed to achieve convergence from 2.3813075572789468e-04 to 2.3813075572789568e-04 seconds.
Warning: Simulation tolerance relaxed to achieve convergence from 2.3813075572791473e-04 to 2.3813075572791574e-04 seconds.
Warning: Simulation tolerance relaxed to achieve convergence from 2.3813075572791674e-04 to 2.3813075572791774e-04 seconds.
Warning: Simulation tolerance relaxed to achieve convergence from 2.3813075572791875e-04 to 2.3813075572791975e-04 seconds.
Warning: Simulation tolerance relaxed to achieve convergence from 2.3813075572792777e-04 to 2.3813075572792878e-04 seconds.
Warning: Simulation tolerance relaxed to achieve convergence from 2.3813075572793680e-04 to 2.3813075572793780e-04 seconds.
Warning: Simulation tolerance relaxed to achieve convergence from 2.3813075572794783e-04 to 2.3813075572794883e-04 seconds.
Warning: Simulation tolerance relaxed to achieve convergence from 2.3813075572794984e-04 to 2.3813075572795084e-04 seconds.
Warning: Simulation tolerance relaxed to achieve convergence from 2.3813075572795184e-04 to 2.3813075572795284e-04 seconds.
Warning: Simulation tolerance relaxed to achieve convergence from 2.3813075572797090e-04 to 2.3813075572797190e-04 seconds.
Warning: Simulation tolerance relaxed to achieve convergence from 2.3813075572802606e-04 to 2.3813075572802706e-04 seconds.
Warning: Simulation tolerance relaxed to achieve convergence from 2.3813075572804712e-04 to 2.3813075572804812e-04 seconds.
Warning: Simulation tolerance relaxed to achieve convergence from 2.3813075572808121e-04 to 2.3813075572808222e-04 seconds.
Warning: Simulation tolerance relaxed to achieve convergence from 2.3813075572809024e-04 to 2.3813075572809124e-04 seconds.
Warning: Simulation tolerance relaxed to achieve convergence from 2.3813075572809225e-04 to 2.3813075572809325e-04 seconds.
Warning: Simulation tolerance relaxed to achieve convergence from 2.3813075572866489e-04 to 2.3813075572866590e-04 seconds.
Warning: Simulation tolerance relaxed to achieve convergence from 2.3813075572871103e-04 to 2.3813075572871203e-04 seconds.
Warning: Simulation tolerance relaxed to achieve convergence from 2.3813075572871604e-04 to 2.3813075572871704e-04 seconds.
Warning: Simulation tolerance relaxed to achieve convergence from 2.3813075572872507e-04 to 2.3813075572872607e-04 seconds.
Warning: Simulation tolerance relaxed to achieve convergence from 2.3813075572873409e-04 to 2.3813075572873510e-04 seconds.
Warning: Simulation tolerance relaxed to achieve convergence from 2.3813075572873610e-04 to 2.3813075572873710e-04 seconds.
Warning: Simulation tolerance relaxed to achieve convergence from 2.3813075572873811e-04 to 2.3813075572873911e-04 seconds.
Warning: Simulation tolerance relaxed to achieve convergence from 2.3813075572880730e-04 to 2.3813075572880831e-04 seconds.
Warning: Simulation tolerance relaxed to achieve convergence from 2.3813075572881733e-04 to 2.3813075572881834e-04 seconds.
Warning: Simulation tolerance relaxed to achieve convergence from 2.3813075572884441e-04 to 2.3813075572884541e-04 seconds.
Warning: Simulation tolerance relaxed to achieve convergence from 2.3813075572884642e-04 to 2.3813075572884742e-04 seconds.
Warning: Simulation tolerance relaxed to achieve convergence from 2.3813075572884943e-04 to 2.3813075572885043e-04 seconds.
Warning: Simulation tolerance relaxed to achieve convergence from 2.3813075572885143e-04 to 2.3813075572885243e-04 seconds.
Warning: Simulation tolerance relaxed to achieve convergence from 2.3813075572885745e-04 to 2.3813075572885845e-04 seconds.
Warning: Simulation tolerance relaxed to achieve convergence from 2.3813075572887349e-04 to 2.3813075572887450e-04 seconds.
Warning: Simulation tolerance relaxed to achieve convergence from 2.3813075572890358e-04 to 2.3813075572890458e-04 seconds.
Warning: Simulation tolerance relaxed to achieve convergence from 2.3813075572891261e-04 to 2.3813075572891361e-04 seconds.
Warning: Simulation tolerance relaxed to achieve convergence from 2.3813075572892264e-04 to 2.3813075572892364e-04 seconds.
Warning: Simulation tolerance relaxed to achieve convergence from 2.3813075572897077e-04 to 2.3813075572897178e-04 seconds.
Warning: Simulation tolerance relaxed to achieve convergence from 2.3813075572898281e-04 to 2.3813075572898381e-04 seconds.
Warning: Simulation tolerance relaxed to achieve convergence from 2.3813075572898482e-04 to 2.3813075572898582e-04 seconds.
Warning: Simulation tolerance relaxed to achieve convergence from 2.3813075572904399e-04 to 2.3813075572904499e-04 seconds.
Warning: Simulation tolerance relaxed to achieve convergence from 2.3813075572906505e-04 to 2.3813075572906605e-04 seconds.
Warning: Simulation tolerance relaxed to achieve convergence from 2.3813075572907106e-04 to 2.3813075572907207e-04 seconds.
Warning: Simulation tolerance relaxed to achieve convergence from 2.3813075572909413e-04 to 2.3813075572909513e-04 seconds.
Warning: Simulation tolerance relaxed to achieve convergence from 2.3813075572909614e-04 to 2.3813075572909714e-04 seconds.
Warning: Simulation tolerance relaxed to achieve convergence from 2.3813075572910215e-04 to 2.3813075572910316e-04 seconds.
Warning: Simulation tolerance relaxed to achieve convergence from 2.3813075572913725e-04 to 2.3813075572913826e-04 seconds.
Warning: Simulation tolerance relaxed to achieve convergence from 2.3813075572915932e-04 to 2.3813075572916032e-04 seconds.
Warning: Simulation tolerance relaxed to achieve convergence from 2.3813075572916634e-04 to 2.3813075572916734e-04 seconds.
Warning: Simulation tolerance relaxed to achieve convergence from 2.3813075572922952e-04 to 2.3813075572923052e-04 seconds.
Warning: Simulation tolerance relaxed to achieve convergence from 2.3813075572924256e-04 to 2.3813075572924356e-04 seconds.
Warning: Simulation tolerance relaxed to achieve convergence from 2.3813075572924857e-04 to 2.3813075572924958e-04 seconds.
Warning: Simulation tolerance relaxed to achieve convergence from 2.3813075572925058e-04 to 2.3813075572925158e-04 seconds.
Warning: Simulation tolerance relaxed to achieve convergence from 2.3813075572926262e-04 to 2.3813075572926362e-04 seconds.
Warning: Simulation tolerance relaxed to achieve convergence from 2.3813075572929170e-04 to 2.3813075572929270e-04 seconds.
Warning: Simulation tolerance relaxed to achieve convergence from 2.3813075572944614e-04 to 2.3813075572944715e-04 seconds.
Warning: Simulation tolerance relaxed to achieve convergence from 2.3813075572953741e-04 to 2.3813075572953841e-04 seconds.
Warning: Simulation tolerance relaxed to achieve convergence from 2.3813075572988842e-04 to 2.3813075572988942e-04 seconds.
Warning: Simulation tolerance relaxed to achieve convergence from 2.3813075572989042e-04 to 2.3813075572989143e-04 seconds.
Warning: Simulation tolerance relaxed to achieve convergence from 2.3813075573007395e-04 to 2.3813075573007495e-04 seconds.
Warning: Simulation tolerance relaxed to achieve convergence from 2.3813075573007696e-04 to 2.3813075573007796e-04 seconds.
Warning: Simulation tolerance relaxed to achieve convergence from 2.3813075573007897e-04 to 2.3813075573007997e-04 seconds.
Warning: Simulation tolerance relaxed to achieve convergence from 2.3813075573009501e-04 to 2.3813075573009601e-04 seconds.
Warning: Simulation tolerance relaxed to achieve convergence from 2.3813075573011206e-04 to 2.3813075573011306e-04 seconds.
Warning: Simulation tolerance relaxed to achieve convergence from 2.3813075573012209e-04 to 2.3813075573012309e-04 seconds.
Warning: Simulation tolerance relaxed to achieve convergence from 2.3813075573015218e-04 to 2.3813075573015318e-04 seconds.
Warning: Simulation tolerance relaxed to achieve convergence from 2.3813075573019329e-04 to 2.3813075573019430e-04 seconds.
Warning: Simulation tolerance relaxed to achieve convergence from 2.3813075573022539e-04 to 2.3813075573022639e-04 seconds.
Warning: Simulation tolerance relaxed to achieve convergence from 2.3813075573023441e-04 to 2.3813075573023542e-04 seconds.
Warning: Simulation tolerance relaxed to achieve convergence from 2.3813075573026550e-04 to 2.3813075573026650e-04 seconds.
Warning: Simulation tolerance relaxed to achieve convergence from 2.3813075573028857e-04 to 2.3813075573028957e-04 seconds.
Warning: Simulation tolerance relaxed to achieve convergence from 2.3813075573034674e-04 to 2.3813075573034774e-04 seconds.
Warning: Simulation tolerance relaxed to achieve convergence from 2.3813075573036479e-04 to 2.3813075573036579e-04 seconds.
Warning: Simulation tolerance relaxed to achieve convergence from 2.3813075573042396e-04 to 2.3813075573042496e-04 seconds.
Warning: Simulation tolerance relaxed to achieve convergence from 2.3813075573043800e-04 to 2.3813075573043900e-04 seconds.
Warning: Simulation tolerance relaxed to achieve convergence from 2.3813075573046809e-04 to 2.3813075573046909e-04 seconds.
Warning: Simulation tolerance relaxed to achieve convergence from 2.3813075573047009e-04 to 2.3813075573047109e-04 seconds.
Warning: Simulation tolerance relaxed to achieve convergence from 2.3813075573047210e-04 to 2.3813075573047310e-04 seconds.
Warning: Simulation tolerance relaxed to achieve convergence from 2.3813075573047410e-04 to 2.3813075573047511e-04 seconds.
Warning: Simulation tolerance relaxed to achieve convergence from 2.3813075573050920e-04 to 2.3813075573051021e-04 seconds.
Warning: Simulation tolerance relaxed to achieve convergence from 2.3813075573051121e-04 to 2.3813075573051221e-04 seconds.
Warning: Simulation tolerance relaxed to achieve convergence from 2.3813075573053227e-04 to 2.3813075573053327e-04 seconds.
Warning: Simulation tolerance relaxed to achieve convergence from 2.3813075573054832e-04 to 2.3813075573054932e-04 seconds.
Warning: Simulation tolerance relaxed to achieve convergence from 2.3813075573055032e-04 to 2.3813075573055132e-04 seconds.
Warning: Simulation tolerance relaxed to achieve convergence from 2.3813075573055233e-04 to 2.3813075573055333e-04 seconds.
Warning: Simulation tolerance relaxed to achieve convergence from 2.3813075573056236e-04 to 2.3813075573056336e-04 seconds.
Warning: Simulation tolerance relaxed to achieve convergence from 2.3813075573063156e-04 to 2.3813075573063256e-04 seconds.
Warning: Simulation tolerance relaxed to achieve convergence from 2.3813075573067368e-04 to 2.3813075573067468e-04 seconds.
Warning: Simulation tolerance relaxed to achieve convergence from 2.3813075573067969e-04 to 2.3813075573068070e-04 seconds.
Warning: Simulation tolerance relaxed to achieve convergence from 2.3813075573071680e-04 to 2.3813075573071780e-04 seconds.
Warning: Simulation tolerance relaxed to achieve convergence from 2.3813075573080405e-04 to 2.3813075573080506e-04 seconds.
Warning: Simulation tolerance relaxed to achieve convergence from 2.3813075573081208e-04 to 2.3813075573081308e-04 seconds.
Warning: Simulation tolerance relaxed to achieve convergence from 2.3813075573085821e-04 to 2.3813075573085921e-04 seconds.
Warning: Simulation tolerance relaxed to achieve convergence from 2.3813075573087526e-04 to 2.3813075573087626e-04 seconds.
Warning: Simulation tolerance relaxed to achieve convergence from 2.3813075573087827e-04 to 2.3813075573087927e-04 seconds.
Warning: Simulation tolerance relaxed to achieve convergence from 2.3813075573088127e-04 to 2.3813075573088228e-04 seconds.
Warning: Simulation tolerance relaxed to achieve convergence from 2.3813075573088428e-04 to 2.3813075573088529e-04 seconds.
Warning: Simulation tolerance relaxed to achieve convergence from 2.3813075573089130e-04 to 2.3813075573089231e-04 seconds.
Warning: Simulation tolerance relaxed to achieve convergence from 2.3813075573089331e-04 to 2.3813075573089431e-04 seconds.
Warning: Simulation tolerance relaxed to achieve convergence from 2.3813075573091136e-04 to 2.3813075573091236e-04 seconds.
Warning: Simulation tolerance relaxed to achieve convergence from 2.3813075573102770e-04 to 2.3813075573102870e-04 seconds.
Warning: Simulation tolerance relaxed to achieve convergence from 2.3813075573106280e-04 to 2.3813075573106380e-04 seconds.
Warning: Simulation tolerance relaxed to achieve convergence from 2.3813075573107985e-04 to 2.3813075573108085e-04 seconds.
Warning: Simulation tolerance relaxed to achieve convergence from 2.3813075573108486e-04 to 2.3813075573108586e-04 seconds.
Warning: Simulation tolerance relaxed to achieve convergence from 2.3813075573126538e-04 to 2.3813075573126638e-04 seconds.
Warning: Simulation tolerance relaxed to achieve convergence from 2.3813075573127441e-04 to 2.3813075573127541e-04 seconds.
Warning: Simulation tolerance relaxed to achieve convergence from 2.3813075573137369e-04 to 2.3813075573137470e-04 seconds.
Warning: Simulation tolerance relaxed to achieve convergence from 2.3813075573137570e-04 to 2.3813075573137670e-04 seconds.
Warning: Simulation tolerance relaxed to achieve convergence from 2.3813075573138172e-04 to 2.3813075573138272e-04 seconds.
Warning: Simulation tolerance relaxed to achieve convergence from 2.3813075573139275e-04 to 2.3813075573139375e-04 seconds.
Warning: Simulation tolerance relaxed to achieve convergence from 2.3813075573145292e-04 to 2.3813075573145392e-04 seconds.
Warning: Simulation tolerance relaxed to achieve convergence from 2.3813075573147799e-04 to 2.3813075573147900e-04 seconds.
Warning: Simulation tolerance relaxed to achieve convergence from 2.3813075573153817e-04 to 2.3813075573153917e-04 seconds.
Warning: Simulation tolerance relaxed to achieve convergence from 2.3813075573155622e-04 to 2.3813075573155722e-04 seconds.
Warning: Simulation tolerance relaxed to achieve convergence from 2.3813075573155822e-04 to 2.3813075573155923e-04 seconds.
Warning: Simulation tolerance relaxed to achieve convergence from 2.3813075573156424e-04 to 2.3813075573156524e-04 seconds.
Warning: Simulation tolerance relaxed to achieve convergence from 2.3813075573156625e-04 to 2.3813075573156725e-04 seconds.
Warning: Simulation tolerance relaxed to achieve convergence from 2.3813075573156926e-04 to 2.3813075573157026e-04 seconds.
Warning: Simulation tolerance relaxed to achieve convergence from 2.3813075573157928e-04 to 2.3813075573158029e-04 seconds.
Warning: Simulation tolerance relaxed to achieve convergence from 2.3813075573159533e-04 to 2.3813075573159633e-04 seconds.
Warning: Simulation tolerance relaxed to achieve convergence from 2.3813075573159734e-04 to 2.3813075573159834e-04 seconds.
Warning: Simulation tolerance relaxed to achieve convergence from 2.3813075573160736e-04 to 2.3813075573160837e-04 seconds.
Warning: Simulation tolerance relaxed to achieve convergence from 2.3813075573161639e-04 to 2.3813075573161739e-04 seconds.
Warning: Simulation tolerance relaxed to achieve convergence from 2.3813075573161840e-04 to 2.3813075573161940e-04 seconds.
Warning: Simulation tolerance relaxed to achieve convergence from 2.3813075573162040e-04 to 2.3813075573162141e-04 seconds.
Warning: Simulation tolerance relaxed to achieve convergence from 2.3813075573162542e-04 to 2.3813075573162642e-04 seconds.
Warning: Simulation tolerance relaxed to achieve convergence from 2.3813075573163143e-04 to 2.3813075573163244e-04 seconds.
Warning: Simulation tolerance relaxed to achieve convergence from 2.3813075573163344e-04 to 2.3813075573163444e-04 seconds.
Warning: Simulation tolerance relaxed to achieve convergence from 2.3813075573164247e-04 to 2.3813075573164347e-04 seconds.
Warning: Simulation tolerance relaxed to achieve convergence from 2.3813075573166252e-04 to 2.3813075573166353e-04 seconds.
Warning: Simulation tolerance relaxed to achieve convergence from 2.3813075573169562e-04 to 2.3813075573169662e-04 seconds.
Warning: Simulation tolerance relaxed to achieve convergence from 2.3813075573171969e-04 to 2.3813075573172069e-04 seconds.
Warning: Simulation tolerance relaxed to achieve convergence from 2.3813075573172169e-04 to 2.3813075573172270e-04 seconds.
Warning: Simulation tolerance relaxed to achieve convergence from 2.3813075573173573e-04 to 2.3813075573173674e-04 seconds.
Warning: Simulation tolerance relaxed to achieve convergence from 2.3813075573173774e-04 to 2.3813075573173874e-04 seconds.
Warning: Simulation tolerance relaxed to achieve convergence from 2.3813075573174677e-04 to 2.3813075573174777e-04 seconds.
Warning: Simulation tolerance relaxed to achieve convergence from 2.3813075573174877e-04 to 2.3813075573174977e-04 seconds.
Warning: Simulation tolerance relaxed to achieve convergence from 2.3813075573175078e-04 to 2.3813075573175178e-04 seconds.
Warning: Simulation tolerance relaxed to achieve convergence from 2.3813075573176081e-04 to 2.3813075573176181e-04 seconds.
Warning: Simulation tolerance relaxed to achieve convergence from 2.3813075573177986e-04 to 2.3813075573178086e-04 seconds.
Warning: Simulation tolerance relaxed to achieve convergence from 2.3813075573178788e-04 to 2.3813075573178889e-04 seconds.
Warning: Simulation tolerance relaxed to achieve convergence from 2.3813075573178989e-04 to 2.3813075573179089e-04 seconds.
Warning: Simulation tolerance relaxed to achieve convergence from 2.3813075573179190e-04 to 2.3813075573179290e-04 seconds.
Warning: Simulation tolerance relaxed to achieve convergence from 2.3813075573183001e-04 to 2.3813075573183101e-04 seconds.
Warning: Simulation tolerance relaxed to achieve convergence from 2.3813075573183703e-04 to 2.3813075573183803e-04 seconds.
Warning: Simulation tolerance relaxed to achieve convergence from 2.3813075573184705e-04 to 2.3813075573184806e-04 seconds.
Warning: Simulation tolerance relaxed to achieve convergence from 2.3813075573184906e-04 to 2.3813075573185006e-04 seconds.
Warning: Simulation tolerance relaxed to achieve convergence from 2.3813075573185107e-04 to 2.3813075573185207e-04 seconds.
Warning: Simulation tolerance relaxed to achieve convergence from 2.3813075573185708e-04 to 2.3813075573185809e-04 seconds.
Warning: Simulation tolerance relaxed to achieve convergence from 2.3813075573186009e-04 to 2.3813075573186110e-04 seconds.
Warning: Simulation tolerance relaxed to achieve convergence from 2.3813075573186210e-04 to 2.3813075573186310e-04 seconds.
Warning: Simulation tolerance relaxed to achieve convergence from 2.3813075573186410e-04 to 2.3813075573186511e-04 seconds.
Warning: Simulation tolerance relaxed to achieve convergence from 2.3813075573186912e-04 to 2.3813075573187012e-04 seconds.
Warning: Simulation tolerance relaxed to achieve convergence from 2.3813075573187413e-04 to 2.3813075573187514e-04 seconds.
Warning: Simulation tolerance relaxed to achieve convergence from 2.3813075573187614e-04 to 2.3813075573187714e-04 seconds.
Warning: Simulation tolerance relaxed to achieve convergence from 2.3813075573188416e-04 to 2.3813075573188516e-04 seconds.
Warning: Simulation tolerance relaxed to achieve convergence from 2.3813075573190923e-04 to 2.3813075573191024e-04 seconds.
Warning: Simulation tolerance relaxed to achieve convergence from 2.3813075573199147e-04 to 2.3813075573199247e-04 seconds.
Warning: Simulation tolerance relaxed to achieve convergence from 2.3813075573199348e-04 to 2.3813075573199448e-04 seconds.
Warning: Simulation tolerance relaxed to achieve convergence from 2.3813075573200250e-04 to 2.3813075573200351e-04 seconds.
Warning: Simulation tolerance relaxed to achieve convergence from 2.3813075573204964e-04 to 2.3813075573205064e-04 seconds.
Warning: Simulation tolerance relaxed to achieve convergence from 2.3813075573205164e-04 to 2.3813075573205265e-04 seconds.
Warning: Simulation tolerance relaxed to achieve convergence from 2.3813075573205465e-04 to 2.3813075573205566e-04 seconds.
Warning: Simulation tolerance relaxed to achieve convergence from 2.3813075573205967e-04 to 2.3813075573206067e-04 seconds.
Warning: Simulation tolerance relaxed to achieve convergence from 2.3813075573206167e-04 to 2.3813075573206268e-04 seconds.
Warning: Simulation tolerance relaxed to achieve convergence from 2.3813075573206769e-04 to 2.3813075573206869e-04 seconds.
Warning: Simulation tolerance relaxed to achieve convergence from 2.3813075573207371e-04 to 2.3813075573207471e-04 seconds.
Warning: Simulation tolerance relaxed to achieve convergence from 2.3813075573212385e-04 to 2.3813075573212485e-04 seconds.
Warning: Simulation tolerance relaxed to achieve convergence from 2.3813075573228933e-04 to 2.3813075573229033e-04 seconds.
Warning: Simulation tolerance relaxed to achieve convergence from 2.3813075573229234e-04 to 2.3813075573229334e-04 seconds.
Warning: Simulation tolerance relaxed to achieve convergence from 2.3813075573234750e-04 to 2.3813075573234850e-04 seconds.
Warning: Simulation tolerance relaxed to achieve convergence from 2.3813075573234950e-04 to 2.3813075573235050e-04 seconds.
Warning: Simulation tolerance relaxed to achieve convergence from 2.3813075573235151e-04 to 2.3813075573235251e-04 seconds.
Warning: Simulation tolerance relaxed to achieve convergence from 2.3813075573237859e-04 to 2.3813075573237959e-04 seconds.
Warning: Simulation tolerance relaxed to achieve convergence from 2.3813075573239363e-04 to 2.3813075573239463e-04 seconds.
Warning: Simulation tolerance relaxed to achieve convergence from 2.3813075573239864e-04 to 2.3813075573239965e-04 seconds.
Warning: Simulation tolerance relaxed to achieve convergence from 2.3813075573240065e-04 to 2.3813075573240165e-04 seconds.
Warning: Simulation tolerance relaxed to achieve convergence from 2.3813075573247687e-04 to 2.3813075573247787e-04 seconds.
Warning: Simulation tolerance relaxed to achieve convergence from 2.3813075573248690e-04 to 2.3813075573248790e-04 seconds.
Warning: Simulation tolerance relaxed to achieve convergence from 2.3813075573252200e-04 to 2.3813075573252300e-04 seconds.
Warning: Simulation tolerance relaxed to achieve convergence from 2.3813075573253102e-04 to 2.3813075573253203e-04 seconds.
Warning: Simulation tolerance relaxed to achieve convergence from 2.3813075573254105e-04 to 2.3813075573254206e-04 seconds.
Warning: Simulation tolerance relaxed to achieve convergence from 2.3813075573259019e-04 to 2.3813075573259120e-04 seconds.
Warning: Simulation tolerance relaxed to achieve convergence from 2.3813075573263833e-04 to 2.3813075573263934e-04 seconds.
Warning: Simulation tolerance relaxed to achieve convergence from 2.3813075573264836e-04 to 2.3813075573264936e-04 seconds.
Warning: Simulation tolerance relaxed to achieve convergence from 2.3813075573265939e-04 to 2.3813075573266040e-04 seconds.
Warning: Simulation tolerance relaxed to achieve convergence from 2.3813075573266140e-04 to 2.3813075573266240e-04 seconds.
Warning: Simulation tolerance relaxed to achieve convergence from 2.3813075573266340e-04 to 2.3813075573266441e-04 seconds.
Warning: Simulation tolerance relaxed to achieve convergence from 2.3813075573267343e-04 to 2.3813075573267444e-04 seconds.
Warning: Simulation tolerance relaxed to achieve convergence from 2.3813075573268045e-04 to 2.3813075573268146e-04 seconds.
Warning: Simulation tolerance relaxed to achieve convergence from 2.3813075573268246e-04 to 2.3813075573268346e-04 seconds.
Warning: Simulation tolerance relaxed to achieve convergence from 2.3813075573269149e-04 to 2.3813075573269249e-04 seconds.
Warning: Simulation tolerance relaxed to achieve convergence from 2.3813075573270051e-04 to 2.3813075573270151e-04 seconds.
Warning: Simulation tolerance relaxed to achieve convergence from 2.3813075573270452e-04 to 2.3813075573270553e-04 seconds.
Warning: Simulation tolerance relaxed to achieve convergence from 2.3813075573271756e-04 to 2.3813075573271856e-04 seconds.
Warning: Simulation tolerance relaxed to achieve convergence from 2.3813075573271957e-04 to 2.3813075573272057e-04 seconds.
Warning: Simulation tolerance relaxed to achieve convergence from 2.3813075573274664e-04 to 2.3813075573274765e-04 seconds.
Warning: Simulation tolerance relaxed to achieve convergence from 2.3813075573277874e-04 to 2.3813075573277974e-04 seconds.
Warning: Simulation tolerance relaxed to achieve convergence from 2.3813075573279679e-04 to 2.3813075573279779e-04 seconds.
Warning: Simulation tolerance relaxed to achieve convergence from 2.3813075573280882e-04 to 2.3813075573280983e-04 seconds.
Warning: Simulation tolerance relaxed to achieve convergence from 2.3813075573284593e-04 to 2.3813075573284693e-04 seconds.
Warning: Simulation tolerance relaxed to achieve convergence from 2.3813075573285094e-04 to 2.3813075573285195e-04 seconds.
Warning: Simulation tolerance relaxed to achieve convergence from 2.3813075573286398e-04 to 2.3813075573286499e-04 seconds.
Warning: Simulation tolerance relaxed to achieve convergence from 2.3813075573292215e-04 to 2.3813075573292315e-04 seconds.
Warning: Simulation tolerance relaxed to achieve convergence from 2.3813075573292716e-04 to 2.3813075573292817e-04 seconds.
Warning: Simulation tolerance relaxed to achieve convergence from 2.3813075573295825e-04 to 2.3813075573295926e-04 seconds.
Warning: Simulation tolerance relaxed to achieve convergence from 2.3813075573296728e-04 to 2.3813075573296828e-04 seconds.
Warning: Simulation tolerance relaxed to achieve convergence from 2.3813075573296929e-04 to 2.3813075573297029e-04 seconds.
Warning: Simulation tolerance relaxed to achieve convergence from 2.3813075573297129e-04 to 2.3813075573297229e-04 seconds.
Warning: Simulation tolerance relaxed to achieve convergence from 2.3813075573298032e-04 to 2.3813075573298132e-04 seconds.
Warning: Simulation tolerance relaxed to achieve convergence from 2.3813075573300740e-04 to 2.3813075573300840e-04 seconds.
Warning: Simulation tolerance relaxed to achieve convergence from 2.3813075573301843e-04 to 2.3813075573301943e-04 seconds.
Warning: Simulation tolerance relaxed to achieve convergence from 2.3813075573302043e-04 to 2.3813075573302144e-04 seconds.
Warning: Simulation tolerance relaxed to achieve convergence from 2.3813075573302545e-04 to 2.3813075573302645e-04 seconds.
Warning: Simulation tolerance relaxed to achieve convergence from 2.3813075573304149e-04 to 2.3813075573304250e-04 seconds.
Warning: Simulation tolerance relaxed to achieve convergence from 2.3813075573307559e-04 to 2.3813075573307659e-04 seconds.
Warning: Simulation tolerance relaxed to achieve convergence from 2.3813075573309465e-04 to 2.3813075573309565e-04 seconds.
Warning: Simulation tolerance relaxed to achieve convergence from 2.3813075573311270e-04 to 2.3813075573311370e-04 seconds.
Warning: Simulation tolerance relaxed to achieve convergence from 2.3813075573311470e-04 to 2.3813075573311571e-04 seconds.
Warning: Simulation tolerance relaxed to achieve convergence from 2.3813075573313276e-04 to 2.3813075573313376e-04 seconds.
Warning: Simulation tolerance relaxed to achieve convergence from 2.3813075573314880e-04 to 2.3813075573314981e-04 seconds.
Warning: Simulation tolerance relaxed to achieve convergence from 2.3813075573315081e-04 to 2.3813075573315181e-04 seconds.
Warning: Simulation tolerance relaxed to achieve convergence from 2.3813075573316485e-04 to 2.3813075573316585e-04 seconds.
Warning: Simulation tolerance relaxed to achieve convergence from 2.3813075573318892e-04 to 2.3813075573318992e-04 seconds.
Warning: Simulation tolerance relaxed to achieve convergence from 2.3813075573320095e-04 to 2.3813075573320196e-04 seconds.
Warning: Simulation tolerance relaxed to achieve convergence from 2.3813075573323104e-04 to 2.3813075573323204e-04 seconds.
Warning: Simulation tolerance relaxed to achieve convergence from 2.3813075573324508e-04 to 2.3813075573324608e-04 seconds.
Warning: Simulation tolerance relaxed to achieve convergence from 2.3813075573326113e-04 to 2.3813075573326213e-04 seconds.
Warning: Simulation tolerance relaxed to achieve convergence from 2.3813075573328519e-04 to 2.3813075573328620e-04 seconds.
Warning: Simulation tolerance relaxed to achieve convergence from 2.3813075573330124e-04 to 2.3813075573330224e-04 seconds.
Warning: Simulation tolerance relaxed to achieve convergence from 2.3813075573332030e-04 to 2.3813075573332130e-04 seconds.
Warning: Simulation tolerance relaxed to achieve convergence from 2.3813075573335139e-04 to 2.3813075573335239e-04 seconds.
Warning: Simulation tolerance relaxed to achieve convergence from 2.3813075573337947e-04 to 2.3813075573338047e-04 seconds.
Warning: Simulation tolerance relaxed to achieve convergence from 2.3813075573338147e-04 to 2.3813075573338247e-04 seconds.
Warning: Simulation tolerance relaxed to achieve convergence from 2.3813075573340554e-04 to 2.3813075573340654e-04 seconds.
Warning: Simulation tolerance relaxed to achieve convergence from 2.3813075573342359e-04 to 2.3813075573342460e-04 seconds.
Warning: Simulation tolerance relaxed to achieve convergence from 2.3813075573343262e-04 to 2.3813075573343362e-04 seconds.
Warning: Simulation tolerance relaxed to achieve convergence from 2.3813075573347374e-04 to 2.3813075573347474e-04 seconds.
Warning: Simulation tolerance relaxed to achieve convergence from 2.3813075573349680e-04 to 2.3813075573349781e-04 seconds.
Warning: Simulation tolerance relaxed to achieve convergence from 2.3813075573349881e-04 to 2.3813075573349981e-04 seconds.
Warning: Simulation tolerance relaxed to achieve convergence from 2.3813075573350884e-04 to 2.3813075573350984e-04 seconds.
Warning: Simulation tolerance relaxed to achieve convergence from 2.3813075573351385e-04 to 2.3813075573351486e-04 seconds.
Warning: Simulation tolerance relaxed to achieve convergence from 2.3813075573351987e-04 to 2.3813075573352087e-04 seconds.
Warning: Simulation tolerance relaxed to achieve convergence from 2.3813075573353191e-04 to 2.3813075573353291e-04 seconds.
Warning: Simulation tolerance relaxed to achieve convergence from 2.3813075573353391e-04 to 2.3813075573353491e-04 seconds.
Warning: Simulation tolerance relaxed to achieve convergence from 2.3813075573358706e-04 to 2.3813075573358807e-04 seconds.
Warning: Simulation tolerance relaxed to achieve convergence from 2.3813075573358907e-04 to 2.3813075573359007e-04 seconds.
Warning: Simulation tolerance relaxed to achieve convergence from 2.3813075573360211e-04 to 2.3813075573360311e-04 seconds.
Warning: Simulation tolerance relaxed to achieve convergence from 2.3813075573360411e-04 to 2.3813075573360512e-04 seconds.
Warning: Simulation tolerance relaxed to achieve convergence from 2.3813075573362016e-04 to 2.3813075573362116e-04 seconds.
Warning: Simulation tolerance relaxed to achieve convergence from 2.3813075573362216e-04 to 2.3813075573362317e-04 seconds.
Warning: Simulation tolerance relaxed to achieve convergence from 2.3813075573363821e-04 to 2.3813075573363921e-04 seconds.
Warning: Simulation tolerance relaxed to achieve convergence from 2.3813075573364022e-04 to 2.3813075573364122e-04 seconds.
Warning: Simulation tolerance relaxed to achieve convergence from 2.3813075573364924e-04 to 2.3813075573365025e-04 seconds.
Warning: Simulation tolerance relaxed to achieve convergence from 2.3813075573365727e-04 to 2.3813075573365827e-04 seconds.
Warning: Simulation tolerance relaxed to achieve convergence from 2.3813075573366128e-04 to 2.3813075573366228e-04 seconds.
Warning: Simulation tolerance relaxed to achieve convergence from 2.3813075573367833e-04 to 2.3813075573367933e-04 seconds.
Warning: Simulation tolerance relaxed to achieve convergence from 2.3813075573368033e-04 to 2.3813075573368134e-04 seconds.
Warning: Simulation tolerance relaxed to achieve convergence from 2.3813075573369939e-04 to 2.3813075573370039e-04 seconds.
Warning: Simulation tolerance relaxed to achieve convergence from 2.3813075573370139e-04 to 2.3813075573370240e-04 seconds.
Warning: Simulation tolerance relaxed to achieve convergence from 2.3813075573371443e-04 to 2.3813075573371543e-04 seconds.
Warning: Simulation tolerance relaxed to achieve convergence from 2.3813075573371644e-04 to 2.3813075573371744e-04 seconds.
Warning: Simulation tolerance relaxed to achieve convergence from 2.3813075573373248e-04 to 2.3813075573373349e-04 seconds.
Warning: Simulation tolerance relaxed to achieve convergence from 2.3813075573374151e-04 to 2.3813075573374251e-04 seconds.
Warning: Simulation tolerance relaxed to achieve convergence from 2.3813075573375856e-04 to 2.3813075573375956e-04 seconds.
Warning: Simulation tolerance relaxed to achieve convergence from 2.3813075573379667e-04 to 2.3813075573379767e-04 seconds.
Warning: Simulation tolerance relaxed to achieve convergence from 2.3813075573379968e-04 to 2.3813075573380068e-04 seconds.
Warning: Simulation tolerance relaxed to achieve convergence from 2.3813075573381672e-04 to 2.3813075573381773e-04 seconds.
Warning: Simulation tolerance relaxed to achieve convergence from 2.3813075573383177e-04 to 2.3813075573383277e-04 seconds.
Warning: Simulation tolerance relaxed to achieve convergence from 2.3813075573383478e-04 to 2.3813075573383578e-04 seconds.
Warning: Simulation tolerance relaxed to achieve convergence from 2.3813075573385082e-04 to 2.3813075573385183e-04 seconds.
Warning: Simulation tolerance relaxed to achieve convergence from 2.3813075573389495e-04 to 2.3813075573389595e-04 seconds.
Warning: Simulation tolerance relaxed to achieve convergence from 2.3813075573391200e-04 to 2.3813075573391300e-04 seconds.
Warning: Simulation tolerance relaxed to achieve convergence from 2.3813075573392704e-04 to 2.3813075573392805e-04 seconds.
Warning: Simulation tolerance relaxed to achieve convergence from 2.3813075573394911e-04 to 2.3813075573395011e-04 seconds.
Warning: Simulation tolerance relaxed to achieve convergence from 2.3813075573395111e-04 to 2.3813075573395211e-04 seconds.
Warning: Simulation tolerance relaxed to achieve convergence from 2.3813075573396616e-04 to 2.3813075573396716e-04 seconds.
Warning: Simulation tolerance relaxed to achieve convergence from 2.3813075573396816e-04 to 2.3813075573396916e-04 seconds.
Warning: Simulation tolerance relaxed to achieve convergence from 2.3813075573399022e-04 to 2.3813075573399123e-04 seconds.
Warning: Simulation tolerance relaxed to achieve convergence from 2.3813075573399223e-04 to 2.3813075573399323e-04 seconds.
Warning: Simulation tolerance relaxed to achieve convergence from 2.3813075573400326e-04 to 2.3813075573400426e-04 seconds.
Warning: Simulation tolerance relaxed to achieve convergence from 2.3813075573400828e-04 to 2.3813075573400928e-04 seconds.
Warning: Simulation tolerance relaxed to achieve convergence from 2.3813075573401931e-04 to 2.3813075573402031e-04 seconds.
Warning: Simulation tolerance relaxed to achieve convergence from 2.3813075573402232e-04 to 2.3813075573402332e-04 seconds.
Warning: Simulation tolerance relaxed to achieve convergence from 2.3813075573406143e-04 to 2.3813075573406243e-04 seconds.
Warning: Simulation tolerance relaxed to achieve convergence from 2.3813075573410054e-04 to 2.3813075573410154e-04 seconds.
Warning: Simulation tolerance relaxed to achieve convergence from 2.3813075573410957e-04 to 2.3813075573411057e-04 seconds.
Warning: Simulation tolerance relaxed to achieve convergence from 2.3813075573411559e-04 to 2.3813075573411659e-04 seconds.
Warning: Simulation tolerance relaxed to achieve convergence from 2.3813075573411859e-04 to 2.3813075573411960e-04 seconds.
Warning: Simulation tolerance relaxed to achieve convergence from 2.3813075573412862e-04 to 2.3813075573412963e-04 seconds.
Warning: Simulation tolerance relaxed to achieve convergence from 2.3813075573413364e-04 to 2.3813075573413464e-04 seconds.
Warning: Simulation tolerance relaxed to achieve convergence from 2.3813075573413564e-04 to 2.3813075573413665e-04 seconds.
Warning: Simulation tolerance relaxed to achieve convergence from 2.3813075573414768e-04 to 2.3813075573414868e-04 seconds.
Warning: Simulation tolerance relaxed to achieve convergence from 2.3813075573416473e-04 to 2.3813075573416573e-04 seconds.
Warning: Simulation tolerance relaxed to achieve convergence from 2.3813075573418278e-04 to 2.3813075573418378e-04 seconds.
Warning: Simulation tolerance relaxed to achieve convergence from 2.3813075573418779e-04 to 2.3813075573418880e-04 seconds.
Warning: Simulation tolerance relaxed to achieve convergence from 2.3813075573420183e-04 to 2.3813075573420284e-04 seconds.
Warning: Simulation tolerance relaxed to achieve convergence from 2.3813075573421587e-04 to 2.3813075573421688e-04 seconds.
Warning: Simulation tolerance relaxed to achieve convergence from 2.3813075573423593e-04 to 2.3813075573423693e-04 seconds.
Warning: Simulation tolerance relaxed to achieve convergence from 2.3813075573423894e-04 to 2.3813075573423994e-04 seconds.
Warning: Simulation tolerance relaxed to achieve convergence from 2.3813075573424095e-04 to 2.3813075573424195e-04 seconds.
Warning: Simulation tolerance relaxed to achieve convergence from 2.3813075573424395e-04 to 2.3813075573424496e-04 seconds.
Warning: Simulation tolerance relaxed to achieve convergence from 2.3813075573424596e-04 to 2.3813075573424696e-04 seconds.
Warning: Simulation tolerance relaxed to achieve convergence from 2.3813075573425198e-04 to 2.3813075573425298e-04 seconds.
Warning: Simulation tolerance relaxed to achieve convergence from 2.3813075573427705e-04 to 2.3813075573427805e-04 seconds.
Warning: Simulation tolerance relaxed to achieve convergence from 2.3813075573427906e-04 to 2.3813075573428006e-04 seconds.
Warning: Simulation tolerance relaxed to achieve convergence from 2.3813075573429209e-04 to 2.3813075573429310e-04 seconds.
Warning: Simulation tolerance relaxed to achieve convergence from 2.3813075573429711e-04 to 2.3813075573429811e-04 seconds.
Warning: Simulation tolerance relaxed to achieve convergence from 2.3813075573432719e-04 to 2.3813075573432820e-04 seconds.
Warning: Simulation tolerance relaxed to achieve convergence from 2.3813075573433622e-04 to 2.3813075573433722e-04 seconds.
Warning: Simulation tolerance relaxed to achieve convergence from 2.3813075573437333e-04 to 2.3813075573437433e-04 seconds.
Warning: Simulation tolerance relaxed to achieve convergence from 2.3813075573439339e-04 to 2.3813075573439439e-04 seconds.
Warning: Simulation tolerance relaxed to achieve convergence from 2.3813075573442247e-04 to 2.3813075573442347e-04 seconds.
Warning: Simulation tolerance relaxed to achieve convergence from 2.3813075573443551e-04 to 2.3813075573443651e-04 seconds.
Warning: Simulation tolerance relaxed to achieve convergence from 2.3813075573443751e-04 to 2.3813075573443851e-04 seconds.
Warning: Simulation tolerance relaxed to achieve convergence from 2.3813075573445155e-04 to 2.3813075573445256e-04 seconds.
Warning: Simulation tolerance relaxed to achieve convergence from 2.3813075573445456e-04 to 2.3813075573445556e-04 seconds.
Warning: Simulation tolerance relaxed to achieve convergence from 2.3813075573447161e-04 to 2.3813075573447261e-04 seconds.
Warning: Simulation tolerance relaxed to achieve convergence from 2.3813075573449067e-04 to 2.3813075573449167e-04 seconds.
Warning: Simulation tolerance relaxed to achieve convergence from 2.3813075573449668e-04 to 2.3813075573449769e-04 seconds.
Warning: Simulation tolerance relaxed to achieve convergence from 2.3813075573449869e-04 to 2.3813075573449969e-04 seconds.
Warning: Simulation tolerance relaxed to achieve convergence from 2.3813075573450872e-04 to 2.3813075573450972e-04 seconds.
Warning: Simulation tolerance relaxed to achieve convergence from 2.3813075573452978e-04 to 2.3813075573453078e-04 seconds.
Warning: Simulation tolerance relaxed to achieve convergence from 2.3813075573454883e-04 to 2.3813075573454984e-04 seconds.
Warning: Simulation tolerance relaxed to achieve convergence from 2.3813075573456488e-04 to 2.3813075573456588e-04 seconds.
Warning: Simulation tolerance relaxed to achieve convergence from 2.3813075573456688e-04 to 2.3813075573456789e-04 seconds.
Warning: Simulation tolerance relaxed to achieve convergence from 2.3813075573457992e-04 to 2.3813075573458092e-04 seconds.
Warning: Simulation tolerance relaxed to achieve convergence from 2.3813075573458995e-04 to 2.3813075573459095e-04 seconds.
Warning: Simulation tolerance relaxed to achieve convergence from 2.3813075573459196e-04 to 2.3813075573459296e-04 seconds.
Warning: Simulation tolerance relaxed to achieve convergence from 2.3813075573459396e-04 to 2.3813075573459497e-04 seconds.
Warning: Simulation tolerance relaxed to achieve convergence from 2.3813075573460399e-04 to 2.3813075573460499e-04 seconds.
Warning: Simulation tolerance relaxed to achieve convergence from 2.3813075573460600e-04 to 2.3813075573460700e-04 seconds.
Warning: Simulation tolerance relaxed to achieve convergence from 2.3813075573463308e-04 to 2.3813075573463408e-04 seconds.
Warning: Simulation tolerance relaxed to achieve convergence from 2.3813075573465012e-04 to 2.3813075573465113e-04 seconds.
Warning: Simulation tolerance relaxed to achieve convergence from 2.3813075573465213e-04 to 2.3813075573465313e-04 seconds.
Warning: Simulation tolerance relaxed to achieve convergence from 2.3813075573465714e-04 to 2.3813075573465815e-04 seconds.
Warning: Simulation tolerance relaxed to achieve convergence from 2.3813075573467921e-04 to 2.3813075573468021e-04 seconds.
Warning: Simulation tolerance relaxed to achieve convergence from 2.3813075573469826e-04 to 2.3813075573469927e-04 seconds.
Warning: Simulation tolerance relaxed to achieve convergence from 2.3813075573470027e-04 to 2.3813075573470127e-04 seconds.
Warning: Simulation tolerance relaxed to achieve convergence from 2.3813075573471832e-04 to 2.3813075573471932e-04 seconds.
Warning: Simulation tolerance relaxed to achieve convergence from 2.3813075573475342e-04 to 2.3813075573475442e-04 seconds.
Warning: Simulation tolerance relaxed to achieve convergence from 2.3813075573475543e-04 to 2.3813075573475643e-04 seconds.
Warning: Simulation tolerance relaxed to achieve convergence from 2.3813075573476144e-04 to 2.3813075573476245e-04 seconds.
Warning: Simulation tolerance relaxed to achieve convergence from 2.3813075573477448e-04 to 2.3813075573477548e-04 seconds.
Warning: Simulation tolerance relaxed to achieve convergence from 2.3813075573479153e-04 to 2.3813075573479253e-04 seconds.
Warning: Simulation tolerance relaxed to achieve convergence from 2.3813075573479354e-04 to 2.3813075573479454e-04 seconds.
Warning: Simulation tolerance relaxed to achieve convergence from 2.3813075573481059e-04 to 2.3813075573481159e-04 seconds.
Warning: Simulation tolerance relaxed to achieve convergence from 2.3813075573481259e-04 to 2.3813075573481359e-04 seconds.
Warning: Simulation tolerance relaxed to achieve convergence from 2.3813075573483165e-04 to 2.3813075573483265e-04 seconds.
Warning: Simulation tolerance relaxed to achieve convergence from 2.3813075573483365e-04 to 2.3813075573483466e-04 seconds.
Warning: Simulation tolerance relaxed to achieve convergence from 2.3813075573484468e-04 to 2.3813075573484569e-04 seconds.
Warning: Simulation tolerance relaxed to achieve convergence from 2.3813075573486173e-04 to 2.3813075573486274e-04 seconds.
Warning: Simulation tolerance relaxed to achieve convergence from 2.3813075573486374e-04 to 2.3813075573486474e-04 seconds.
Warning: Simulation tolerance relaxed to achieve convergence from 2.3813075573489082e-04 to 2.3813075573489182e-04 seconds.
Warning: Simulation tolerance relaxed to achieve convergence from 2.3813075573490486e-04 to 2.3813075573490586e-04 seconds.
Warning: Simulation tolerance relaxed to achieve convergence from 2.3813075573492893e-04 to 2.3813075573492993e-04 seconds.
Warning: Simulation tolerance relaxed to achieve convergence from 2.3813075573494898e-04 to 2.3813075573494999e-04 seconds.
Warning: Simulation tolerance relaxed to achieve convergence from 2.3813075573495099e-04 to 2.3813075573495199e-04 seconds.
Warning: Simulation tolerance relaxed to achieve convergence from 2.3813075573497105e-04 to 2.3813075573497205e-04 seconds.
Warning: Simulation tolerance relaxed to achieve convergence from 2.3813075573497305e-04 to 2.3813075573497406e-04 seconds.
Warning: Simulation tolerance relaxed to achieve convergence from 2.3813075573498509e-04 to 2.3813075573498609e-04 seconds.
Warning: Simulation tolerance relaxed to achieve convergence from 2.3813075573499411e-04 to 2.3813075573499512e-04 seconds.
Warning: Simulation tolerance relaxed to achieve convergence from 2.3813075573501116e-04 to 2.3813075573501217e-04 seconds.
Warning: Simulation tolerance relaxed to achieve convergence from 2.3813075573501618e-04 to 2.3813075573501718e-04 seconds.
Warning: Simulation tolerance relaxed to achieve convergence from 2.3813075573503523e-04 to 2.3813075573503624e-04 seconds.
Warning: Simulation tolerance relaxed to achieve convergence from 2.3813075573505228e-04 to 2.3813075573505328e-04 seconds.
Warning: Simulation tolerance relaxed to achieve convergence from 2.3813075573510443e-04 to 2.3813075573510543e-04 seconds.
Warning: Simulation tolerance relaxed to achieve convergence from 2.3813075573510644e-04 to 2.3813075573510744e-04 seconds.
Warning: Simulation tolerance relaxed to achieve convergence from 2.3813075573512248e-04 to 2.3813075573512349e-04 seconds.
Warning: Simulation tolerance relaxed to achieve convergence from 2.3813075573512449e-04 to 2.3813075573512549e-04 seconds.
Warning: Simulation tolerance relaxed to achieve convergence from 2.3813075573516260e-04 to 2.3813075573516360e-04 seconds.
Warning: Simulation tolerance relaxed to achieve convergence from 2.3813075573516561e-04 to 2.3813075573516661e-04 seconds.
Warning: Simulation tolerance relaxed to achieve convergence from 2.3813075573516761e-04 to 2.3813075573516862e-04 seconds.
Warning: Simulation tolerance relaxed to achieve convergence from 2.3813075573517965e-04 to 2.3813075573518065e-04 seconds.
Warning: Simulation tolerance relaxed to achieve convergence from 2.3813075573521074e-04 to 2.3813075573521174e-04 seconds.
Warning: Simulation tolerance relaxed to achieve convergence from 2.3813075573525787e-04 to 2.3813075573525888e-04 seconds.
Warning: Simulation tolerance relaxed to achieve convergence from 2.3813075573526088e-04 to 2.3813075573526189e-04 seconds.
Warning: Simulation tolerance relaxed to achieve convergence from 2.3813075573527091e-04 to 2.3813075573527191e-04 seconds.
Warning: Simulation tolerance relaxed to achieve convergence from 2.3813075573529498e-04 to 2.3813075573529598e-04 seconds.
Warning: Simulation tolerance relaxed to achieve convergence from 2.3813075573529699e-04 to 2.3813075573529799e-04 seconds.
Warning: Simulation tolerance relaxed to achieve convergence from 2.3813075573532106e-04 to 2.3813075573532206e-04 seconds.
Warning: Simulation tolerance relaxed to achieve convergence from 2.3813075573532306e-04 to 2.3813075573532406e-04 seconds.
Warning: Simulation tolerance relaxed to achieve convergence from 2.3813075573534011e-04 to 2.3813075573534111e-04 seconds.
Warning: Simulation tolerance relaxed to achieve convergence from 2.3813075573536719e-04 to 2.3813075573536819e-04 seconds.
Warning: Simulation tolerance relaxed to achieve convergence from 2.3813075573536919e-04 to 2.3813075573537020e-04 seconds.
Warning: Simulation tolerance relaxed to achieve convergence from 2.3813075573538725e-04 to 2.3813075573538825e-04 seconds.
Warning: Simulation tolerance relaxed to achieve convergence from 2.3813075573538925e-04 to 2.3813075573539025e-04 seconds.
Warning: Simulation tolerance relaxed to achieve convergence from 2.3813075573541232e-04 to 2.3813075573541332e-04 seconds.
Warning: Simulation tolerance relaxed to achieve convergence from 2.3813075573543538e-04 to 2.3813075573543639e-04 seconds.
Warning: Simulation tolerance relaxed to achieve convergence from 2.3813075573543739e-04 to 2.3813075573543839e-04 seconds.
Warning: Simulation tolerance relaxed to achieve convergence from 2.3813075573545344e-04 to 2.3813075573545444e-04 seconds.
Warning: Simulation tolerance relaxed to achieve convergence from 2.3813075573545845e-04 to 2.3813075573545945e-04 seconds.
Warning: Simulation tolerance relaxed to achieve convergence from 2.3813075573548252e-04 to 2.3813075573548352e-04 seconds.
Warning: Simulation tolerance relaxed to achieve convergence from 2.3813075573548453e-04 to 2.3813075573548553e-04 seconds.
Warning: Simulation tolerance relaxed to achieve convergence from 2.3813075573550659e-04 to 2.3813075573550759e-04 seconds.
Warning: Simulation tolerance relaxed to achieve convergence from 2.3813075573552464e-04 to 2.3813075573552564e-04 seconds.
Warning: Simulation tolerance relaxed to achieve convergence from 2.3813075573552665e-04 to 2.3813075573552765e-04 seconds.
Warning: Simulation tolerance relaxed to achieve convergence from 2.3813075573553768e-04 to 2.3813075573553868e-04 seconds.
Warning: Simulation tolerance relaxed to achieve convergence from 2.3813075573554269e-04 to 2.3813075573554370e-04 seconds.
Warning: Simulation tolerance relaxed to achieve convergence from 2.3813075573554470e-04 to 2.3813075573554570e-04 seconds.
Warning: Simulation tolerance relaxed to achieve convergence from 2.3813075573556476e-04 to 2.3813075573556576e-04 seconds.
Warning: Simulation tolerance relaxed to achieve convergence from 2.3813075573556777e-04 to 2.3813075573556877e-04 seconds.
Warning: Simulation tolerance relaxed to achieve convergence from 2.3813075573556977e-04 to 2.3813075573557077e-04 seconds.
Warning: Simulation tolerance relaxed to achieve convergence from 2.3813075573557679e-04 to 2.3813075573557779e-04 seconds.
Warning: Simulation tolerance relaxed to achieve convergence from 2.3813075573557880e-04 to 2.3813075573557980e-04 seconds.
Warning: Simulation tolerance relaxed to achieve convergence from 2.3813075573558080e-04 to 2.3813075573558181e-04 seconds.
Warning: Simulation tolerance relaxed to achieve convergence from 2.3813075573560086e-04 to 2.3813075573560186e-04 seconds.
Warning: Simulation tolerance relaxed to achieve convergence from 2.3813075573561791e-04 to 2.3813075573561891e-04 seconds.
Warning: Simulation tolerance relaxed to achieve convergence from 2.3813075573561992e-04 to 2.3813075573562092e-04 seconds.
Warning: Simulation tolerance relaxed to achieve convergence from 2.3813075573563295e-04 to 2.3813075573563396e-04 seconds.
Warning: Simulation tolerance relaxed to achieve convergence from 2.3813075573563596e-04 to 2.3813075573563696e-04 seconds.
Warning: Simulation tolerance relaxed to achieve convergence from 2.3813075573567608e-04 to 2.3813075573567708e-04 seconds.
Warning: Simulation tolerance relaxed to achieve convergence from 2.3813075573568009e-04 to 2.3813075573568109e-04 seconds.
Warning: Simulation tolerance relaxed to achieve convergence from 2.3813075573570516e-04 to 2.3813075573570616e-04 seconds.
Warning: Simulation tolerance relaxed to achieve convergence from 2.3813075573570717e-04 to 2.3813075573570817e-04 seconds.
Warning: Simulation tolerance relaxed to achieve convergence from 2.3813075573572522e-04 to 2.3813075573572622e-04 seconds.
Warning: Simulation tolerance relaxed to achieve convergence from 2.3813075573572722e-04 to 2.3813075573572823e-04 seconds.
Warning: Simulation tolerance relaxed to achieve convergence from 2.3813075573574427e-04 to 2.3813075573574528e-04 seconds.
Warning: Simulation tolerance relaxed to achieve convergence from 2.3813075573576533e-04 to 2.3813075573576634e-04 seconds.
Warning: Simulation tolerance relaxed to achieve convergence from 2.3813075573578238e-04 to 2.3813075573578339e-04 seconds.
Warning: Simulation tolerance relaxed to achieve convergence from 2.3813075573580144e-04 to 2.3813075573580244e-04 seconds.
Warning: Simulation tolerance relaxed to achieve convergence from 2.3813075573580846e-04 to 2.3813075573580946e-04 seconds.
Warning: Simulation tolerance relaxed to achieve convergence from 2.3813075573581648e-04 to 2.3813075573581748e-04 seconds.
Warning: Simulation tolerance relaxed to achieve convergence from 2.3813075573583152e-04 to 2.3813075573583253e-04 seconds.
Warning: Simulation tolerance relaxed to achieve convergence from 2.3813075573583353e-04 to 2.3813075573583453e-04 seconds.
Warning: Simulation tolerance relaxed to achieve convergence from 2.3813075573585158e-04 to 2.3813075573585259e-04 seconds.
Warning: Simulation tolerance relaxed to achieve convergence from 2.3813075573585359e-04 to 2.3813075573585459e-04 seconds.
Warning: Simulation tolerance relaxed to achieve convergence from 2.3813075573590373e-04 to 2.3813075573590474e-04 seconds.
Warning: Simulation tolerance relaxed to achieve convergence from 2.3813075573590574e-04 to 2.3813075573590674e-04 seconds.
Warning: Simulation tolerance relaxed to achieve convergence from 2.3813075573592580e-04 to 2.3813075573592680e-04 seconds.
Warning: Simulation tolerance relaxed to achieve convergence from 2.3813075573595889e-04 to 2.3813075573595989e-04 seconds.
Warning: Simulation tolerance relaxed to achieve convergence from 2.3813075573596090e-04 to 2.3813075573596190e-04 seconds.
Warning: Simulation tolerance relaxed to achieve convergence from 2.3813075573599399e-04 to 2.3813075573599500e-04 seconds.
Warning: Simulation tolerance relaxed to achieve convergence from 2.3813075573599600e-04 to 2.3813075573599700e-04 seconds.
Warning: Simulation tolerance relaxed to achieve convergence from 2.3813075573601806e-04 to 2.3813075573601906e-04 seconds.
Warning: Simulation tolerance relaxed to achieve convergence from 2.3813075573605617e-04 to 2.3813075573605717e-04 seconds.
Warning: Simulation tolerance relaxed to achieve convergence from 2.3813075573605918e-04 to 2.3813075573606018e-04 seconds.
Warning: Simulation tolerance relaxed to achieve convergence from 2.3813075573606821e-04 to 2.3813075573606921e-04 seconds.
Warning: Simulation tolerance relaxed to achieve convergence from 2.3813075573608124e-04 to 2.3813075573608225e-04 seconds.
Warning: Simulation tolerance relaxed to achieve convergence from 2.3813075573608425e-04 to 2.3813075573608526e-04 seconds.
Warning: Simulation tolerance relaxed to achieve convergence from 2.3813075573610230e-04 to 2.3813075573610331e-04 seconds.
Warning: Simulation tolerance relaxed to achieve convergence from 2.3813075573610632e-04 to 2.3813075573610732e-04 seconds.
Warning: Simulation tolerance relaxed to achieve convergence from 2.3813075573610832e-04 to 2.3813075573610932e-04 seconds.
Warning: Simulation tolerance relaxed to achieve convergence from 2.3813075573612236e-04 to 2.3813075573612337e-04 seconds.
Warning: Simulation tolerance relaxed to achieve convergence from 2.3813075573614142e-04 to 2.3813075573614242e-04 seconds.
Warning: Simulation tolerance relaxed to achieve convergence from 2.3813075573614342e-04 to 2.3813075573614443e-04 seconds.
Warning: Simulation tolerance relaxed to achieve convergence from 2.3813075573615044e-04 to 2.3813075573615145e-04 seconds.
Warning: Simulation tolerance relaxed to achieve convergence from 2.3813075573615746e-04 to 2.3813075573615847e-04 seconds.
Warning: Simulation tolerance relaxed to achieve convergence from 2.3813075573616147e-04 to 2.3813075573616248e-04 seconds.
Warning: Simulation tolerance relaxed to achieve convergence from 2.3813075573619256e-04 to 2.3813075573619357e-04 seconds.
Warning: Simulation tolerance relaxed to achieve convergence from 2.3813075573621262e-04 to 2.3813075573621362e-04 seconds.
Warning: Simulation tolerance relaxed to achieve convergence from 2.3813075573623569e-04 to 2.3813075573623669e-04 seconds.
Warning: Simulation tolerance relaxed to achieve convergence from 2.3813075573626979e-04 to 2.3813075573627079e-04 seconds.
Warning: Simulation tolerance relaxed to achieve convergence from 2.3813075573627480e-04 to 2.3813075573627580e-04 seconds.
Warning: Simulation tolerance relaxed to achieve convergence from 2.3813075573629887e-04 to 2.3813075573629987e-04 seconds.
Warning: Simulation tolerance relaxed to achieve convergence from 2.3813075573633497e-04 to 2.3813075573633598e-04 seconds.
Warning: Simulation tolerance relaxed to achieve convergence from 2.3813075573635904e-04 to 2.3813075573635904e-04 seconds.

Simulation stopped by user.
Total elapsed time: 511.745 seconds.

Files loaded:
C:\Users\Guo_JT\Documents\LTspice\Draft4.net
C:\Users\Guo_JT\AppData\Local\LTspice\lib\cmp\standard.dio
C:\Users\Guo_JT\AppData\Local\LTspice\lib\cmp\standard.mos
C:\Users\Guo_JT\Documents\LTspice\LM5116_TRANS.LIB
C:\Users\Guo_JT\AppData\Local\LTspice\lib\sub\LTC.lib

